--
-- PostgreSQL database dump
--

\restrict vdhDRKz0uQ4X1Q3TCYhRglmuYgl8jcKc55VpK6S3SLfM9l3jBMBwrxdLcqGOV09

-- Dumped from database version 16.11 (Homebrew)
-- Dumped by pg_dump version 16.11 (Homebrew)

SET statement_timeout = 0;
SET lock_timeout = 0;
SET idle_in_transaction_session_timeout = 0;
SET client_encoding = 'UTF8';
SET standard_conforming_strings = on;
SELECT pg_catalog.set_config('search_path', '', false);
SET check_function_bodies = false;
SET xmloption = content;
SET client_min_messages = warning;
SET row_security = off;

--
-- Name: public; Type: SCHEMA; Schema: -; Owner: shayanfahimi
--

-- *not* creating schema, since initdb creates it


ALTER SCHEMA public OWNER TO shayanfahimi;

--
-- Name: SCHEMA public; Type: COMMENT; Schema: -; Owner: shayanfahimi
--

COMMENT ON SCHEMA public IS '';


--
-- Name: asseteventtype; Type: TYPE; Schema: public; Owner: shayanfahimi
--

CREATE TYPE public.asseteventtype AS ENUM (
    'CREATED',
    'UPDATED',
    'ACTIVATED',
    'ARCHIVED',
    'GENERATED',
    'DELETED'
);


ALTER TYPE public.asseteventtype OWNER TO shayanfahimi;

SET default_tablespace = '';

SET default_table_access_method = heap;

--
-- Name: asset_events; Type: TABLE; Schema: public; Owner: shayanfahimi
--

CREATE TABLE public.asset_events (
    id integer NOT NULL,
    asset_id integer NOT NULL,
    tenant_id integer NOT NULL,
    event_type public.asseteventtype NOT NULL,
    user_id integer NOT NULL,
    user_role character varying NOT NULL,
    geolocation jsonb,
    created_at timestamp without time zone NOT NULL
);


ALTER TABLE public.asset_events OWNER TO shayanfahimi;

--
-- Name: asset_events_id_seq; Type: SEQUENCE; Schema: public; Owner: shayanfahimi
--

CREATE SEQUENCE public.asset_events_id_seq
    AS integer
    START WITH 1
    INCREMENT BY 1
    NO MINVALUE
    NO MAXVALUE
    CACHE 1;


ALTER SEQUENCE public.asset_events_id_seq OWNER TO shayanfahimi;

--
-- Name: asset_events_id_seq; Type: SEQUENCE OWNED BY; Schema: public; Owner: shayanfahimi
--

ALTER SEQUENCE public.asset_events_id_seq OWNED BY public.asset_events.id;


--
-- Name: assets; Type: TABLE; Schema: public; Owner: shayanfahimi
--

CREATE TABLE public.assets (
    id integer NOT NULL,
    asset_token character varying NOT NULL,
    serial_number character varying,
    tenant_id integer NOT NULL,
    department_id integer,
    attributes jsonb NOT NULL,
    created_at timestamp without time zone,
    asset_name character varying,
    city character varying,
    building character varying,
    floor character varying,
    room character varying,
    street character varying,
    locality character varying,
    postal_code character varying,
    latitude double precision,
    longitude double precision,
    image_url character varying,
    valid_till timestamp without time zone,
    is_deleted boolean NOT NULL
);


ALTER TABLE public.assets OWNER TO shayanfahimi;

--
-- Name: assets_id_seq; Type: SEQUENCE; Schema: public; Owner: shayanfahimi
--

CREATE SEQUENCE public.assets_id_seq
    AS integer
    START WITH 1
    INCREMENT BY 1
    NO MINVALUE
    NO MAXVALUE
    CACHE 1;


ALTER SEQUENCE public.assets_id_seq OWNER TO shayanfahimi;

--
-- Name: assets_id_seq; Type: SEQUENCE OWNED BY; Schema: public; Owner: shayanfahimi
--

ALTER SEQUENCE public.assets_id_seq OWNED BY public.assets.id;


--
-- Name: department_field_definitions; Type: TABLE; Schema: public; Owner: shayanfahimi
--

CREATE TABLE public.department_field_definitions (
    id integer NOT NULL,
    department_id integer NOT NULL,
    field_key character varying NOT NULL,
    label character varying NOT NULL,
    field_type character varying NOT NULL,
    required boolean NOT NULL,
    visible_when_blank boolean NOT NULL,
    editable_by_roles jsonb NOT NULL,
    display_order integer NOT NULL,
    created_at timestamp without time zone NOT NULL
);


ALTER TABLE public.department_field_definitions OWNER TO shayanfahimi;

--
-- Name: department_field_definitions_id_seq; Type: SEQUENCE; Schema: public; Owner: shayanfahimi
--

CREATE SEQUENCE public.department_field_definitions_id_seq
    AS integer
    START WITH 1
    INCREMENT BY 1
    NO MINVALUE
    NO MAXVALUE
    CACHE 1;


ALTER SEQUENCE public.department_field_definitions_id_seq OWNER TO shayanfahimi;

--
-- Name: department_field_definitions_id_seq; Type: SEQUENCE OWNED BY; Schema: public; Owner: shayanfahimi
--

ALTER SEQUENCE public.department_field_definitions_id_seq OWNED BY public.department_field_definitions.id;


--
-- Name: departments; Type: TABLE; Schema: public; Owner: shayanfahimi
--

CREATE TABLE public.departments (
    id integer NOT NULL,
    tenant_id integer NOT NULL,
    name character varying NOT NULL,
    code character varying NOT NULL,
    created_at timestamp without time zone NOT NULL
);


ALTER TABLE public.departments OWNER TO shayanfahimi;

--
-- Name: departments_id_seq; Type: SEQUENCE; Schema: public; Owner: shayanfahimi
--

CREATE SEQUENCE public.departments_id_seq
    AS integer
    START WITH 1
    INCREMENT BY 1
    NO MINVALUE
    NO MAXVALUE
    CACHE 1;


ALTER SEQUENCE public.departments_id_seq OWNER TO shayanfahimi;

--
-- Name: departments_id_seq; Type: SEQUENCE OWNED BY; Schema: public; Owner: shayanfahimi
--

ALTER SEQUENCE public.departments_id_seq OWNED BY public.departments.id;


--
-- Name: role_types; Type: TABLE; Schema: public; Owner: shayanfahimi
--

CREATE TABLE public.role_types (
    id integer NOT NULL,
    tenant_id integer NOT NULL,
    name character varying NOT NULL,
    permissions jsonb NOT NULL,
    is_system boolean NOT NULL,
    created_at timestamp without time zone NOT NULL
);


ALTER TABLE public.role_types OWNER TO shayanfahimi;

--
-- Name: role_types_id_seq; Type: SEQUENCE; Schema: public; Owner: shayanfahimi
--

CREATE SEQUENCE public.role_types_id_seq
    AS integer
    START WITH 1
    INCREMENT BY 1
    NO MINVALUE
    NO MAXVALUE
    CACHE 1;


ALTER SEQUENCE public.role_types_id_seq OWNER TO shayanfahimi;

--
-- Name: role_types_id_seq; Type: SEQUENCE OWNED BY; Schema: public; Owner: shayanfahimi
--

ALTER SEQUENCE public.role_types_id_seq OWNED BY public.role_types.id;


--
-- Name: tenants; Type: TABLE; Schema: public; Owner: shayanfahimi
--

CREATE TABLE public.tenants (
    id integer NOT NULL,
    name character varying NOT NULL,
    code character varying NOT NULL,
    serial_counter integer NOT NULL,
    smtp_host character varying,
    smtp_port integer,
    smtp_user character varying,
    smtp_pass character varying,
    smtp_from_address character varying,
    smtp_from_name character varying,
    smtp_encryption character varying,
    app_url character varying,
    created_at timestamp without time zone NOT NULL,
    initial_admin_password character varying,
    imap_host character varying,
    imap_port integer,
    imap_user character varying,
    imap_pass character varying,
    imap_encryption character varying DEFAULT 'ssl'::character varying
);


ALTER TABLE public.tenants OWNER TO shayanfahimi;

--
-- Name: tenants_id_seq; Type: SEQUENCE; Schema: public; Owner: shayanfahimi
--

CREATE SEQUENCE public.tenants_id_seq
    AS integer
    START WITH 1
    INCREMENT BY 1
    NO MINVALUE
    NO MAXVALUE
    CACHE 1;


ALTER SEQUENCE public.tenants_id_seq OWNER TO shayanfahimi;

--
-- Name: tenants_id_seq; Type: SEQUENCE OWNED BY; Schema: public; Owner: shayanfahimi
--

ALTER SEQUENCE public.tenants_id_seq OWNED BY public.tenants.id;


--
-- Name: users; Type: TABLE; Schema: public; Owner: shayanfahimi
--

CREATE TABLE public.users (
    id integer NOT NULL,
    tenant_id integer NOT NULL,
    role_type_id integer NOT NULL,
    full_name character varying NOT NULL,
    username character varying NOT NULL,
    email character varying NOT NULL,
    password_hash character varying NOT NULL,
    is_active boolean NOT NULL,
    is_superadmin boolean NOT NULL,
    failed_login_attempts integer NOT NULL,
    profile_picture character varying,
    created_at timestamp without time zone NOT NULL
);


ALTER TABLE public.users OWNER TO shayanfahimi;

--
-- Name: users_id_seq; Type: SEQUENCE; Schema: public; Owner: shayanfahimi
--

CREATE SEQUENCE public.users_id_seq
    AS integer
    START WITH 1
    INCREMENT BY 1
    NO MINVALUE
    NO MAXVALUE
    CACHE 1;


ALTER SEQUENCE public.users_id_seq OWNER TO shayanfahimi;

--
-- Name: users_id_seq; Type: SEQUENCE OWNED BY; Schema: public; Owner: shayanfahimi
--

ALTER SEQUENCE public.users_id_seq OWNED BY public.users.id;


--
-- Name: asset_events id; Type: DEFAULT; Schema: public; Owner: shayanfahimi
--

ALTER TABLE ONLY public.asset_events ALTER COLUMN id SET DEFAULT nextval('public.asset_events_id_seq'::regclass);


--
-- Name: assets id; Type: DEFAULT; Schema: public; Owner: shayanfahimi
--

ALTER TABLE ONLY public.assets ALTER COLUMN id SET DEFAULT nextval('public.assets_id_seq'::regclass);


--
-- Name: department_field_definitions id; Type: DEFAULT; Schema: public; Owner: shayanfahimi
--

ALTER TABLE ONLY public.department_field_definitions ALTER COLUMN id SET DEFAULT nextval('public.department_field_definitions_id_seq'::regclass);


--
-- Name: departments id; Type: DEFAULT; Schema: public; Owner: shayanfahimi
--

ALTER TABLE ONLY public.departments ALTER COLUMN id SET DEFAULT nextval('public.departments_id_seq'::regclass);


--
-- Name: role_types id; Type: DEFAULT; Schema: public; Owner: shayanfahimi
--

ALTER TABLE ONLY public.role_types ALTER COLUMN id SET DEFAULT nextval('public.role_types_id_seq'::regclass);


--
-- Name: tenants id; Type: DEFAULT; Schema: public; Owner: shayanfahimi
--

ALTER TABLE ONLY public.tenants ALTER COLUMN id SET DEFAULT nextval('public.tenants_id_seq'::regclass);


--
-- Name: users id; Type: DEFAULT; Schema: public; Owner: shayanfahimi
--

ALTER TABLE ONLY public.users ALTER COLUMN id SET DEFAULT nextval('public.users_id_seq'::regclass);


--
-- Data for Name: asset_events; Type: TABLE DATA; Schema: public; Owner: shayanfahimi
--

COPY public.asset_events (id, asset_id, tenant_id, event_type, user_id, user_role, geolocation, created_at) FROM stdin;
1	1	1	CREATED	1	Admin	null	2026-03-05 17:04:07.989405
2	2	1	CREATED	1	Admin	null	2026-03-05 17:04:08.00361
3	3	1	CREATED	1	Admin	null	2026-03-05 17:04:08.014917
4	4	1	CREATED	1	Admin	null	2026-03-05 17:04:08.025224
5	5	1	CREATED	1	Admin	null	2026-03-05 17:04:08.03494
6	6	1	CREATED	1	Admin	null	2026-03-05 17:04:08.04497
7	7	1	CREATED	1	Admin	null	2026-03-05 17:04:08.055055
8	8	1	CREATED	1	Admin	null	2026-03-05 17:04:08.064809
9	9	1	CREATED	1	Admin	null	2026-03-05 17:04:08.074442
10	10	1	CREATED	1	Admin	null	2026-03-05 17:04:08.08409
11	10	1	DELETED	1	Admin	{"lat": 24.123, "lng": 46.123}	2026-03-05 17:04:08.124901
12	11	2	CREATED	3	Admin	null	2026-03-05 17:04:10.005731
13	12	1	CREATED	1	Admin	null	2026-03-05 17:08:27.432216
14	12	1	DELETED	1	Admin	{"lat": 24.664591522566578, "lng": 46.707679337107905}	2026-03-05 17:43:35.471152
15	13	1	CREATED	1	Admin	null	2026-03-05 17:43:52.528595
16	14	1	CREATED	1	Admin	null	2026-03-05 18:42:36.220419
17	15	1	CREATED	1	Admin	null	2026-03-08 15:15:55.994395
18	16	1	CREATED	1	Admin	null	2026-03-08 16:27:55.273589
\.


--
-- Data for Name: assets; Type: TABLE DATA; Schema: public; Owner: shayanfahimi
--

COPY public.assets (id, asset_token, serial_number, tenant_id, department_id, attributes, created_at, asset_name, city, building, floor, room, street, locality, postal_code, latitude, longitude, image_url, valid_till, is_deleted) FROM stdin;
1	QR-TEST-8f6d2521	\N	1	2	{"field_a": "Value A 0", "project_name": "Project Alpha"}	2026-03-05 17:04:07.986937	Test Asset 0	TEST CITY	TEST BUILDING	\N	\N	\N	\N	\N	24.123	46.123	data:image/jpeg;base64,ZHVtbXlfaW1hZ2VfZGF0YQ==	\N	f
2	QR-TEST-04fddb1c	\N	1	3	{"field_b": "Value B 1", "project_name": "Project Beta"}	2026-03-05 17:04:08.00267	Test Asset 1	TEST CITY	TEST BUILDING	\N	\N	\N	\N	\N	24.123	46.123	data:image/jpeg;base64,ZHVtbXlfaW1hZ2VfZGF0YQ==	\N	f
3	QR-TEST-16076ff4	\N	1	4	{"field_c": "Value C 2", "project_name": "Project Alpha"}	2026-03-05 17:04:08.01409	Test Asset 2	TEST CITY	TEST BUILDING	\N	\N	\N	\N	\N	24.123	46.123	data:image/jpeg;base64,ZHVtbXlfaW1hZ2VfZGF0YQ==	\N	f
4	QR-TEST-0dd6a42c	\N	1	2	{"field_a": "Value A 3", "project_name": "Project Beta"}	2026-03-05 17:04:08.024635	Test Asset 3	TEST CITY	TEST BUILDING	\N	\N	\N	\N	\N	24.123	46.123	data:image/jpeg;base64,ZHVtbXlfaW1hZ2VfZGF0YQ==	\N	f
5	QR-TEST-97bc6e0b	\N	1	3	{"field_b": "Value B 4", "project_name": "Project Alpha"}	2026-03-05 17:04:08.034372	Test Asset 4	TEST CITY	TEST BUILDING	\N	\N	\N	\N	\N	24.123	46.123	data:image/jpeg;base64,ZHVtbXlfaW1hZ2VfZGF0YQ==	\N	f
6	QR-TEST-68c564a4	\N	1	4	{"field_c": "Value C 5", "project_name": "Project Beta"}	2026-03-05 17:04:08.044338	Test Asset 5	TEST CITY	TEST BUILDING	\N	\N	\N	\N	\N	24.123	46.123	data:image/jpeg;base64,ZHVtbXlfaW1hZ2VfZGF0YQ==	\N	f
7	QR-TEST-b3b1218a	\N	1	2	{"field_a": "Value A 6", "project_name": "Project Alpha"}	2026-03-05 17:04:08.05459	Test Asset 6	TEST CITY	TEST BUILDING	\N	\N	\N	\N	\N	24.123	46.123	data:image/jpeg;base64,ZHVtbXlfaW1hZ2VfZGF0YQ==	\N	f
8	QR-TEST-4eb004e3	\N	1	3	{"field_b": "Value B 7", "project_name": "Project Beta"}	2026-03-05 17:04:08.064312	Test Asset 7	TEST CITY	TEST BUILDING	\N	\N	\N	\N	\N	24.123	46.123	data:image/jpeg;base64,ZHVtbXlfaW1hZ2VfZGF0YQ==	\N	f
10	QR-TEST-7e443ef9	\N	1	2	{"field_a": "Value A 9", "project_name": "Project Beta"}	2026-03-05 17:04:08.0836	Test Asset 9	TEST CITY	TEST BUILDING	\N	\N	\N	\N	\N	24.123	46.123	data:image/jpeg;base64,ZHVtbXlfaW1hZ2VfZGF0YQ==	\N	t
11	QR-NTC-59a66e04	\N	2	7	{"t_field_1": "Custom Value 1", "t_field_2": 42, "project_name": "Tenant Project Alpha"}	2026-03-05 17:04:10.005055	Tenant Asset 1	TENANT CITY	\N	\N	\N	\N	\N	\N	\N	\N	\N	\N	f
12	2a27a808f22744e7befd4b099f803c80	\N	1	3	{"field_b": "", "project_name": "Project Alpha"}	2026-03-05 17:08:27.429106	Test Asset 4	RIYADH	TEST BUILDING			Al Ami Ibn Turki Ibn Abdul Azizr Faida	Al Murabba`	12612	24.664591522566578	46.707679337107905	\N	\N	t
9	QR-TEST-29971c92	\N	1	4	{"field_c": "Value C 8", "project_name": "Project Alpha"}	2026-03-05 17:04:08.073927	Test Asset 8	RIYADH	TEST BUILDING			Al Ami Ibn Turki Ibn Abdul Azizr Faida	Al Murabba`	12612	24.664591699044824	46.70763658223901	data:image/jpeg;base64,/9j/4AAQSkZJRgABAQAAAQABAAD/4gHYSUNDX1BST0ZJTEUAAQEAAAHIAAAAAAQwAABtbnRyUkdCIFhZWiAH4AABAAEAAAAAAABhY3NwAAAAAAAAAAAAAAAAAAAAAAAAAAAAAAAAAAAAAQAA9tYAAQAAAADTLQAAAAAAAAAAAAAAAAAAAAAAAAAAAAAAAAAAAAAAAAAAAAAAAAAAAAAAAAAAAAAAAAAAAAlkZXNjAAAA8AAAACRyWFlaAAABFAAAABRnWFlaAAABKAAAABRiWFlaAAABPAAAABR3dHB0AAABUAAAABRyVFJDAAABZAAAAChnVFJDAAABZAAAAChiVFJDAAABZAAAAChjcHJ0AAABjAAAADxtbHVjAAAAAAAAAAEAAAAMZW5VUwAAAAgAAAAcAHMAUgBHAEJYWVogAAAAAAAAb6IAADj1AAADkFhZWiAAAAAAAABimQAAt4UAABjaWFlaIAAAAAAAACSgAAAPhAAAts9YWVogAAAAAAAA9tYAAQAAAADTLXBhcmEAAAAAAAQAAAACZmYAAPKnAAANWQAAE9AAAApbAAAAAAAAAABtbHVjAAAAAAAAAAEAAAAMZW5VUwAAACAAAAAcAEcAbwBvAGcAbABlACAASQBuAGMALgAgADIAMAAxADb/2wBDAAEBAQEBAQEBAQEBAQEBAQEBAQEBAQEBAQEBAQEBAQEBAQEBAQEBAQEBAQEBAQEBAQEBAQEBAQEBAQEBAQEBAQH/2wBDAQEBAQEBAQEBAQEBAQEBAQEBAQEBAQEBAQEBAQEBAQEBAQEBAQEBAQEBAQEBAQEBAQEBAQEBAQEBAQEBAQEBAQH/wAARCADhAOEDAREAAhEBAxEB/8QAHwAAAAcBAQEBAQAAAAAAAAAAAAQFBgcICQoDAgEL/8QAZRAAAAMEBAkIBAoECAkICwAAAQUGAAIHEQMVITEECBYlQVFhcfASNYGRobHB0RQXJkUJEzI2VWV1guHxInaFtRg3QkZWZpLSJCdXWHeGlaW2NERUYmSWwtU4UmdydIeXsrji5v/EAB0BAAEEAwEBAAAAAAAAAAAAAAAEBQYHAQIDCAn/xABIEQABAgQEAwUGAwUHAgYCAwABAhEAAyExBBJBUQVhcQYigZGxEzKhwdHwB0LhFDNScvEVIzRigpKyCMIWJENTotIlczWDs//aAAwDAQACEQMRAD8A14b6ER53gMQQGIIDEEBiCAxBAbj75JABFNQfu0a0WCAdtDvAYOJGGQolgQlV6nU0FrdekZThVLUADUqSLHcWuNQH09cZokR2TsSVtGXGyUaENI0wExRHlUVQCguLwOk8WopwsNwCKMbTflOugaksNBKTYgg+QDSPOCq0merIeQLiV5dEdtMceIpmIFQCoBku7O5oSC4oKOCKd1jF1djcCnhxlzFAggZixJpsAz5rmhUC4YA0iz8SMfWIFybqr/ZVtvNY7J9MtVrVBJ7PrmzXCSylOSOp9OXxi4JnaGXIlJymqQDo5YMwN6U6Uitxljs4yBlblaJUOqqiru0br2c5/ZSYtADGz12bqDW2lqQnw34m4iWtmJAOXy3ofHcm8NVZ4/cf4cw6Xq1efdXZol0sqTMrLXil4qdNDQrKpFZW8BI6++IOzF4QcdeeGX6LojIBjOM7GTiVkIUSElTakgOka9HJY7xJ8L+K89koILHu6AkWo9N706RdaG+OIYSzkraqNbzYpNuaq1nbM14HpmzFg8JxHhc0rMlYCFFqGwPMO7U123h7xuM4fxaWwmoJmAEhx+YObkan58w7oqwrxT8aLOUbIaVUv/dUaYTmvq9X5Rf/ADqR/PNzT7h/4k4vhgRKUk5UqSkuGLEgFgzhhfW9YgXEPw3wnEiqalQeqgQauz2BJc60tvEbeqvHggAW1lBNeFWP5BYqAJoBWVVD3GTKCr6qNfm+sOgNuprj7P8A4k8NxipaFzkJJZ+8KFrG1Kt4msU52h7BcTlJXkkrKU5srJJcCg02Fx0BaHtCvHZgfEhShDcyw81hXFS81hXFkq9Xq/suqquPZ5YXy9mhvtm1mSl8L4qgTUzkEsFJZQ/KaWI16U2is5mA4pgFlKpKwAoj3TTQgsHtTSjXi2jOf7RNAAQD3QAwrYbO+1KU2jZcqSpLqLECthXXXehBA8Ggu3AzsYSGQS5u3gzfT4aoFYTCqLkgEVFQajS4p8aQGchYPdg8aigA2gNmCAxBAYggMQQGIIDEKIDEEBiCAxBAYghYYhvcC5aC7DgXLQQGIIDEEBiCA2FWPQ+kYNi20BufDx7TNmsCb0pVqEi9tPCNcP7xCqGgrStH9SH9da543i7UcO8XGKiiQuGPl0QDQoLoXwsdo3XnngihGMyK4WQwfkAPC67RrZTltJSPiAuuOOvPvCDroi0Z7S4r9nSpKVgO6RVw5oBcfHdtYlGBwyZikEArylKiEXypZamLKYBKTVqAEkMDFFDXBCGAsJ0vDtGvPFpcg0uWINMPviLz75aVlQlbxy88I8p5954RF54RmIiIiMxEWqheETNJKiKkkChDHSpHp6xZUnFKlpTlzA5QCWJJoLk6nU1ipFN8njWDI1Jl4Y+6KFiQLeDVHLeFgmLnCpLA1Bp5Bn8/pH76OGoeofNlQxKSzgWo40PkAD4dIwU4dB9zxd/Cxb+jwdboPZKNUjKPe6eI5GOZxEoe6GIt3W6Ntyp4R5+k7eP7LJMdheHTkFIlJNKnLy26feoW4HFcQkrCvaqCXBAzaPQGt7fTSJISETFiiebcPzVPmr3VPX3zEfBoBxDs1hZ5Xll1UCHAINRTbofCpif8P7R4uQEBUyoIqSCG/N5gaOG6Rb6G+NCX3GVapQ1+lSmdVaONtmmbVtP7N8T4KtU5E2YQFFQAJ3ejGwDfAk1MWPI4xwvictKZiJZJSAQQBVq6b1pbZyRFoVgawPxok3k3jIQ0SsaUqHNRr/Ooo+tipVE/tATnXdqvaR8I7bcY4cUIUuayCHd6hJ2poCDsKHaI7xfsrwjGBSkS5YK0qZmuoFrX0fqWa0QVgeLZjIQTCssSePBVH6Ff+avjNG1UKooKhvKUBGn/AGr85Wurgf4tSMTMly5qkiiUklYSHAAN9XHKoilOMfhZPw4XMluQokgJqySXFjQVABo/WsOSHuOXD9SLb1SxaIVVi2Rp/wAlcbirJM1Nx/qAqp+r9Yf6tKlry4L2o4ZjZIVnkklJH7xAIJGlXvvvrWKh4r2Wx2CmqDLABtlVpXy5vytFvmcjMlqJKVoLkkAKBoTTWGrItNClVKVBvAbaMQGHAuWggNhxuPMRljsfIwGHAuQPGMMTYPAYcbjzEZY7HygNmO8F2IIDEEBiCDDEERbi+R+h/jIQ3K4kInD81Gs61KveqRNfepSa7OjrZnwHFZc0gBQL2/W9DdqV8o14jw2bKGZiGq2m36cvOJiZfiV52IdiXJF/DfTTdqGEWEVkKgqpo7ud38mHO5gMoTYdB6R3gu2YIMMQQGIIDElaQhdasQ43d9K2jhjSCoZQxOwY/luR43MUpxxcOAyUmLaifThtimqoqKkqszsloVwoVdVDIQmIetZfQsUIAEuaJzsk1T9r5xM0VIGZruWe1DS4AcEMCwBIImvZnDlSAVAqNCHdhUGoIL0JDBqkKdgUmhcbDSslJVv0UVaPrXT2atN7REISw7+m5/8AtE+C2DZbU2tyanSIRY9kgkOQai5f1J+cHtCLBvGFSg0fcZyGBlsKkbh0ivnHD2y+XlHo2TgZbHvH/cPkYx7VTuyfIPHn6Ns4/tMjMpIJBKaEi5hSMTQUTbdoJtqZCCCGRUNeNhii4qL6KL+FbwGZsVw32gLpBvQh3GlDbT5CHvC8SKCnvECjEKPJ3HqwYEdYeCbXCgTczItw+qbtuqwZ9F+sQaLYrgHtMwCEuoGyQbuBb71G0SjC8dAy5lkimZ1aa6g2AFbRbRB40MrFJgFVfWpT4lU+8LtjQHHdjp+GWZqc6RmKmSVCr8vFqeUT3B8U4bikJSuakuACCXqwvpS9XaLnnCxhfH5E5ExsQaAj9Cs1HmlWFVbCUB9VGs8oCeQdGhu3D+J4nhKkpVNnDIpL/wB4uwNdeR+NjHLiHZHhvFkKXLVKUSksMqakgsNavyiJS3FeijDfOWIrjLVqlf8ANsxsDU1VhVZ7pQEaf4wEfP8ArLlXIBuk1w8K/EbBpUhMye7JTmJmK0YWL+I1+MUxxT8NMdJ9oUSCQ6iCEitVMQwPI1enwM4bjNRAhuWyxosVqP0K7/apJpU1jdCs30jVS/huQqipyX9ZUslLdUms7hn4icJVLSDPQCWFTu2hsxv8y8VdxLshxWRMU2HWweyCzDwFvFtYW0fjs4p62MhLU3jDwrrW32VyqKyk2/apUccz6b7r2ksrtFwqea4hHeY+8wqH3by53iNTeFcXkA/3CmDl8r2oC9zza0WQLTUvMhCrcPKjXaUm1b+W3tmzpKn8KnMRiEUsy3Ojfm18drw2TJ/FZRynDrOlEEN8GtXX6qbOCpEqf+7mAvRwq4v5no943TiJ0g95BD3cXtWtRveC7J/2QyTexp0JHUeHMONYUpxRmszA67i5a1vvlAZXCqAxBAYggMQQGIww2HkI5CsTPGhUGKXFoqUmdfVWqs1RASv1V9LfbSa0jsvFqJ7O8XmLmgLUwJA7xy/rY36+FidoeHS0y1GWAqhqlj4d06+V6tHXmm1Gn1smypSJvDwNSo1Kq1KjWc63KjULejZ+DW9hJntkIIIU7VBB22cPf7EVDiAZM8jKpNbkFIFW1G39YUvj9nZ+LPEKhUDoIDEZgUGnp8GIIDYVY9D6QQYZvlLORYrY2etTXlu+3xTTXUtIbVq61F33jPvGQoKyxoYV22FeLZH6qr5e1UWMWYDSy27JUql9sDovqXthNaYpyzE1N72rXQas9NYt3shhQqUmlwCajYgHwcip11cxnREhRl5aZKtSKTDyoqKio2NQNTU2zSVFBUU7NvVvavVcXCKKYNTvBn01IiejhBV7oB5Bj83ivFNHaH9WmpkW+sA0SpUVZVZVFMK1+bJWq6pratsqqiyfAlqKX86dQXtqONIuFI3cEefvRseCTGLy1M38OnnBdLR2IFqnBUaKSUU1WlTUDMa1KIWKl4M2GoFRpMXREAEDwQAXR/SB6YPADwCAdB2rantRSnvAWpRxalOUJjwWp/ulGprkuxZ/d/rcUhNKMZlAGImtW4BFOZWaAljWUF4pPVQalchNSk2qZDZmOwA2tdG0JSEAFgdrMxb2muUhwDtRwH6inOAcFJ/9FdN5ZHqmo5inOHZ/CMg/zaZK3JU151qpWlRqkzaqh97e2BEl/wAhZQON0H94B4n6wnPClgl0N1ziHaQxGR62lk0rUqqgt5pVRUbfuY9HRu3NkcaBIHtRUtc69S3nSMf2YqvdFjYqf1h2/HO8T8mdU42WtnWguP4gTXera6PsLxwODXLc5VCvN6dRSB8c7xPybpnkqBPdoCQXffe3J6RqQsd0UJoXcF/CkGfSA1j1j5MjR7LHpUgpq5DkW8/Dl5RzWnH4BQWmeSCQUssFnrvzNOmzh2ptVKBNmVZFmHmpV+WjdLzaK8W7KonKVlABW401BbbzppEr4N2nx8kozzFFKSCxIsCCS1dPKxc2sylcZoxLZ5SYAJrMbDUpzSa6fLRLrk0CxfYLHYTPNROOpSyhbTXc12DxaeE7d4DiGSUuUEkgJLirgAHRq/F9TFz4e485eW+/jUNOdirvNSeyV+sNDRefhOL4JYSmZNLKFAScrHkWPR9OkSnD8O4LxKUZikSQSglyUjQ2fy5UfRq34+2PqXw3LUBEktgPi2YycFs6pWNKUiwlUAbL9ImpqbeyqsKjU4IlQoMigzqnVl7LfO6oPbP2oZ5kce41h2/vJpoK1Y6er/ZeInO7LcFnFQMqT3ioAukOA4o7db+sVvg/jNfAvx+qr/FKa4lq/NvesPVUv8XvOs5fP+G669T/APq6pdXzMFnaT244zIIKpk5kkH8+4LU0oz0ENU38POCzySEyATaqNXaxvyMXYV6VxgMW9N+tqEsWjXHnxbCrOq/ShsVJX+EnDpAD/OxAGyP9n48EqaC5O5LZX7Q/nXdPYv8AEpeOmS5U+aEGiWWoIO35iCbc2bkYqrtn+G0vAylzJErOA5BQkrAFwSUi1ddHNLG0SPWKPiQm0qtkSfFSqSqqKipVJU1KRzUblRrzUbapzDVu1jeyeIDESkTEqDFqpU7+RLP9WvFFq4ecNOUhSFJKSQQQxoWsz/Bt3hzM6iw6CMQXbMEGGIIDEEfnxw7eoGII4cPiNvb+DeXZgKZySkkVqzjQVp9i8Wpg0FMshfeoQQp1MTr3n++sbdfBI4zRhnXFdWuH6a1hWOqzOqT7ejba1vdkeJJw8oImEFxl7xe77l7nz6xBe02B9svMhAoSQwtro3XYPG83xG3t/Bpo+bvb186xFWam1PKAxBAZwggfH7Oz8WwagjcGCBQaenwZEpYw8pai1QfC5YebHS0aGUZ01OWjHSwJPyGrFutIwkWGMoXxI+FCKywtw8qFKlcF4zwDStvO5s6bJSK5obS1ShabW35osahO3GNSvEFQNUlTNr7p0D6fZi6uxclUuWnNqGFqA+NWu7+cUCxl6YhiOicbszMhKjQqguUlSBKCo2EJhFRfvFLpqrQkM3RTJGqUsnUcA22L4ZSEJ0bx3HrxQKU5ks6WS4oz/wCpweYHmItvh0pGEJMxi9woOBmYn3g3ukWcaO4MVEOsY3lYnJXi4mOHPZUlS+KIfvFbz3KNjiApWBtEIsN+U667IlTjxSWw+Vzo2uuhyRF8XReebeF4eacxUqZUPVT2FaFgwcaAig2MOM/jclCQhKZdiEgJSAEj3aF3YMknU1AS7CUMUvGRwCE0No/p0xw4QM0oljOM6CLDY0e5JsbvFJUVGiSKxudEVy6lxANIKxQSAZCLKjIU6qm5bvEEsdnHXrqA0Ncvi8pKnOXoQm3JwNudTpRo/wAQnGiR8Jsvk1Fo/EqKVSa5fAqhE1N62VIlU1UBoNsjlSiVlYy1iIsCSoF3Nwr3jU7nvXoz1LNDjL4/h0oV3ZbsVHupqQGc0rQAPYBgzR44s+MMZxKx+C2I6jeAHIolK+QqXKBfB0EolgK8qIfpUHXnv033cmgAAcDlAqjZ94XeS688yn26wU1U/ujlR2dqDuk1epvpCfhmJkcXmE5EElSkBQSHaqiMwA7pCSakl9bAKPwk8UUiolmUQWThCl3cmQKzZdqmqSsDV9TmhU8ZliVKTawRdTRKZvnywEOU6IuEjoiAuCAhxKySHUWFavW4Apdq6M4OsIeN4mVwmYmWySCtCSGSWUohg1WI94uxAKS5BBiQIVvINOYlRVHx1VRVS6tSrhshhAmVJoclStXhUqDZNJYryUVuVKfAFFRVW+/7LAFGAKHlA6Dgy1w/EVoUCZi2ciqlfxZWqTrQVJJIhwm8PkzpKVgJAUEgGj5nytoSSrug63BqImCE8TYvGMJ0FFlaIQrVhOqSwTUzN4UgaOKxJugbiUmgm8PnXnwNnhdKg5TiZfeB0ZgCOevaTYXjGVIClFyA4KieVyz9W8LgRzF9nVrKikZSxLizgB2s9XAI000ix6bUafUhaVKRN4eVGpUbTqo1KQ8O7boFplw7iCJgABA151/W/wAXiHq4bOlqVmzFibvoS17ggHpDjofk8axZbigZpoSzA8qg8+VG6igjdB9kTRmIcWZvu0KdDT8b+zpl5i0YnDrKS5JAs5LetrC7C3OHnDYhCSLC1QB8WGvz1pDkwOn4/C+Qb5WadMaxOEddUgh6uBT56B76X1lGFxq2CRMWAaBlqDPpQ+R1hbwOn/8AKjWfV+UvwZOvDpSCyEhtwB5vb0+T37NcwDKpdh+Y0fxG39IpPE74O6D62MhM4bnxrBY2+iir2sQADMLkqccz6vZpU7pMgmmUlxlS4Ne6Kk+D05X6VjT+ysSspUJk0AEEgLUR4gGnMDaLj/Bp4q+M9AGJBWZIrGkQPqrKjT29hWbJZfZ2K5hndLlXJyeSJzyQEMoQVTtog8uMrQAXXqW7ZdoVcB4nJnBSpYzpIVLWZSQQpLuA7pIJGV0l8pzEBSVXx2L7MDjfCpkqYlMxXsiDnRnKu6QwzF0lwDXNQMA9RemD9AEAcaGKeLeWz9VcVCo1xk4BFMrCc0NVYBTH2HpUM+ZU2emqXiJaASCIp8ICMx5Psr8F+2UjtRwyRJM0LUlCWdWZRa4rWjCocOWs0eOPxm7JzuyvFp872OVC1qY5WF2dgDuKnfSxvI3okUAG0UW713r5wGIIDEEGGIIDEEcPFDcG4e9vMCGURWnq2kXAtAlCjHpbTrvC4lVIoEQpCpbJvD6pNUqbFRqVGstvRqnNnLD8RmYWZKSkmsxAIvTMHd7UO/VqM34jBpxEuYVAUQoiz0SepNeWsdg2LdHBPx+hKlYkFnvXNSqKrqoVRUOdSkNk9/Re18SFpmSpRSpKiZaDQg1KQdCaxUc5JRMmAgpAWoVBFid4nVuzEXBHhHJwbEGAy+MwXYFxpBFSsd6O/wDBuxb1+tvT86VVkqlRs+dRrmndpEOLWDtNMGFw6jmCe6aFWU22J1p8NHhfweT7aaklJNatYVanzr5UI5FYGRcGGsWkFFoxwI3NAhavipUm5SAiBodJSqjVKr4CwLjo4BDKhUPAAztABAJut5f7R4tWIxKkg5nWzirOpuehahL1D6xdPBUJkIQaFspq2vkwFaiztURoxjWQRw+LIqoYcKspLQVRSlwNAeKnjZKRbQJWqSqK8P3gNXHnRJzxwRB9GKIZuik1YfA+685y3UskV2clqQlRUkukE1DuQ7VJ6OQLnWJRxDiigkBD2AoCdnc1qbUNtbRistqfIkyq1SYBVSqKhNSqqjaVa7vsW7Zr1MhmYOXg3QnLq+U1fmxIHN9dCGhtkzJmILklIYu9H823+zSITwzORlWRkFa3a91gT1W72Rfs52Hm39PlBNBAIzMK+JbUPRudDrHo2wwwJYihLX0PU/p8mybOmJfKos4FKXuaaj5QeLTUxTZiVKQtw+qTUqNSo1KjXQUGpUa1uVG2oOLmWf2Um7BmBuNr/EE7dCIe+E49XCA73qzhnNTrz2azhoB8eGCkUhqpFIYVqaqk1NVUamsudzU1Nq2Ng4tDTNsHhSWVQOEm3Lx0qdQSeghu45j1cXmBQJGVSVVf8pe+ot13aHJhsTVB6pSuEwDmpKr9VRUvHO5qqkmk0mVf92qpVUv1unujy8DlUSAr3lNfn0A6F/WJDg+0S1ezQonuhKQD/lS3j6sDY0i42L3jsepOAK/hvV9ar8qNf8VduaijKrnUTX9Wj2tVFZ87gN25qlrQCwLJBL7MPk0SjDcTlzUgFaK0YkC7AOTvFrsWxGK9RYuMP41oh4DiKZs4u34qJY1dedKo5CWxVVRYJmPKddEnie4RlguCpAAXVgLoo5aPPuC488u7PcSWZ4StYAe6jlcPfQc/I1DOk4hw5Ps1TEpBJKrMqxIFRSoDkXB7qqiLPo9Yp5bJsqUibw/NWoZFJqUGpVzqUmpV7nOkzpTvS1vYQonIT3gsEBzmGv2BFZcTC5U0gBQDgmhuPg/3zh7UNPxu7emXmHbEYYBJYOGfm9n+WxHSOOGxCgQHJsD97bfV3UqGn439nTLzGN4nDpzHMGD/ADcA1+dKjaJLh8QoBybENQ7Wsx8uerw5Cen44nq3zsnYE2nGSQlJIFGuNq0bw9amJPwziSpi0hTs7VevV68jS1odtDT8WcDPRoHRLTCsZOKFqHPR6V6DxtYPFm8PMuZLTZ2rannVzr8KRMcJVjkStitSBzVYVGoaaqNde2e3ZoamfxQ4Mcfg1YpIIUkEghtG+Y/qYuT8N+LIwGLGHIBSo1D0q9hqK9G8IszjsI5QFqJQGMgicANTVf4q6qNYqVUUzrWIsKzUpqmNMPSq+t8pUL7RI6f87kigddiz/p37YT+C8SRg5k9kmdLR31ABlLysAT6tttEO/wCo7shL4vw842XIKjkXMJSgmwB/KLPfVttbIJVVJ9bpsqWybw6tUqqioqVRUalPNRuVmpTWxUbBo1b9jfU7DzUzpMqYlSVZ5SFOCD7yUnQkax815qDLmzJbF0LWljfuqI+UKzdrlhU7axoUqFSCBuQRBhiBjsfIwGIGOx8jBhiBjsfIxwvEJrWRd3z8eLtF7eWZcwA3cCutP03+3t+FH4/Z2fiznKmAiwBGlPP50Z/Q+dD02jU74LXGM9W0WvVupMP9lYqVVozUTqr3UbXyH89LTzsjjwmYlK1k7ZlE08bdD8aRBu1OGExCsiACX90AeNBd9/jHSU1qT1ifLBQzgVIGnhzvSpd+Vc4aQuSs5irUMS70bR6fekBkUL4DZBYg7EHygFSBvHM18NtHfKSJCVgCWmGakAU5VKv9ajXmr/cPgO1q1/EDiScTJUhC/dDUJ0DMCC46bUOoiY8DwuUoJD2o3jsOtRfxjEaHprVpl0WW26w7unW1GYNJM1ZUc1TVVS/i/nE8CihKbg8tnc9KN8IvrBrGGIoUl7yKiSYPPwuKyo3fQRsIicPJOqpnD8PxGYiJMAAL0HxEZ5W8pGiPzTFtpqzTvKAcgBy1WYXYbAeAiTYFaSgBQTYCrGoDN8RTSwuIzUirEZQRaiSqokKTnU15qKvohKlVqVSfAs1rJKi5Jq9S/wBtaDGLCQSkAaBqHqGa+3KI7bqLDoIZSSbkl+cBtk3HUesYgMuFh0HpA53gNmCE9uUwClBroOUFrUj6ofk8axZrWkKzhhXMLDVxHRExYWg5lUUk3LUI0eLpF+Nhh6dxSyqASJw4zKFWaKheOqpUugJQBSgDM0dVVVpU0nYeKetDUgfGckklCpQDKSpEAjU3hUyUvOkqSyiosSGDg2BqfCzVvFnYTjkpcpKCQot3ipi1SctasCWGgSBUNW/pBhZDDmC0FsZ5zD6uS6rQUK0nHytDUR5ZsalJUk0pFhx0QB4VqnD0MnVeAhy1ekRBZA7ykxJpTwjjIwCUImLUKgHMqzkCtSwc3qBUmzw08VwKOIIMwJAGUn3RSmrOHAuXIABLtWLUUNwbh72svDY9E5IDguHvSoFrUsWrQDVzEDRgV4SYorFiRUWrQs3hSg84W6DR9xmriUpU1TgG4ZjtzbTnUEQ6yZwIAozmgYV8hXbeFLA6fjf59uyxmvFyzks4brYdGqzc6w+4JaczMAbaDevxP3d7UNPd59Q+A9QhpaE46WxWW3IceNmt8H+E44fNqgZjUosrw3Db8gT4u3A7uke4WivFcAOKcMnyzUlKgHaoDixsPsDaxuFY9XDOIyJznKCgkAk6A6dW56mxjUTF7X+WyKqwy51SuajWVtblXuoRDZq728q4pU7sdx1OIdaE/tSFOCRaYDpto2/OPVElEjtlwBcgIRMUcLNTVKS2aUQAxG/J+bVis+K9gXqTiTGnE5MgACpAGoRUgCATEPUDFM1NgK0oVTtnBJdZVw8G2WSWQMgAJAH1O/BLtxh+0+Bw8pU4LIkyk95eYhkAf0HTV3+UP4s9hsT2P4liJipSkpOInKHdYEGYokMNK0ZumsXja+53ssHOKgoKzaHmKXpez1paKnHEDjpCUlCUhNHAHS7MajQ8rBgXbm713r5x1yjYeQgMRggMaCx0EGGI4xwBok8q0yq28NOufR3W6G8ky5lvtj5Vd4tiJsp9HR4s4omEprdj4tofL7NyDBCamBaZFRkWyzTon+HbpBnXgmOVJnp7xS6meo1rU2+kNnEMMJyFOlwQ9vTnTwrvHXtifxwL4/QTSqk9P9qirNSq+1SrWPiAtfnApv7TIBzBQyP7zhylxa1ajqLOIrfiWGElZISRW7M/UcvhvFom7FKnLJNzYHeGqItjNFRPwThuqokKPDxqpKlVa/tX3VO3pGbcZ6skqaSQCJayHLWSTr0jdCVFSWSoupNgS9RyjhXjBEZQRaiQv4kKTnVVKo1Nv/KuNFg7G84ca4ivEzJoKsw9osb1zEUroanSnnanC8OhKUOwdIe38L+FXAPwiLqHDqt26PLr4k0ekshy9XNyBRvk5/SHPEHKQEkXBDVoTXyb6w5F4qqyLSpN/SprWpqM9BVzUNn17+6A1snmEFmIaurtaHjALWACQoOBdxUO/jQG3OITpqDjf2dE/IW1XvH70gxswlmBLXF9W36n47wm4HcO4O4G6ukajzEJYOtskhwXo4r4xljsfIwGXJsOg9IxAbMEJ7clkUqNdekZKVC6SOoIj6pvk8awZsWWKn3JY0eMXgUPyeNYtmWsYgFJTS3lTfT5Qr9rMwygoGhA8Lddx9BF0oeRdGJA4luLgY2JVAR9KzNVVrOqlcBtEETRBFP6QzqVNkJsbJ0QmHPAiABIACL8VkrlTEqQSwWk0BZwoHTy8HJic8FxSZyUpWygVJNSN3S7N7ptfQktGrpPQF8OIkGsEww/NVVZfwr+lMgDU2qk1SYavVqe2I672RNyD+i6tadcCx5WZYKwWCQKjQcvm3I3ZH2nwIw6StCTUE0G/RqHp0qYlrA6fTx13zCWgN8xBp77NK0OWLh7A6b9OXhEFwc1WcuSL+8wblXy69YU6H5XGoWZsbLDKyszFm3FywsbM28SPBzCFprqBSldX5D59IeuB3DuDuBoVjpQzGwLkPQUtV/O9qxNsBMUMrd5iCLnYn7GsO3A9H3mgnFMZ/Z05MkAlKrkCneJ1Yi56XrFscJwSeJSPbKIzpCSlyxsKXHzfxc2HgcuARK2KTIbSo1kVmoiGk0GzRss1i1JfiVwJHEcMcXLDKCStk3LV0a8Xd+GvG18PxCcHOcoK0o71AS7A959WIO7bQp/CeFkQYcQkKsbKEhgJUvoBPGhUqzN0RE0OICRSqsnXwSkACKYPixBRCDSGST0gABEGkf4A9t8TwBSZS5pSpK8iQtQSrK9AxL95hytekQf/qU7EYXi0n9plSEnNLKlLQl0pJYzBnAoygQouHKQSGZsToS420UC1bFSkytVQmvvXOpqbVvfmk14s6G97cE7bTuNLlGYsgEoqosGcAkE0Olr1FxHzl4p2bTwhS0pAJBPdTfchncN9ho6ZIYxGT8WkSVLdN+9edfqg1uNSm26zQP4hdUo55aFJIU6El0lxYPZ4jpBHx+ESG28aqseh9IMMRwj+ebQ0/FnAz0aB0S0+SUe8PH0MWxE6pw1rIt2T2+Oz8tLOUvXw+cEO34jb2/g2JxJmJUlwLlqNXRjp51jqcqwoHUVo+hHi3zjUT4M2Pwwli1kSo8P9lV/IqD7V27L7fyCz+yfExhZSULXowdR2q29K60iD8bwxUSW5u16OaV0fnfaOlxrQ4djJ0wEhAUCKFgWFSLj06l4gk0KQo0o9bMdH2vceesY0/CTQBxwMZAxybhtgCVKoLJXO2dVVVJqbmv0salQd/YM7Yr2nmYoomskjuKFO7oS31sOhMSPhE8JSMyQ9LgH5PStX2YsY5Uj7AatMzUtvqs1qoLtM56+NDeb8QSZiyTXOsGrv3ib6hxE1lSywNe94P5GgHx6QXoaDjd2dE/IGyYSGq13YsNPhDrIlklLgFimh67avs3xhk01PIsNTL6V5qv5qEp7LjVRD0sjc7nzMSogDKwA7osAN4TcMp9PHXdIJaQ3TAGwz03p5wjmAEBw9frCbgXNhTvBsDBMXJU/81PKjcmhKZZl94DnX701s0DDubOkfFsiWlDOoUetX10c05xqrGFDJCLuHIc7X0+35/DOOCcEEuQ5Iq9GprXVtrcoTPl1ZxqdDXX7EBumMxCUuCwqK0G1GH10flGEyFzlBSXoQosHsxAodubX0NPGi0faxt4skPs1iitNyS3n9RDjj8YpSACiyQGYUYM7s/izx7NqrDBTsTZ2DaWv1r8oRYSWZqszavW3pzPrvHiW81h97uFk+DDFQ5//AHEdsQKAbKPwhyFp4YJsyKlIW86pU1KlUVfaqVNik1Kp3j7q1W6W1x6QUmg91Qdhsn6nzMOnClFLEEhlJN9lL+g8htFmokR4MIk42apj6ia1zSbCMKys2zT7ApeRRkmaydASf1kkJoaWDO1WiLo/pNHeFzf2KaorUQ6rEmgBLPVtSQzUNQwiwFqTxKUQkBRyhL3okFgakVNQaFmBByh9sEgoSBapxLLROui6WKgrK1SWA8AgLpWaZ1EBAbQGd4DaAhaE2tnhfEE4uUMqgRlcEF3cUq7Mxejb1oYrjjWAOGmggAJUpJBA0cMXAAqGY7tDsoNH3G6q92Z96mNZP7xPj6GH+XXBu8GhHG6LpSqrUs7eUWRwCstL1929dRDtwPR95oLxIBSHUATmIchyzgNXlFocKJCwASA6KAkDyh24HeO8O8GrXigzJng94MoMa6KDeVIszhByrlqFGmSySKG73HnGkBAVF8foAqqHCjzoVL9AqqFiqlrNSo2Sc99RmojOembUXwkTMJ2pw+Va5Y/aH7qlJ/NSiaBqM3wi5O2RlY/sniAEIWRhjUpCnJReoq5qWu7neOJZFU+Hlpalay51KiqqjXTnUqmUmvfaPi30W4FNCuAYFSVBKgmWSpLgn3dRXmK00FK/KPj8pWH7R44TA6c0xkqqHqaJNBSnKjx02/BdqMwMobxALQ5qKlUVGxVuNUmU1r+6r/zb1J2JxIm4EPVpaR3iVEU0ffm1qijxW04B5hyj3lUAH8VvlGn7OprilNbvAbflb5/GG2bcNZy3wgMq9nz+H6xyj+etQ3hvHubyKj3h4+hi2IdiQNatMtOizVZLiQ+LOMsitRpqOcETq3RTKqSC3Nr2t0gwxCnCgzOK0pfW/OlLawVwNVZNmRSZT428WWWA2g4nMwhBSWCVAm5oCC2uxdr2bdDxDCpmaAvroHLB2fzfeNacW/4TRQQlLatW2H5fpX6KNjXOpRdzSa8Bqa0OB/iDhwlKVAAskd5xoxp4amvKIvjeDISHCbuaB/MXOrvWt6VRMdj4Wb1tIk1hxAHADVKlSqKqqVKqNrDWqvokqunb/OLb0tnjnbfBzUKSEpJUlSQRupNLc2bnTrrgeHZCHBoaODWu1GqbswrGDVNeO8O5qRnqzqUoCilqUD1JLeL/AAiZSZaS1hQa1OlK0q3XnDaOaw0YBmoOzjRPTezYsGlN/lDlJQAQaOCDcP1OpO23LRtqTWZYfORUbfZX0SAa/pWzVoZHD8quVq90WrvCYY83Gn2Ua9wsAgEWuCz3hFMoA9KvWlK1j9pqfNs9XHUPSA6gtbXFY5MtPvJcC7saVpanxeO+EkrxiglKCqoolJPoDz2uN4s3FnFQiDCXFvS0bojSSyqXy8Kkql4VvAFaE6VFKKxUibL4BnVB17LlIgngAHnRGa3lyQSiUjc3ix9oEghytI7pehU1QB4X63IiRo7MBac01GRRBZwRUJUpyCKUBvSg1U0Vboafjd29MvMJxh1AS0qSRVALBiRRzvUv9vEA4okyphSnRRB8CrwuPsw90DDlXRbW6WhvDnAXjRUqozeKiqToCVlIg6JsZmpqaiLuZE4SFJooXngERcdEXgdfEOQMZ4zi1S1EZmZ7kacviB6PEm7N4M4lIBRnJKQXBapAuxNAHbUhnF4tHjaYiEQcXJ4VImcOM19Cz9J40XpSWABokTR0BeNQXxWUvZoJa8CTihmKTfe/RCb7wALHhuNLUoAkkj8xOz9G8hqzRJeM9lxh5ftChThIL5SbtU5UludBqSABFHMDwisr7ezfPVf09LSfD8QUtFXdjWgOz2/q9TdoSqQvDLLJUGLFwRamorzJcP8AEFvNYfe7hZTgyHLkBzv/ADfWEk+rMCe8TBnDPo27u6bA46WMWxIAIu1K3yQuwBySlksGSSAaO3tN+o8xvDtR9OOUhV+1SrbKqZbufeNLQntOpWCKVSgdKgG9K0p91J1mfYCccbMUiaWOZQZRajmlW0aw1FWjYTEhWFZIhfQ4t9gDUTUrmEgyWX9bGwgA6ZLkrVI3hLlJ8JWgIzHsBj/2lDTFpJyuxUHatwaioIsxZgRYd+32A/ZyFBLAFJcVoWYnYFiNqONovBQaPuNPlEZZlR5jcxAZP7xPj6GH+W0E+m7aHb2iDQjjZBXQg1VqOcWTwAES0uCPduDuIe2B3dI9wtB+IkezvZRflURZ3C6LD0qm/K/lDtLbx4/lA1bcQDmYGuSPWLK4acqQrYg+QJi+eKKayBVlv1qlTXo5pNf3UVdHU1NY2WmR2kwxAYmaklrsSNamng+wMWvhJisd2XxeYZkiUoFT0DA61A893eOMyg5yNZ2e1Sq351VhtotnfPrub3f2VmKX2fwhU4Hs03BFgPCzWj5kfiNKTI7SYxUogj2kx8veGtCz1fq7+fQD8F3FRPltawl/pV7VFRrbzqVFFUmpT/sKejwb0p2Axf8A5bLnAIA7pUAbbO+n67VDNcBRINz1NY2Jaf4djiFGhvXwOvX4w2zaHxV8oUGW5R/GPh9Y5sdj5GP561DeG8e5vHkWvBihp7eO7UO/aEhbLnc+ZgidU2a1kW7JD3dIN3gcixaC2GUGcqyGzizdt/Jhgbh4wqoL1ob1gUNOX3b9FuzbslpvZAe6S1Km1NeUIVXPU+sRuqjzADLNpbxt8euYMEk3JPUkxqwFgBDUZObnqfWMwVpvlcagbEbJJcVNxqd4j8+wGstHuqZV+ysrDay/TVWmWu9m+b+bw+UTHBYoIACqlgw9al266awnc57jUp2jbPtDx7G+b+av27MW+2vtBjE/tBSEhsxYAbkjYfGlddYl/F5VBciVslIjma6xby01Soi+mknjAlUfDYsAxcARKlYD8N0I+QGopr9PJEXlPyaMAdfecfkANG+KyFTw4UWs7kEk3AelnYgF32FZrwCZ/YGVaky3YBJmJLFSmqUqIC2FUgElQcBSASTcaOMc1DjsqOFqJWkSsV1AoKH6/dFWKhJRlEpdN6NWFJOBqrUuWRgeTAhk2TGpm66AuSeV4no8oHpOjHpWH9gSVFQq7EPQMXdzqABQc9okXEOLHjeVCEykpJICkqCS7MQAEpHuuSQokB05W70Q1jvYoxhivrIspEyJmaQVXZq66g1SL7ps+VvPi8amcPlOZAHKE4B0JJF61xWJPkgL4PJxUOPSvg3F0EiWpT5ipIrYh3BchzsBpYMkmItxnsbPw5CygnM6h3SbAkgl7lyQBU17pCSQ1YBG0RoLqQtiwmIxwIgybGqXMihKuxqcVomhshDY5do3FWlygmQapzOpni34t1QSB4Xyw9dAZjJ7XjeETjhmRMBpmDEOQ1CKlwaubMH1jPBMWrhKkgpluly6glyliolOoBypJNUskljQi2JbjaRgMBdKzX4SiFoPVWBZVUKsVlVRUdfcALXc9QKS0uVb+mD9lwBO1oxKw2JlF0oKmLAukBhoaFj1OtoluJ7VftaCkZQkpy91GchVAFC75f4SnVyWiO8IxV8X4wTMVojKWKsd62S6WUy9dOHcUd+CcLTM2onQqxKFBUbFTybJzhVnr5Qn0iQJ5xLu8s0EKAaN12kcZxlY/GyVJQUUJALZSGO5YlmNSGsa3iPYlKMWFLFO6tRHsmfM7BigF05WASApmKsxUCc6cD5tq23mrp7eLbNssRLolWYgkA63I6xWmJnTMJNUlIBOZTOKirN5fEhokiFUJIoRsUhqm4SpI1VSqqo1NqqnaUJUqGtq1Na4s2/pfSxDpAG2MxCWBU9Wd3rz/SH3hfBJ3GUe0yqGXvMKWDmzbFg0NIhp55K1b9KpXSI3mxT5CGoQ0yZt4+EnArJAPdo9WcHWsLeFS1I45JloOUBYScpYd2hLBnYvpqTqY0hxXDsU5H1Ll0hEqXqUVKBGVzpoVlQRASojqDlJczCcwtN5SulFOxeK9nj1JzkDOQA51fUUYAGzULxbvbzA5uB4cskqUgM47xUBmoqj90KLVoDYRrzgdBx+N0w3Ts06bixc0+zBdQ7u9S40GpBZtn1eKY4fglJmJzJsdQ9jaz/GHtgdBo46rpBLQO+YA0Kxs1yp1PWhJ8R5WLU56xZXDJXs0ooAKWBbr0+FYdpbQdvb1X9na0RxszuqDmrhwbMR+r7PrFhcNlupJHLStTYdAPjD2wOg8fHTLplLXLU0Kx04BSiWDOSBV2rTkzV5eEWLgJavZMznKQDX+EgNTU1OwHWJ+RK4wCEsE8ZONhkFkK4VqpUiF2dUqk1YbFRT/t0pKtI7WraZglcU7RYabLBITNS7Vf3dbfI2LXixU4+Vwv8AC/iCJigJipU3vFgoOtbMblnodNzaOQIowIU4XJYuGYiVlZUViIjaIlZSIiIiM5jOc7b5i3uDhEhUvs/hkGiwgKJYOSWJs17tvePmNxjEom43HzXCgZkwAmrDMoCujelLxdjFKiMYQ3iQlVJoSqqKjWqtUudd8yEOL2n3Y/FKRPSkrIDjXnZqUuPnpEBxMpwSzu9uvg/T5mvWOmz0vUibKlImzCtSo1Kq1KjS/NU29H8Lw8vEyEqcWckGpYPVt689X3juIQQqzAE1DVte93hYZf8AsUrdUcvbI5+Ufz528ZxasBiCHolTard8xtv0+fRdMWUQRJFDzd97xFiMKseh9Ihw4NVBOrTKWzfslxMNzIFXPU+sIVXPU+sNKhp7vPqHwHqENLYjEFqY139Vtuy7XINF7cFXPU+sECmp6y3W6bL58b2xBCbhmA2lXA9PF+1kE1J71CbWB0aFisSqUUtan108OVKw0j3ABLi6siwJlQ2axKRnIDYLxElEQslpuZtxAKULUdEk6hmrc2oH5dIlPCFon5VLUKEK7xD0L1fb6x0CYlcc1G7iwGeI1HyDMVlU+6mDQtKUHVQFRsbQFimPKA4KjU4yYGaaFUmr2UY+yKSEEEOWaStaFp4imYFBS0gDMGJAoKUBNBoLUoGq1tcN4IrjWSUZS0pypSBkUkZGCaUAsKtUAg6iLzpuD0IC6HCVhx/BpgCVJVLFRUVFZUrEqgIsL+qrfnUanBDz0I2/OlV7Vm0Z4rxISyQhQIqGcE2A0L/XmYsvhfYRGCShZRYJIDEszNu5tfRvD0ijAaGcZxQD8RCMVOmEAamZqUIN2QIM1NnCxwtdOFOWy5Ro+mCWjMxAhcF1KBWygDlcl550WbD8VmYZQVUgmrh6EEGlbgl7OHBesSnFcDw3EZaZapYOUMxHdcoKCCHZQKVEZVBQrmuARNBZT4AW+4SofqqqinaOar9Idc9LSbC9p1EJzFwLgnZqB6ej7mI5ivw7kzVFSUgOSRSmtOgfzsIi84S6QTcav4UCJhKbGsaDRA+peRSqkoUpUoS1bZV1uaFZwCXz3Kqk7lEmsq/1LZ4l9q8FNUHlgKbKSxsHerb16lojXEewCcElUwAEhNWu1SBem5DeRYRjJ8KdjIxziRERMYuZgnnksTFLxOpjhMpNUesMyVZu+FI+TuCWlBCJ+SlKeDD6QXE4pEuD76ro6VZOg8AJWS+XxLBTwFBKQAQdPeILEmnOhcE1FUvFc8RlTcHMMpMqYT3hlCF978oIAHupCquCHIVQpBiu0Efg2sY2LQFYmqSfgulTV4JKeKxUaOqo5dk9yhK4XDylAbPAPI5IKWjS6QeAXrXeS7ytMTxjKDlUkUZ3fVrBnpTyYG0deC9jVcaWFrklDuSZktYYkjL3TlcMVfnDXALltVoKYtyBgEtSoxTeACCSVKXN3jSKJqq3ipUGpWgjYDY3iG6aCKYT6OEQMzNQo9PJqaSWEIiYBEUmuAmq4/M43N9vLSMxzLQlwLjMNhzNGarhosA8Dw3ZzDzEsjN7JSSe6FFkqFWtUk0CWzFgHaOfUywggMVuamSZm6lTWKYmaWAc0+yr0QK0TACVCAATTIhK5ByQEAGQPCITaado1hPDMylJGaSCHIDugHUk6/OkVHwWV7ftBLLZwrEBQKXKaTMyS4exAqSxZ2akWyRFPh5bFqC1XTrX10oGQhbaaqwpKDTSF5EamgDqDXc1X9lZ8wcRUwJHtBWrNmJcEA1Y03ZqCPQnbPCS1cCw47hORPdKg7OORL0oKVDUuN5sDwG2WwePPta8sVNeSHJJyi2lAAfkTzbpTUjAy0LBagJ0+e1Naw5MDv6B7xaG41ZK1AaOCRd6VJ5fKJDhZeUy0ineGnP7r0h2ltB+AdX437trRHGzDlVqWNPj1Y+NR1MWJw6W5R3SKDTy+D/E7w7aG4Nw97QfiM1QTMVX3FHW7GmpuPB3pFjcOld1KbUFCOQGuzFqRDuPpEZ2G2ItkUXAAqrGTjOl0oATEPYKFgFUQV6Mw9zOiVlMPpD+i96wxAbwnv8AhbgRxTGGdNTmKZpumgAWXJdrhOUM7OKXhm/FniiuFdhJ2GlTQhSkVAUnMQVhRGUkFlJdNASCp2o45/qb5XGoG9fSJQl4eXJSAQEswqwAGnxrQfGPnbMnrXhZ80glSppejls6nFASxcfrDjSprVpkVGWs10y1eXTbe3fB4hWAmhSd7i99WYfbAuYTz5YVLDChTUeA/qxG9o3lxV8e5PlpalYbqTACrJUqzVlVWvNFnvb8fNrm7N9rSmWELWBQJqWuGZiQ255MLRHcTJKiWSa0IY8r+FW20uIuf/Dhxb/6eFX+1inzaWf+JUf+7L/3o+sI/wBkGx8z9I4si2gv7+3T4BqHY3lmV+Xx+cWTDtOIZLAtLcpPQM1dctwap/hO9l8uw6K+cENInoM5auB6OkNOhuKrnqfWCJaMjUvLS7b3eO+WnqbEYVY9D6RG5wqqzzaW4B5julv4tZPCFVz1PrDJq/b2sRiBTYCX9Fu/r26eydrcFXPU+sEGaGg43dnRPyDFNba9IILYZT6TLZL8++fToBuOKxqJIJBSdyw05NoeXrCrBYeZj1hKQWJawNvt7EdIVIuw5X0JS8zTcSoZxUhaqDUsM6sKIsoFVw7NTgoNBqkTUqK1eQph43nWt4AIhOYANk4rjuNpSiYgNVCwGALODUAjc2tbaJ7wrsdNWqQp1p/vZZo/8YNQVAGtGJAa5js6iSgPVupMmy3moqKgqrYVbekpajuKLXnWUqUAVKNCRQvselvSPavBOGysNIkkIQCmVKdkChCBctctWGB6OGoeofNmvDKUVF1E3uSXtvD3icWmSyco2sNeQ668thHwzrCUTE3Y1rQDXygMO1XbnAVhjQ21ZvGto+/Rw1D1D5tz/bQOopqCedKdf6Q1qle2JSoZiTV9/js2sJpbgOAFta1ZgFVVqFamtU5prb7VnuDXp2Mf2gQ4ClCmhXXw+sY/sWVMIWqTLLVcoQrbXK5tWuhY0hpRNX2AQ4RKqWpirEqlhKgErKlSqzSqUsUKkzCq0sJr9SAdmhU8OoAERk3fhypuLWB3zXc6OTR7ABz16Q08c4rhOFyFd2TLbuuEoRX3QKCpJYM7kkAO4jADHAxtE8pEUUwBgoYuqhAJUoK0uqogCViVBEYSl0peNChAFRsD2R0Mnj0qBQLH+lrxT+mLqHSyTELI4bw4JEtS0gkKR7wS4Ga5fk5PJ2FIoDtD2iONVNQhSlZsyWBOrpNzUB3tVLMDQxQpIfPZK/atn7KKTa7w79DbdtkqxkoJlvVCQySWsnYjY76jcRw7BNhJ2eaASVEuoOaqJcEgnlTlpGq2JbCsVtEj1tGRf7KwrrUqSv1uvzXNJpKUhHJoiNjUf1tN7PmuzX2QwRwyiVpatymp8WJ2vTQbmcdp8Z+1oACypLhgFFr1DW3veoaNYmsHETXSz6NS1G8OTWsNIjmHlgEcqnXw89d25QsFtBf39unwDUOxo3iZgOYHY115WfTyfnEkwsosgZauCejv8fkGh7Ft48fygaB4/FJkBQcfmrvXbT1JppWzuCSlTykABmAtZqMG18t4dlD8njWLQPHY8z1FCA4USmlXJLA0GlddYngwiJEvMpQGQZtqDvOKjxoRzjH74RqJwxHj6VIcsMByUgEljWFZWGgYgVsJtHw3ENYLoSuHYDqhJKd7XP8AhRwSZhJXtFS8r1fL/EVEaPq5+tY8q/jXx9HEJhky5pUAChgssPdFA7MSHNySBQUjPj3n93wa9pCh7ZSSXYGnMp+RD0jzi4lSDmAAJsQGd/s03HgvNqq56n1jhHzQnpgW5tLMPmBr4flMfG9shSk+6pQ6Ej0MalKSGKR5D6Qieght7W29tN/92Z/vV9Y5/syf4f8A4n6xCabCsqq36eBv7pBO9muV+Xx+cOrjceYizJao6tLTUtlzqVVVaF9+nWPRvsmy+XYdFehgcbjzEMnAyovq2rfQNI75W2W8Xybiq56n1gcbjzEJtVZN823hPnbd+EuJNiMEhjUWOohpHxHWWcy3R1D0d9v4J4RKuep9YZjEYgw3EguaG50O8EFPSB1h1h5NosEIWWNEqNtgY2QMy0J3UkeZAieESRQ+TKkxWFupXnIrFSpNFQv4qQUKTQuKDYpKoXRVVxUVpRUmvJUwE5LEUjSpS69NMArRSlfC6FJR5KC0BXjV4hZQSaKIqwsWY5t9eTkEGsW/2f7PSpQRNIYkBRLpuA4Bck98FwwJZ3KCz20+ELx2o3Y9L5iWxdwBApQnrczVSEQEPCgXysoVAFRqUlZuaLxYPqOIByIu/wAlNUiRSQjZkg4AzdFcKM+WteYUQojR2SWBrR/vcu/EONjhk2VKRQ+1QkMGZ1JDgkLDvUuks/usC++3r+R+MenEBFlFYeIJVVJUpNSr6VKDUbVSlDWd5ymjytU6sRtAaoAQC5qc4shSVLBSQApQqGDB2+LWj1JwLiUrFyJIQtCiqVKfKoEk5QKgWKfzChBe1oIM1YYgKLkC9zyDefnD5i8CZoCiCGDmjW5+FH5aGItWUXYSQ8MxKohxWhchDcAF4ShULxLpY2lYHKqk2PRGQTCYyEAEQmNrPCQV+4Ctg5ygqpvR6QwLny5Qda0ISDlBWtKQ9WDqYOQCwd6HaHCm1Uj1sXCpESrUsqiuYhWiTNStWFQa5mpPb2X2Ng6g9CD6ERsJqSRarfmGtoW/jneJ+TchgwSSGL1YuW8vv5r56U4dGfMLA3A0frrQ6xE78boQuCvzF+JKWdK4Vumby+B8zEnyRdLTQ1LHHjQBCfJeOiwzT7opqx5WFR6jgsEBHccOU4/u1sSPyreoelGsQQ+he14xie0iZBUlMxBYqScqkkZklSSkkPVKkqSRcEEXBjFrG2O4oY4cJTbGNRJ+ZjAKC0QDYoLIW1W6WGjqWKEqlCk2jaYvuvPuHZwJ6aKgQIVGPskkbHBFwVeL887PcERLJJABauZmDFwASWYsKs9KEAl6R7fcamzQTLKwlVUhGYEhSUl1IypUCHUMiqChKc4ATCXwdMO/WNjQpgxMy1w4SqDSSqVCqK3gESs0rQtM0AVFZjIQAHxBUV+IvA8HxZW+7IBEHgkPEcT+xhCUA90/lD+bab1u0Q7szw08TJXOUUhOZRCzldgqhdqbVuATrHghsU9QmmMeq4DIw/Ln0tBpVqrL6IZUZlRsBWmFTVGQoFj3KtWzpG86n3k+AvPJJXlJ89SAAppsyJKsdSYhTABwoEEPVLU902ALAaGjF3lqTgJhRKMsBBUCErzEd4lLBiwIDZW7rEJJCa7rolHI9EpsqRCJwCqkqlSqqioq12+9vpg6lWqiyi1G+1naXgUYRsqQAfP71oPiTDlLxKsUO8XtdyDz6/CotWHfQ3hvHuZNiJpCWJ36dKN49K2h3w0tOYJZxruTd/BjDswOg0cdV8xnoHfIRaNYqblCq6G3Tr4N0FHiSYaUTlYEuQS3I2+p6Q7cDoPHx0y6ZS1y1NVvGMSqZMUgOBmIfQa+VwHs8Wp2ck+xQFlJoByuKm55efSICxlcYz1BJsrMk4JUaxUVQVVCsqNpZoNbjSIRqUzARJYavVSophMVarqhRshynteOzfZr+0VS15CoFSTYn8wJJLGtCz3ZrNEf7a9rP7MlTJaVpSckwe8B+VQfUhqtQVatYwgMqAwTZnk2ZCamtVDzqbc6m487CbGprLnrOvAt6s7N8Fk4DAUypKUCjB3AF6uWtpW7x4W47x/EcU4gsTCpSVTVM7kMVXfq133oIL4b/e8W1kqbFzRa7ULa38fTlDbxZXs8LLKbuDTRyBo7X9YLUNPxu7emXmHS8aJqlJ/yj0hSoaDjd2dE/ICNo+2I6e05fH9IiJB4DZWVg336e/x3sgl3T0+UaObOW2eJR9G2cf2mXS7Dor0MYgejbOP7TcVXPU+sEFsMpw5tHjVstl3tiCIcUlBVvNuHmhqPE/LrmyeCG36Tt4/ssQQZ9IHWHWHkxBApqDjf2dE/IdVh0qG6SPgY3l/vJf8AOn/kIklIJRHlsJYfrdNZVKuNMQI+xUhYapQCs0KiqwphOELClLKo3mnzY6r40VYrEHpCDpunxtAQeGscfIVJWpTEHOrQpFS4YtsQCRQl7FwL+4KhKpSa1CUguCB7oIDl3oWcGper0Eo4w0JD6AS3FFLQ9FUmZrCxAxAMzN4rASx0zNjdVpRUpJLPA66DxMB6lpI8QddnfyQAZMYPiS5ToLl+6dXeheh0OrbQ28ewJWpIo7pqBTM9WBJIrUd41pWpL6g1GON+J1EgyLDdDnBXRqcmLFQu4LqozKy0DUsNnXi4pXqTMyt5R1Ksvjy7JylF0R5IldIkls7TWOpdr43wvC4uWchD5TRgfeJOiqAlzyc/mcRJOzfF8Z2WWhawuhSppi/ylkhX5vyp7gIDgJSSgtl1ohnj6wCiNh4YCGHqiFxiI0hSD0VC0oSqXyoo3nDMUAWroD7IUzWD5JSE6hoyCmUlG7SPHAuuCLzr4OwhXZmWgkualwQXDAkOxZQG2YbMRFv4X8TTxSUJR7qsoSQpIS5KCrIFMQtQSCSEKUwFTYmuq7gSjoS1UZPYyxWVhFNUmxoUqqK8LCqIIq01kVVobmq/SAJgKkATYqTwqFSACRGtiEJuiMw2RwmWosVKZIygZlMGc0clnUSogEB1FgHpiRxqSSTnAUVOSS4LmoZxXKGBJoWJBFD6YBC2JcAospZRpaI8LVQvV8JogslkwhjRApg2KwKTZVG6rijyVuoj45JIbkaXAUgCao3n8rTRPI0HgdU7/KcE8IklLAEgOUgkkuzGzAOcrln7oFhVqx3GkS1BS56VEEv7NJQkt3gVOuaQUsye8EkqU6SSnKoxS+ELMITGNHCg0gQqgxj36QtKCtLExqTvwwNjRSmtGWIVXJVcHFI6ozckUZ1SA86L6Xco6QXX0UtqSdHSi5rheD4hMwFSSE52DhyQTsSwuGcgE2JIMNeN7bSZ0tSUzQVpSkAFZCXJKUAqALAqDUzNdjQGCcfyAJensTxAmLmGumZri4PJYqM1O7yxdVhWqzcqKV64ZA88+8c5SLoSqILgvvPDafi8IiHKaaYPh0xKUvLDO5LCget3LNXcgaxBsdxJE51mcTkDlRUHITUksAGJGYhITalAxlnFsXEPUTANBQlTGBG+MAZAljYF4WIEoAzQbxkvjY2Nl2Vm8UTd9NwecJhdNTRPC6CsfVjtU8kEe8AA8MmkcGmzGyoKXuUuEubhwE66s512iIT+0Mma6VBKiHCnqHBIIcjRTu4rqIjvF2xVT+DBcvi8xXdUJReqdw0NUnDs0NicxBLlbpoUppKKeMgvptfGhInSg1pKR51LvJGiF59QDRq1TOCFC47Seyq1MtQCmILKDqZJdiosVECmppdRLlr/ALYSkqEtQl5gR3SQoioDqABUQmlQSBcqubxpsqT6bLSpNpshKioqKeaiopKqpKij9lE85a+jQEmc5spCE5QhIKe7RIFiBtG2EWpcwkqUQa1JIqFHU9PKHtQaPuNHsVc9FRM8EWQjp81Q5C2gv7+3T4BqHY0TxMx8wKjRwz87aeNg5HICXcOlftKwAHBaga9j1tu9xsIduB3jvDvBo1ipzBW4BLvWlW/qOb1iyuGcJASkrAApcBm0qeX11aGTGaNKPgCictltMbaqSqVKZiqlcqvdSTKrv/5G4GjOA4bN7QYgJCPzkUGxZ6dNxUXjvx3tThuz2GWAtLhDU3AZ9NKXarRhWtl+sIkLY1iQt8P9qjWeaikc0pFLFXNKTSv1KHQKuV3tnpa/+ynAv7DkozpDsBUPfbmS3OnhHkntx2s/8QYhfs5iqqNErVbY1a2j2fVnci8wEvUiby2LZVoVc66/y09jTLMrQkA6AkCvKK0YXYPu0QlTfJ41g2NX13184ye971etfWDVX7e1k8EFviKtv6enwvmA6Z7mIIM+k7eP7LKI4Odz5mERE4DVqbHX+QauLNLIJd09PlHeHey6XYdFfOCGz/h//WbibnqfWCE04zbIzG3plZ1cdLYghkmSqMDLNnoGjXd3snghusQQGIIDYNi+xjKTlUlWygfIvGpnwcqkIFLDbGSxcFLgJUbFRoCBj4UpQ2KSs2KjYBEYUr7NRzYMxehaIBMRzu9MACU4rj8MmepScrOanewsz0YVF6M9Ytns5xbNlSzUTY6gBNnNgBYa3Z4mRXYrCOMVsgYjpw7VJYawsAMlEsrDY3iDC0lk8BuV8lKm59X1TJs8AVAKdTinS4SKRkHKkIc8L2dE5KlUTRWzZmOnvGtmUHYOWrDzxXGl0LdspzVAIOWtXBLBiaEOdxSI2xooSRvj9kAZCMF8qkBWpVWwGi/SlblRqISKRKhIlOBPI8KytRAOVN9fBYAzY4f2SxOJWQouCSxJYNWw5UFNN4beKdqpHEEJSlACkgJL0bKkA1y7gPsAS7Bo+0jDM+TOLkMAVLApCLsDVw6NFUcGcfDQrfOFUbUb7rqqK3RgepD8nN08IlNGkh5Y8mjKiMeTSyCjfd8R+H08h0sSRvRjQ1DlmeurDwZpPa5HDgRlB1AKiwIIIIOUkMpimgqAaXiK8W/FnijBJRqtRKRJwDXzqsQRoghKDZVKspdEsMzUTUzeNin1USOnlIBYWgAyEQB4QAf0hBucv8NZp/MC7H3gAdN2DAtuxIoIU4ftnOJzk1YsSQCATUad05UlnuBsHWIE4pEQYCRaVcSIeK6GKZFWFBqVFqWN0Oq4hZKpgyMy0zw4sLDV9cQyn8UBY46Cg00QPUbg0Y0nLdcZX4bzAXK0EEihKdG1zV1YlyHuWq1Y/tdPDpSWSXCQlLZQopdKcrBlKDmgcqBJYCLArWB/rIWyAW0SF4qjVVQrzqlgSRUlYelRQaznaak5F6wPdRVZlToZ/l9jMOhu6iwezuBoXBHnDTM41iEd7OpzUhyWdvrzhx4HBaH9ZFRkZEOVRqVc1GkQjVVRYNSj7KNYkHqoqjic7mcZfZaSnKwAYiraUp0/rCKZ2nnocAqIUCDfWm3O9Q1YlCm+TxrBneZwWRh0BQyksDblrtVxsaw2S8TMWolzUlT1qTXU06C1INUGj7jN07EpkZkpRoRbkbfL4GHSSkqKSTqNa3prSltqACkLZRd0+ItEcS5KiQaqUahrqBiY4EjOK6D/AIqHrSHvQ/K41C0ZxVz0V6mJtggciKaf/b6iHYW3Dx/JBoFippBIUGqTWl9tac3o92iwuz0oJIUtgAAasB1rZm6aGsNKLUYkfBNEmq2W2H5qnVRUVFFqqVyq91JNKlX010+TMC0rmzUSwlSgtSUnKlRoogFyBQVa/kHh74v2kTw6UoJmJGVCiO+A5AJ3fTltrGFcSImrCLUSfWREjD86VVVJUlSn5qw6Krsk0r1SWKisyvlfY1xcB7LSeCJROyglSUqYAUzB/nXUNHmvtD2tn8e9rL9oWzrSxUasptWuxD/GlETA6CsjKreuzi3fYHU0yK0YgBKQA3x50alK87aiK8OFVJWpZUCTVnBu9zX9IFMVGBaZGpb6eHOvjffPiU9WRQAbRwhNoecfu+AsQQqMnggpTUHG/s6J+QkEJvoIbe1u7jceYjgx2PkYTUTQGBaW5yDb3b/w0twjvBk4NRLZ/wCAD16tvHmQQZwPDv8AsBrp8enf5sQQ2z5VmF3oFnbr43sQRF9NeO8O5kJJc1Nzqd4I/Ww53PmYIKU2HdnVfLdu7NLDnc+ZggU1Pxu7OmXmA53PmYwaA9DEuYv8VFfBOLZVEdO4CWGjolJullSlTQ0AqKlcglUTjlOkhNBedAnAXqpUKPGYi6rSkheB18XQdHkZOpDtRymwprXq2tOsP3Z3iicMvvEEgi9KPWp2AdjTnrGqpbjlQAM5VgrDZAmzw8kCmICVNEoVlQ2WZUARigbeUAAOVFozAJiAgGUoY0LAMTRgw3qzDXaJPxHjsucAkEAkMwfWgFBU8rgF2tE6YGal6kLayTmHlRqVGvvUpNa2Kug1J+Nsme8KvIoVYBnPwNjS2hvekRuZNSsHKb+D1tSjesFqGns47tYb9oTBpPhccgAAl3YF6u7Clw9bl25Uhqmyysm93D3G1/PrCl6QGsesfJnUYTBkA56kPRZ1rvHUUAG0GfSdvH9lg4TCAE+0NAfzq+sYIBuAesejIZfvEOSAoMTs5r4xmDDLpevh840UlLHupsdBBduEwk3JNrn+aE6bq6/Mx50Gj7jNawCouAbXA6+tYXyicwD0pTxELZZeO4e9o7jwAVMAK/JUS/h37wdPnD3oflcahaE426uo9f0EWTwwAoS/+X0MOwtuHj+SDVt2gxCZKhUBjpe4/pTpe1jYHhisRIKpeZyl6FtxXkD9tUc+WN5gUUiuPy+TcV1UcmSmQi8dS6UdO+SWAlUEaOlamQZcUFRPRuOlDqkRKqTiiVggAvKcRF1b0r1I49SDIuyK5WJKDkSXykFSUl2LFiwcFQp0YksWpP8AEFM7ATJgWpTglFFKGUKOYJLqJBy5CqozBlMEkCGrhlOXlt/Gv8gHbqFrW0Ac0DB4pompIJqTXqYM4GpC8tzlfZO3jv36LSBybknxhbMjWsjI1Mrq17wus26ujcohaAGFBYaCG3hlPp4675jPSG6QixAQGNBY6CFLA6fTx13SGegN8gFk8IYNsQQGIIaCUUZgpC2su2W789o7QYcGxeCFGm+TxrBiCC9NT1b/AM/s440WhrYghkn2HJ4yt963aNG2/pC3exGWOx8oYFNT8buzpl5ggNz1PrGI+2xBBPDKDgOobh3hfsALmIIHo2zj+02RcdYLwtlpVWRlVvYHA8bpMtyJ0HxP1jQylSC6afTw/TxDmJjoSMv8fDrHuuYyJ2+J+saibMmEBT0bx8W0+fOPFxP4AVPOmiarNLmxmNhqgDIyQJkE5zrYySZ2mXDq8RkLogA2ymE24lRQDpr/AAnq99PINaHGTMKyGL6aFhV9K9fm8TTi3jF+JC2NSwyjRGkrQJWlZlT2VdbGpuqSpWVRIDRYESokS87J0RERHNB9KUh5QnFzMyQkm4DCtTqS17WP6OaJOZOZSSWBZxrueVtteUXbGGq+92YyMZg+1UtAY3kHTA8ZdDSZODxZCSJy6gEDMNRZm+EISkgmhYPVtI+KGGcYP85aIH7JQEASkLtXqoENve3QYLGOP7xZ372gvGIW8DhWsAMs5x4jSa6R/iWKZ7qohRLTokznJBer0KX8LwRPDL5evh84wbHoYLsnX9P+76iEqQXVTX5mPOg0fcZtX7x8PSF8sgKDlreohbwO/oHvFo5j65mrX5KiX8OI9oK3FP8AdD2wO8d4d4NCcbdXUfOLH4ccsp9kg86JJiyGLfV4RIKaywC+tqqH61520h9VS4FqU7dT5klQKQpnuAWpSpsG53tvF0/hrORxHNLnEJNQyiAaO9Cx0tvaM6/hmMXo+/hGwWjYnMBdAriml8lVVY9VhUvoMBWxWJsIDyQOFEhlOEgsHlQ+EbZDyZD+GmNTNygrQSK1UkEFwwYn4+ekV3+N3Z4ylqmJlLyFKi+XuApILAMHKsyu9UMgUBIJx5Mqcvq0C0cAztWtnFvXsa+AQoOkhQ3BcfCPKakLSogpUKkMQRY84L+ght7W2AJsCegeNSCLgjqG9YK4ZT8fhfId8rdGjvC8A5QWLMKtyhb9HLzKfj1CPFg22MOBctGFWPQ+kJtMJgW3aeq+XnpZPCCDNNhxh32d+3xncxBDAyxP9fZ+DEdPZ8/h+sIiIUQFubTKzr0fnxczbKKnubjf7PTnAUVoac7+kPbDMOrJNmpkW4fMOL77bhl1M4y7J6/OD2dQx2ffwp5QmmScLzMtrIzw+qtYT23+VlgsomANYWT8oc2Gw8oaVCCPv9PNTXjs0XWMgm/m8PlAw2EIlN/8BoAOsfEOJMnhog2xBAYggMQQ60ThGctXT32CHXd0CLKZd09PlA53iUaanv8APrHwDqANLL5VMpOjnezmBr87wpJtOKGJC2SsN0T86l+qipKlV+aLjY1Vhr9SpoiKTRRfsibJsQDiSwvQEiljyG3iC1oX8PQcMrMpJL1ZXPz+FvhG2COSsP4SmUU02m8AzUgErBaAJVW0jb5qpM2iwBsayuOv8dOUSxs2b3bhnDUhiogklNwK83J++kOGKxqlBkgijuB8aBhb4W3bVDcG4e9ph+xJlgFJcgCr+PkW28YbBxBUxwQAzg0DhqHTn56Qp0Gj7ja5wgNs4rvqwYxuB7RiQ5L6+e20HG0jMBiCPmm+VxqBukzTx+UEeLN84CtP4oIP4Hf0D3i0dxoBCrM6vJqfDwBrEo4dN7ydD3We503vT7dg9cC/u+DQnGh1BrnMLXrTn0pFkcNmhk+Y+fwDhniQEeeGCbUhUpC33UalRrwPFt9zVn2zkBPDJycqSopU1A4petfmIsXsnPy8cw6kqUhIWl8pKXtcBh9vF18cuB/8KLFdVSbROdV/VRVFWCxrqX6UKa2ShTKyp/WURGxrDvblcf728+9m+NTOB8WUZq1y0LmhLhRoFKKaBwCz0Dh3uAXi/fxF7Op7Sdn5XsEpUtEnOWAd0pBqWzafHWONWgoC/NVWymazrUqlnUo+1dNdBrb2l2TxaMRgUqBCyZaFVOa4ejkmr/N6GPnz2vlL4bjDLXLy5VlLhIS2Uttyb01dy03yuNQNIsBjhJxKwpiGIYgENaj9a+OsQ7iSxisOhSLgpIKWBcKBIoAW5HT4oZlQGFW5twCtRkFa2cafNu84glZFiQacyDCmSsTAlIuAlPwAFvJiephNwMjAyROUlfZ1KjWqqq6p+M5drN8xRGZjt00p9+sOSOFe1QVuHykm4LVbXw1LVraGSW4dh9ZcbL9PV3zbuKgHcQ0lIBIYUJFhoYclaqD6P7P/ANWCWBOweMMNh5CGD8fs7PxbHtz/AAjzMb5v8qfKI/Zsl6+Hzjb2Y1Py+sO1NmphVtW9OsOBsl06GckEMA4FaVqKxgoDnvAdWfxtEo4ZCsFIm8pE2YVtbzVPOpRdd4cAKiYQxqLJ1Gwjo43HmIhzA7h3B3AyGbXM3L5Rlxd6bwZ+Pw/6P7WTwzx+/HGGzqBiCB8SYbOsGIIK0NPxu7emXmBBEkQ9KvePR1S7r9Q6GUy7p6fKCJIwO4dwdwMul2HRXoYym46iNPfgyYNiYGS+xkDPAZCLppC2FbogICAPWxSVhXMAnyjyqYfOi7MBdSa9EHpiINxw4Kc6jUBV2pR3Y/DqLQ/BAmFITZgOdh1sXFr2iRqagiAtlJGpSIkvQBqVGsaV/VQKxVKpJmtaoApScETXOpOhVT/kq3s2Y/tErBKCUE0UAyXNjq1a7MYm/COzCMdLKlM4Qohxy2OtNXe1Q8Jpmo1giREyiPDQ2SpT70VSUNPWCgSgNFagTil4gE5KM55RKWFopABuEWfML2pXPCUrUxYOCos7c2pfQPydoj2L7MrkZ1BCqKNEgkCpsWdhoWHrD/LcOLzItKjItw8qNSs1ADUrNSnOxUblX1Ua8Xy0g0nws9OJGZMxJ6KSW8j0v8dYvis2FVkUCltVBrkN71d/1hyUN4bx7mcGOxpflGwIIDEVD3eBhl/QHeDYjMJ1N8rjUDdFkFmIN/lBCXTfJ41gzfP1/wBUEKlD8rjULRzGWVT8ymHp4anlyh24etSVgmlRem58LC2/SHqW08ui7YHZ2gLQzF/vEux7xfn3tOX1EWPwya6Uh7tTXawe/LfozkwO/oHvFoV2pkjEzBKAzJUACzqDNanhr1if8OmrwU6VPDuFJIo23w1p6Rodiormsi01RJiEzVKyNUrdzV+B7d9rhpsbzf8AiFwE8OTLxUkEELCzlBJ7qkq/Ld2ubX0j1h+H3FE8bwn7NiSCDLUkZyAGKSCanati5FIwr+FWxXi+CeMgaxaROA1UgI/Vqv8A6qKIqFQFPrUKbZ/OWtSqIkpDYbr7Slxa5fwk7Sqx2HRKXMFEJSylAWTlsdmI3EeVv+oTsSjhU5c6RL95S1gpSSA5fQXfw2vGVOB09ZXzEfwl1Ts7d19YfC555mOa1B05h2YgaR5PlKIlmWq4BG5oWdr7fWhJeyJNS9N1qWmXNRrs4us0W6GcJtMw2YeTCMy5ipKiRVqmuxf4aUp1iNz4jMC2tatzqVGuarvw0abumTIJgfMPGg8fvnDlL46pCchclimgOoIa2n20NItwGsjLd26fHX3ybuKADaOBUCXJDmtxrWJj+ILzItq308CrqCzx7A6WGem9POAEEgOK8xDm9RBB/S4q6h827/sqNz9+MdGRufvwijnxLvE/Nm9gLADwjZdvH5GH+lE2YFszLWF35eGy5sw3rJpU669If9DTqAt+bZ7P9lb9F3U2XO58zHNzufMxF2GYCYFvOQ9YSGXTZ4NiBzufMwm01Pxu7OmXmHA3PU+sYgtWGzsbEEGfSB1h1h5MQR9tlNx1HrBDzR5qA5t138bJ/gNrL43RcjRnbm4rEtYGRqBSVUiUTgFaqpfmhUgUrZZlUqjaqSqtfqX+cQfZF07BIcJYFaDTQc46Ny1OJ+AEE0rDdE81JVKFKAKjX3qbmoc6qw1+ulLI1UX7XFnQADh8wgB8l2rZOsOvC6zkv/k+cVvxdcBD1SpUy/pUar9Vf/UCLCrVg7uddYjoarVEnHzgS4CgwNWvZ4tfhJaVSgATan5VPaJ1obg3D3sm4iVEjKSlixYkbbG3Lew2kGHVLnJUkpQ7GpANuttjQfWpkQkB6pjI1i1DjAPYE0A1NY0QrKvdIzA1NYroErEQB05B2YrGHgTytGSzQ/ttaqpV2axhw2TMtRAKXdSizlyQ9XOr+Ad4rLtb2XVjVrmSxTvKOVLe65cZRUlVwzahjQvXBMO+jbe+ensuk1vpxsvEJGRi6UuxGzUNfO55iKwOFXhe6p+6WrW1OTvqxq/KFVtSv2YU4uGuNj13+zGwaYRl0L6V+PKIZg+emC3LVVEj0+ZUv1Ua5AFVtVFCASnsmlQKv1lqo1iJvVzI8CSZinJNFa/5jCuJQpvk8awbGPfOAP4RalX/AFjKbjqPWDVBo+4zPjJZKCauWDcmfa7fOHFMxIUgBqN0LgPVm+sO0np+OJ6t87J2BOE46W5UGb3mpyZnsDfk/KJxwOdlKSqgzD6kahuW9tod2B39A94tEZ8r2aSpQc1Yqq1bOf0L6xZMziiJq5aUtQJFKaBtNK89mNIdkDYqfNWLSbwA1EqE1Nedve5UVKw2SZqbbCVS1VlEjvtYg0g1Z9pZAxKZwUkKdCwHAUKpNQCGqfjc6RcHYrjHsDI7xSStALEh3UA1OTD4M8Ws+Emhyn42Yk8VDIszoaQsKirGSQE51r7AZ2VRSVB/WWFJqv09qztdoapuwU9fB+NJkTFrRnnqGULUARncAgFrgEDcJJ52H+LvAE8b4BMxMpImESAp8oUQQgPUgswceYe7cpJ8VVaZVaW81SGqu3tmMt+2xveODmhXCpE4NWWnvUOg1+RoXO8fMfHyjgeM4qQaELWGNGuLWo1NNOUItNeO8O5tIRG56n1hZLT0wLebe23qunxK2bEYYbQ3DKnzlWWg12/mAT2MQQa+JHb1gxBCZV+3tbLnc+Zgit9Dzj93wFk0Oq7Dr8jEx0yqLy2RaW28WXbNuvpIbpmnj8oRMsdvZ+DEc4aWGGpgZa59t1m7TPp3MQQQbgq56n1ggNiCCfo2zj+02WOx8jBBmhoON3Z0T8gyAXFDcaHeCJRLUqYJwyKjP0/nbSM9vRYAa94sujeXUlq006/oY1F+DmhUK1iyqY2mboglIMBkClBEBABimqioqNFWcO3TBMoczLE3P/1oiCF4CwK2r0rDigGtNvnF6YzKmslJVnupK/vX3rZ1h1DazqQRw+YCGOSxponeHThZAnoBIc5W53hgYslBLFvgFKf8S8KzU0G7Opqkyk2Cwbpgazl0XNVZf9unEhqg8tdWr1aLX4UCJTqDOlN6D3VOHbweJzbmoe0JzBmJ0vpS20K0zTIch35HqdKa7jXR4LtgYheFIyuzioFqjQeI+2HU4tM2WtKklTpUKioo1DsHqzOekVDShV6t1IqoSe6krVSqhXP/ACVqqtvZP/5aHpUap3Yksgemz+zWMViCkLLEgA/X46aX5032mwv7MFqAIBUoijMSojxHm3xhNjYozAshualqazUqlUalUP0qayHM6rX5sKTKjb/VqtTVRa80NKOJzPZgMQTsDuGb57sS28RXh5zqJNQHuz1ox33h/kJGXpsuKk2m8AAqKkqVFSVKSoQAM1FRTVJVbPu8pmABzWPun1MOBuep9YW6fT99s44EzEsCaJ0/zCMChB2gUGj7jJ8XLHs6fw7DQOfHTlXWAzO+GobdNtKu/hC2W08uL+J6BDqtaGYyU6idOn0Avd30B0ibcFmkJS5agqej67P6kwixZVWHomEy+UhcI5VFSWNQSxUATHKo1zSgCkAmACOXJqVSmIXXhe0O49K9lLUU1LMGpoHehNKWBNNatOuFoM6Yly5cMCWcv3Q+gpVgaVYtEtw/S+Aw6RiXh1gDzz5cgkslkuWPvvC88+8liopKnnnnhteeeErF4RERF4RGY2tXE2V7dSgU0ZQLiwIs/wARqb3i2eFIGEloUkpSEAEAMGCGISkCmlAGo28ahYt9PltCU1RJl/WqH5raFpUalMhnL7V6pC3n/tLMVwvtfg5cqiVT0OU1FVC7OAfG/lHoHs/xX/xB2OxvtwVKRJWkBQAPdCgzEAlyNh8Y4sySnPRTqYLlADwGJWWFhUZA+IC8BkVvCUmYPCAAAvSEJiAAAjMZBMG918Jne17KYGYk51GWizFTHLcBy9Xt5R8xu2OHVK7X41EwBLTFAkApQVd5ynMPdd2vSlY96an43dnTLzByCkgJcgUFyB6ww5FknKlRANwkn0EChw4vMtAyHbx5i2QQbEHoQYwUqF0qHUEeogthv97xbMawqMQQGIIrIQqOrbfQCv8AapVxLy7dcyX8Lt8N/lDovQ/H78YlHAzXKT3CVed3lr72M6d/gfpDet6VptzrVoi6mpx/6Bb26OL7tlgoyS5qbnU7xzgtTU5h/wBA1d93jPTsbDnc+ZghN/w//rNiCFvA6DRx1XSCWgd8wBspuOo9YINt3ghQIcBrMyKg6LNOu/V3duU3HUesES0b091W4CBp9FFRTzqbmprmkqKSq/PSlPaq19cmVYjvAdBQUegpT9LV1hZw6VlVYlnPI3OoA6WreOjeEsOS/Fdxb0qifepUVe1RrpN4qKrOyqNtPv01NRl/RG21nHh2GK8pLGofztUfUC7Q54iYlGUOxJbzP3uL1isyqw7NqqMreajXdzT19m/Wy3tAAmQQlgyRYNsHpCfDn/8AIydASC2msTHCvAathvCstszUgEAVbQqpJlOryEWqbE/vVfzK+UX1JAHD5JAY5HcbsKw/WGAsGjEJ7YYG4B8Iww2HkIrxHLAatMoVxHnYllUCBNQnIBS0aKpKQKRAf/auVwslvUEhaU8FxKZS02Ggem1tWLCzV3akI7YSfbSzlSHCSxAcjegrsW3A1pET4XRCtY1pgsAXnSqDKTNV6ccl4QB5er541QCAdfAADlBkQTxReABGQCaJ96QiDouzM/8AmchHe1rUg2BBfqPGpEVNIl+xWoVBKmZ2oHoRzp5WrE/s+JACQ2w9IcYJ0+n77ZYG4eCCbN2K/dnor/iY1k+997GFah+VxqFo3igGVQW+kSXDEixIZQZoZK6eFRreC8OAF4Cs2XwxTVQu2eykGCkVUWAMpDIYqm0LAHWAiA3jOvuNVCwWIBdjVmDgjmFAEdHvFgcCclD1sS/IkgjmFBJGzOKgRarA6fjd5dm2xoUUgqmpAAegYNcEafKLNkqUBLqaEG53i0WLTGmH6JUiqTakVpUVGpVkAbVVnWeda2qqe8SrW1M9puAGXxaVNWHPtApyxIdi7knRm2MWrge1H7BweaiWAAZRBCQAC4N6VY/ZjlwiIlD4siRGksK0Kv3ykqilGc3KxCH6rATdLDFZVil1UVTIgESVREYi4I3CICLswEJ+nvw/miTwuVLUvOBLSwVUOUBwEkt3TR+VtY8Wdv5iuNcZmzfZ+zV7VROVgWCyAXAD5gx3DsagxCOB4BgC1FKmIgJoVmk6r0ABUF8wskLLONTiCSkkOTYliHoXDDp8LiN+D4UBCXQlXdAfKDyezW1fesORXlOTa2KhLeajUqssuv08aGxwWao+8STsSbamvwD1HWG/j+FAJypCWcUAGxYfWtLQZoaC7y6g8R6xHQ0oiFEMSNi0Gaan43dnTLzAgg18SO3rBiCKg0NPZx3aw37QmDNftOXx/SHRdgPv7rD2oTzNtXFo/ao9A6JcdYNsJhJbveZcV125w3ruK+GutWhNoafjf2dMvMdo5x9sQQlUvOPQ93gxBCl6QOsOsPJsi46j1ggv8cYbOoG7ODYg+MDE2DxLEPObDXd5tsLjqI2ALihuNDvF48SCFYRZxoUqJngA5LQWKwjQqbP0RVMhKoWlXK5QCDwHtZxEB3kjMIeCIiAugDykZlqDAuWcCreHmb3GsPmFlBA/hcAuWdiKaWLGx2AfTXCNijrIyFN/RWdTW+w13bLb5a2mvBsMko71KP3mFSOer3YczpDdxCblmUJZwLuNLV/paois6x+bip/VVVfukGa+0QeUtqsDauvKFGGI/tGRUafOJ9QdP7EpXYlUqP8Aukp6NY7dljVJif3qv5lfKL8kkf2fJqPc+Qh1sRiE9iCIujknDBSQliomy3nXJU1NUt+tRUOVqVt059Kiqdnk22HnrRMSHJBNhz+HziM8XkmZLXmrehfegL3po/rFcsXikeUCMOIrPYAaFT8ela8uywqNH3XzIoQTpUVJFAlLtI4L7j7uQxSVKIHnHnnHgNz9514XRARtrs40+Ukn+BwCG0BFxR6X1brFScSQJU1waEuPgxYWodagkDrYX4kdvWDPkAsOgjwYjMI7N2K/dnor0jWT733sYUGjeKBZQarGngIkeHI3FVJasM5B5yjYvzL3VD9AJWFZVZYCqVX+MJf9NRepbpkG+vuM1Exq39IsLgNFJfanx9Yszgej7zQwllrVsQerPFlS/cT0ifsXuGSfUi2X9ZYevyo1VSVSpqa5JxUiBD2WQBsOSvzPPUuFmVRpMN82qvtfxMq4jKYEJCwHYkUIBqQ19dW5Ra/ZDswOOcLnFRcpQb00NW+Bp5xh3jYKSKcM8cXGiTycjTHgrq2J1IVOGjsaIl0qrBIm6WwBepdJ0yodPX1EaJJMvL85eo07hKndTTlGbnFNRcmiVCkpGvPsHOE/h0vIvMQkOEklqPUJJLHlHlT8UuEo7O8XmIDv7bKpwQHOU912BDEPl7ruD3swFMkcVF5aWlRaW4BYVZqKuu7Tbp4my/jc0inM20L7VrvvZo24LISqWggggpSaVehOm51ez7wpRCwGsjJKmX0VpCUg0durTtbPBJqiQDuK13Lk28NB1s29oZCU5nIFDejFqbbA2ht0Jrv6rbNl2qYab2nIqAdwIqdXvK/mPrAEqMPeeH79Gvft39U8xiP2qv8At/Z+LEEV4TdBnL/kFahezfDquw6/WHYcHpgZZtsKioNe/wALLgncxDau46fMw26an43dnTLzAjSB6QOsOsPJiCDbEEBiCA2qSXVU335mFwAYUFhoIkaHmA5t6x07g/HTrZwT7o8fUxskBxQXGg3jd74OZDgiYAmsWlHaaxpVJoqpjfkAlvZNA2TH5yiVKqIYXTyunIBmzvwoAqSSA5J2Om7a3q5cmsOs9wgcwLbV5C9y71JqRCiZYdWRkamRl71Na18LfENfQ0jmkpl90t3dKbbQwYn3/wDV80w2zOgzaa2+6jXx2ALIsSAcBPJAJyGprqoelI6YQn9vkV/Mn7+A8of0B8OrKCcFjP6VgtCs13VrD0p1ePULUuf8dO/ni/cN/gZXQRKVNcO4O9lsKYLNhVj0PpGRQg7ERBWMgeGBZCVUlqbw8CtVL+qYVpUCm4pNYqG+SdaiICAhk2RGpsorwHNFgho68Mk+3mAAWLE0NeQPqbs1aQwdpsSkySEgAZbhntex5tS/WAW4CXlpaVFpZgFVFRUVFRUVFX0QVFWaSr8t1mq2eESzJlh+6G0ttt0t5xSuMJmTjWoU93BcjrXba0OVnOO6bDoPSC3xI7esGIzCZT6fvsnngZVU/K/i5rHOXr4fOBQaPuNHMQA6qC6/WHWUS6Kn3hr/AJoamLuImaJM1ryix4IpL1fL501K/eqUE3FKoI0dCb0gCFiXTAhKUxEXhB0XhBq/x0s94kUKlGgd2oHpfKA/QizGLG4WsJyFwDrlLbMSaVyjnZgWrFl8D0feaFY2WXVRnc9HsBQOw03PVrJ4fMdCS7uLE8vtjFkMWnDasiQVWc6pU1Kd/vbo5q6d7VR2tkZpCzlDh2LVd7g66ny2rff4b49OHw8yQVMVghnapCj4+B2teMfvhdUcCJxxFSthwEasipCyFi+rPQbGZUCrhQaCAgI3kcLUvN2VlbzmIvWT/wDBTHJkKWibNK1BMxHs1kkISxUCCp0jOpSywFFAkklRMeaf+ofhM2ZjjiAlkrmJUFC6iVgEFhRgEgGruwYitCkrgI1b9q51u28dNjTfHTBMmzLF5ii3LMTY2el9rbRTs3LOHlSwt3CE3OyRYl/X6ltqqgrMyKi38LtodFu7SIMt4bJJKSAaM7UG/Ij9DrDD2wnBZIB3YJJq2vwF28oTcMoOA6huHeF+wAuaZigHQRVykKc01Oo36wZoafjf2dMvMcxjIrZvER9sR2ipFNQWcd+sN2wZgzfDquw6/WFvAv7vg2SCLgjrDau46fMwapvlcagYY7HyMasdj5GPpsRiPj0gdYdYeTYcbjzEbZF/wK/2n6QKan43dnTLzDYAmwJ6B4wx2PkYNfHDt6gbmm6uvzMLgQAASxYUN4epCamBkWlSJTfzqVRqVJVKyD+dSpNhKUr/AL9NZjo1BrcEKTlFRrqN43SlRIZJNRYE6x1EL0jT8JoSpaEybHNSVK0qgSobfmqlSqqb/wBlFU+5nnhVFI0b4UhzxAIlpowZOjUiubSKdWXSvd0rt9D5QwYiqi38XzTBKhoON/b0T8hRzwTw+cwJdBbnVUdMJ/j5J0zJrp5wpYt9BVsAYLFt9VQrSpUP7KKapts+quNFLKpjpz07+vhF+YUpOBksQaCxB9ImymuHcHey2FUFqfR0eLYVY9D6Rg0BOwMVein7SRshWmwGRUgSpVRUNZfSpqPqoQADb9BmkUxtnzOGoGeOyMoTpwzMwVrRjUah7fPetfcfxClhT1Afq7fSnmNaPWg0fca2ZksSZaMoegcJ0py0ezkgtakV2tlLNndwH/pr5wt0N4bx7mwLB7sHjtAprx3h3NmCE6m+VxqBk8+qVNXu6V1Mc5evh84i2LSjME3DdfqQt51Kkqa1UP8AWqqapSpTtz7VX5NHMRQqelV+sOcuyevziUUISYAik4lkUXCIlaASpUliwRnMStLFQlIiOsR0jOY72iWMlsFEDKKsGtby+j3ib8MmAKQKCgDPUNYCzXoOVIlHA6fjf59uyxoRjpblVGYE2ZncEeLAxZXDJhKE1AcinVvnT9YmOFRrk3EhAGWtVFXTWuabr/eumbVj2lkZ8JNISSzsQCfS1PhvFn9mcfMw3FsPJBZKyl2oA4b46VBBiAvhzoSVlDaAUbC0fmAvlVCxUheOS0VCnKwqNTXSGfECKeH9bQCWkGn8PMf+y4uagLykEhiwJLkM9xQudKAEOA3X8deDoxHC8NPCCpaignKCSASk1ADGwAq9XBFRGJxPT7rOJ26Lr+qwZ22qaZkwk6k1Ja/1teKK9gjDyAzghADWI7vQFj0oW0iJVueGCbWwAZfRRV1T8ONs44JLCkAlnDVNX/XyrFccfmKWs5klNdQW11LX8amDNCo7f+QGtm3r26regJgz+SBcgdSIifsXsH37rwpUNPd59Q+A9QhpbGdH8Sf9w+sYMmhpofyx6NlxuPMRx9kef+0/WK6UJH3hv8vO6bJPacvj+kOmQm6QfKCxPQGBl/z/AE7A3TCYW7Lhmx7Tl8f0g9n/AJR/8YGGFRgWGVmH29HjfxsZSsDKaDy5xqw2HlCbTVhtl2zs7fC7SzbNt4K+UbJAK0uAe8nTnE2GSOMDJNpXJzNQccae5o4qcc7ZjUkXI5W9dA8TqfhEqkpIlofKmyU/wgbP93hkmRGX8286/lr/ADvDpmHCVgyy7K7pqWo41Px8LMYiOLAw5UCAKkBwBqzB6Udz5dW3gX93wZLNuafmPhW33tDCUEzDzL/Fx4a8hSLe4hCHCJGONAItHABNipKqo1ioaXAE4VpQ1VhXOYDMMuclrLLZDPQLa6vaJqWzpdybf18GtpE04RJBQAEhmqSH0JBfQu2mpoCXje+PBr7SVb9FFXYa7pfVU7O5pxhqBLU7qfQn1rCfi4ATQAV0/lB9YhdpJJrLrXu610MRmVfxT6wRpvk8awbnhq4Sc9e6r/u+g8o6YX96Dq6a63EGsXvDqyhKVWc1KqKiV0hYlosRCSeu3mrp23tTPEGGPmt/E1P9NPX4xbXZ5RMhLqJ7puSdYnRuMP5Jc1Nzqd4L0+jo8WLxopRyqqfdOp2ioSbp8pIkR+W39aimFZVsKoVlOdbw/wAq6pX09e1pl2fwypa0kBiWLij6/M2f40rPjmJQoLAZ3N7lno3oOo1ESjQaPuNZSe7LSDUs3U/rEHLqUdC9dw1H6/fOFuhvDePc3OFsDDL+gO8Gwqx6H0ghOpvlcagbjLqhRN2NfONJV/FPqYguLDuBGgQtRbgPPAvIzoB6kEAEQdcQLxpGk1F4QsB15+F7rgCMgF58HRG2TRzizBQFnUkDrmf0HwhxQQAh9TTwJPoCYnzA6fjf59uyxmXGSzkcChD0+Ab5dTEk4dMGdPeqH1t/QP4Q/wDA6fTx13SGegN8gFoVjpRJVQOczUqHcbUp8TFkcOmkIQp9jdvXpR9bw5KGns47tYb9oTBoXxaTkwE6WpLlQUxIq56j6dIn3Z3iQVxGSstRSa7ANyb5bMQRF6o7w6HGzxS4gIkrErA2iBCoTRKiaiP8aaWdKVWgQEbLBXKVK3RAbwsGYC1GYLPwzixmkqQkzWOVRTmCixAZqKCiCC7hTEF2i8+N4NPaHhSJYCZhRKzAKSFsUsoFi4DEPSrgEVZ+QNH4bIZBgIFd+azYM6lMh5qNJgA11qneE7AGbXpJxScSJWXVKGtsn63pU86eWuOYGZg8YcwIZZcFqF7FiR5FnsWrCZGzAayWxVP+ipVp2jund1ynrayOA9xCSWq2t9m2rbxYPFb9spiDhksEglg4YEmlS2rne0Q5geHGBaZT1ar7NfVxeC/ixYOKOBbWl31q+gsIjvDWWAGFeT6Ej4H4CHtgVYVjm3Zd2ds59Oxo7IWrODmVQi5PM/KF+JwmYOEjV6DxduVrVfcwXyjMfo8Oof7rPPt1b/8AyH/2ht/ZDsPMfSI3+OHb1A23tOXx/SMeya6FDwVH4m//ABPNlMxyGGo1fXpGpQNiPP5wtqPmzo82eFe51A+UIXFnG14jb4/Z2fizZOokn/Kr0jeXWYgbrT6iL1onAqyLSot7Px472ha5hMw0rmOpahbS3i/KsXFhcMmZh0ki0tNTyTUl9j1ivBzQe0hr9qmvaN3TqEekGmnBln2bOaJLitafEsYqjtb/AHOIKUV76Q6a/msQNLPZugiNzLnJ7p723m38Veohv9m+SlSB40Hprr8I1o+BzSxeZRsiotp/NWC1VdMU4hFPSOYoWGt+k3Ztf+9Ds4Uk+Dj6Vib8GlpEsuLILcgRSo3rGh0SMOrJbKoyAPes5W2gVZp6r98562nOGsn+VP8AxMM3GKgtXvG38oGnlEf03yeNYNJJJHs7/l+v1HnEYlX6EP4O/lBVueHIGEnOW7qr0/ijphqTA9KpvyIfyg3Aenzavy0bMlY0r8f+9VUxYv0/P8d/W1M8RBGPmkhhmuf9MWz2drJDV7v6+kTq3GH9Vz1PrBamprc5ddsuizi4Lb9k1Ukf5h6xzmUQs7IV6GKdYvmcoSoBSegTNV+VGsUzW2czWKZsbRBNZDOX86rOwLGtTg+GSkIYXANmuLnWp3ctuHikuKYhSlrA/jWAwIpmOjancUqTE7NJJpygN5enTa3IbhuwySskmhqXI60+fQPHzQ0/FnAz0aB0S06wpgzTU9vHdqDftGYthVj0PpBCdTfK41A3GXRBBoWNDTeNJRD31HwJfy1iCTKRlH5KlvupKoBfqo1+1VUbFKTSuj6DKl/b0XtHeK1VStU2r+Z/SHFHuj71MTZQ093n1D4D1CGlkuKQMlgO7R+QqTs7esOXD5hExJNKi96Gm2/w2h7F2HTHd1+em/XZe0Nxcp5jAN3qFtK3B1LC/KLG4dNJQACGbTn87dOsOShp+LOBno0DolphvaaV7OaJQsQLObir1pp6aUnfBpIkSfbhQJHevW+lX301JpF/MVdVezZqm/6KmtalX2Ua86/79/e+4GoPt7KPDky5ssZVGYh2H+dOxNSDYt13v/8ADXH/ANoqmSJxBCZawMz/AMCmvS7Gng0YAY+8DwgpjZxSeLMBAEvFT/H4gQCwrDLw1NAXxWIA466AJyKxWqgydAXnkmk1WhH37wnYXZTFHEjDqJCnQkKqCxCU1IADBQIAckqIWTFQ/iVgU4PFziEED2ilAtQ5lKcAkkli5YhKQClKXYtQGKlB7SafmqVb9f46tN1jXhgQEy0ZasUksHq9mD/0aPMvaubmQAXYF6dXrXdvhWIuwzDry3d+Epjv7WV8WfLrQJ/41+J8HaEHBFOpOYj3gPg1/L5Q5CLy8GjcksrTx6GJycOlUujFwXIPKmoHTRt4bdX7e1u/tTz/ANx+kN/7IPsJhgj70/8AeBlcr8vj84Zpl1dPlBkhuHePe3eXZPX5w3zLq6fKFpU82dP/AIWfVe4nw9DDSPf8VfOI3obg3D3s2z/cP8q/SFEv95L/AJ0/8hGgqDuKuj/7QaB/+t/q+UXZgv8A+OP/AOpHpFXVH84zT7WNe8GnvBP3SunzEUz2j/xy+sNI3u6fEG6z/eV/N8jGifelfegjYv4Fb5y4yf6qwB/e0bWZl/vk9UeoiacH/dH+X/ti2ik+cZt9qGn72Fp/h/cl/wAvyMMHEbK6q9TDSprh3B3s+yreCfQxGvz/AOn5wWbmP8OvoqNUfvR/MfnBqA3OMff9NRT/APj5BFqh4x/jFfz/ADi4eyvueC4n5kqbDoPSHxVz1PrDaV/zJVX6rGv7pOG6S/3kv+dP/IRynfupv/61/wDExXiD38W8Kv8ARSgf+Eyprg4T7sv+Qf8ACKMx/wC9mfzr/wD9DEgU+n77O06x6D1jlhtPv+KDVD8rjULYjpApvlcagbCrHofSCEum+TxrBuCvcP8Aq9BCZFz/AD/MRC5R/wCkbFL/AEMwD/4rxgmjuO/enw/7ocJXyT/zMTM3LEe4eh+UO2G99HQfKHgWfyuNbRXEe+ep+UT7hXuJ6j/uh3UPyuNQtCe0P+KT0+QixOGf4RfQf8lxbTFV/jHNv1VNf3oUNRH4m/4dH8yP+cXd+FH+JX/If+AikPwxf8YmKz+oeMh/xXi0tIuwP7pH/wDX/wATEM/F3/Ej+Wd6ojEGLXOJV+q4dwt6G4LaX4f8RHkjtR7iuoiAjnnMp3B4Mq4x7g+9IbuDe8nw9DEkJy7o8QaLIuenzEWLh/3I/kHoY/G6xwj/2Q==	\N	f
13	47b952ad09a04000aeaeaff1d82dff7b	\N	1	1	{"project_name": "Project Alpha"}	2026-03-05 17:43:52.526692	Test Asset 4	RIYADH	TEST BUILDING			Al Ami Ibn Turki Ibn Abdul Azizr Faida	Al Murabba`	12612	24.664560894754768	46.707794581716094	data:image/jpeg;base64,iVBORw0KGgoAAAANSUhEUgAAAOwAAADKCAYAAACmJqw/AAAQAElEQVR4Aex9B4AkVbX2V53T5LiTZ3Z3ls15CRuFZeGRRB6CoqiIiWR4Kj7eU9QfUFFBn2BachYBQZG8oMuSFpZdYJfNaXJOPdPd02n6v6dmq6ZDVafpND3VM19X1Q3nnPvde+reure6SnXyqRt8ChQOlDYwNdqACspHYUBhYMowoDjslKkqxVCFAUBxWKUVKAxMIQYUh42/spScCgMpZ0Bx2JRTrihUGIifAcVh4+dOyakwkHIGFIdNOeWKQoWB+BlQHDZ+7pSc8TOg5IyTAcVh4yROyaYwkA4GFIdNB+uKToWBOBlQHDZO4pRsCgPpYEBx2HSwruhUGIiTARUQZ04lm8KAwkDKGVB62JRTrihUGIifAcVh4+dOyakwkHIGFIdNOeWKQoWB+BlQHDZ+7gAomRUGUsuA4rCp5VvRpjAwKQYUh50UfUpmhYHUMqA4bGr5VrQpDEyKAcVhJ0Wfkjl+BpSc8TCgOGw8rCU4j1arxcyGOqxbexouveQ/cd2138BPf/K/uOP/fo0HH7gLTz/1GF58/hn8+7UX8Oa2LXjnrX/xoH0KozhKQ2kpD+UlGSSLZJJs0pFgsxVxaWBAcdgUk56Xl4tTT12FK770efzslp/g8b88iG1bX8YjD9+HX956C77z7WvxucsuxVmbNmLlyuVonD0LM2aUIz8/DwaDAWq1WrSY9imM4igNpaU8lJdkkCySSbJJB+kinV/+7MVYXZyHPK1S/SKZU2RHqbEkVxQ56Bmnr8f3v/ctPPLQPXjphb/jN7fdiq9/7Uqc/on1qK2pTrIFE+JJF+n82iUX4baOo3jpjdfwWPM+/MDagTNdI8j3eScSK3sZyYDisEmoFhqCfuHyz+JPf/w/3kFvufkn+M+LLsTMmQ1J0DY5kfUdXfjUvgO4adcOvPjuNmzuPIIrbL2Y7XVOTrCSOykMjDtsUkRPL6G1PjeuLMvjrzlpCHr1VV/DksWLphwJi5pa8PU9e/DQjrfxcMt+fNneDyrblCtIlhqsOOwkK/YCpxV3dh7D4+++ia+W5vLXnJMUmTHZZ7V34mu7P+LL9oeqfJxzzlkZY9t0NURx2DhqvmrMg+tGuvHS3vfwPx/sxIqmpnEpez4GbvphIO75EzA2Nh6fzu8H756w67e/Arq7o7PmRz8AHroPy75xFW784X/zs9XXXP1VVFZURJdfSZVQBhSHjYHOBd5R/HSgDU++9wY+9/Fe5A3bAnO/sxP4yS2B+MczgM8XmC4dR8//c8KuX/4GaO2KzooNZwKXfQk4fROfPp/NVl/++cvw1JOP4Mc33oB5c0/iw5Wv1DCgOGwUPC9cMB+/+MrluNswhrNKC4A1q4B5jeM5I327HEDLcaA5zXAwOyLZSvHzZo2Xj8pIMBkpVBL/cfYm3HvPH0FLRcSRZCIlMKEMKA4bhk6a7aWbEO7afCc2fOFy4JkXJ3D99WFy+kW9tR04j137nbMRSCe2veFnVJjdb31nooxU3qUrwyQej6KlIuKIuCLOxkOV72QwoDisBKsWixnf/tY1/M0MdBMCn0SjBQpY7yrAaOKDI36NsOWRfUeAdGPIHtFUPoGJlUsoI221rNx8ROQv4opmyIk74jByDiVFrAwoDhvE2EWfOh9P/vURfObSi4NilMNoGSDuiEPiMto8SrroGFAc9gRPc+Y08vfuXv/9/wJNrJwIVjZxMkAcEpd0bzNxKylGCYyZAcVhGWVf+tLn8cB9f+bv3WWHyn8CGaB7m4lb4jiBYqetqGntsDRB8vs7b8c3vnbltG0AqSo4cUxcE+ep0pmNeqatw37ygnPx4AN3Y/mypdlYrxlZJuKaOCfuM9LAKWDUtHTYH1z/Hdzw398L+KnaFKirrDCRfhJI3FMdZEWBUlwI0WFTrDct6mpqqrH5z3fgUxdekBb9itIJBqgOqC6oTiZClb1IDEwbh6UfjW/+0x1YtHBBJE6U+BQxQHVBdUJ1kyKVU17NtHDYVaedjgsv+y4+POLE1ve7RfQMOKd8BWZSAfqGXCK3/jyH26c6obpZderpmVSUjLUl6x121boLsGbTF9DV5wiB06U8YSGRLZP4lOI5mrA1Z30BVFeJtCcbZWW1w67bdCnWnH6RbL0NWF1o73HEhd5hN7q1Gh7ZtO2bBCfEpyzZMhHdHc3Yuf1VHiZzHmaetFwmpRJMDGStw55x7uVYcdp/UBllse/YEN7Y1R0X3jo6hPfU+qzDm8eH4+KDePz4yKAs13IR7775Em698UoRj953G44fOyiXfNqHZ6XDbjzvi1i88oxpX7lTlYCuznYcO3pgqpqfVLuzzmHVOiNef/XvuPPWbycEx4/sTWoFTBXhrU0HE8JncL28+a+/S1LQ3dWh9LQSzGSVwzY3HcFbW1/AtteeSRj6ezskaJt+QQP93Qnj1L9+jh7eI0sm9bRUp7IJpmFE1jhsW1sTOtpbpmEVZneRqU6pbrO7lNGXLisctrurHa3Nx6IvtZJySjFAdUt1PKWMTpKxU95hvT4O+QU1KJ9RnxSKHrn7F7jxvz4dghse+C1+4HFlHW545PchZaXyP/inm5LCb2lZLZYu3xgRVMdU10kxYgoJndIOq1JpYDaVIi+/BHq9KSm0tzYfwoGP3wvB3paj+NjlzjrsbT0WUlYqf/Px5Mza6vVGvv6oDiOB6prqPCkVPUWE+jvsFDF5wkyNLhccN14EsyUPJaU1CYdOb5hQOI33dDpDwrml+jJb8qNmleqa6jzqDFmYUDVVy0QVp1bpRfNpaDV/4WokGjk5RaKO6bxDJ8REc0vyYr2UoTp3jHLTtiqmpMOqNEZoNeZpW2nTveButxo2m2da0jDlHHbMC/T3jaKjozMAIyNBT+FPUHVW181NeK9NPctUQ119cn6WaLPZAuoxuF6ljh0OOwaHXPC4M+AVKAlqZ9GKmXIO2zcwCnLOYLhcrmjLHFO6/LySaK7dsj5NXn5pTLxFm9jlckvWZ3D9+h+73R7+7ScDzGmj1ZMt6aaUww4Nu+F0Sp9VPR4PHI7RhMPrldaXLQ0g2nKMjY3Jcjts7cfQYE9csI30w+Uc5uHzxcY1tQVqE9GWIRvSTRmHdbLhz7DVLcv50JAVra1tCcfo6KiszukUMTrqlOV2z+63sev9LXHh8MHt6Onax7CfDXGjfDuBH/HUJqht+AVl9e6UcdjhaTj8yeqWl8DCTae2MSUc1mZzY1RmKJzAepcUNTQ0hJ6e3mmPwcEhkR+7rQ+DA00iPO5JjUJOyPVh2NopyvSXT/u24a4T6UI31DaojYTGZF9Ixjusz+fDkDV9U/g2mx3UWKc7aDZXaP4upxXkQAK83sRM+Dns/QFyBfm0dTgGBPWSW2oj1FYkI7MoMOMdtn/QAZdrFB6PM+HwxTjJkUX1HnNRiCuhDsZobc1PgsVkRGFOzqRQwPLTM4sh8/HX7wvST1nGxnzsxC4/x0FpsgEZ7bAOux1HD+5ET+fHSYFzdGKYlw2VmcwyuFwjYh2MOgIfBXPW8pX44lmbJoUvnHkminNzZYvgdtlE/Q6Z3nZkxMMmrmKbaZZVmKERGe2wbW3HMTbmSRp8bLidofWSeWYxroS68AWNTAw6DUx6/eRg0EOl4mTL7QvQ75NNN8iW/mQjsyBCFViGzDkaGR5CX293Ug1y2AcwPNQeglGZM3hSjclQ4Q57H8+P3dYvWji7shKrFywQkWe2iHHx7pCrLmmYJcr0l0/7C+rrRNGjrIenerONdIMcWYxgO6MOL7uEyt5eNmMdtqOjldGf3H9qjNahVgSDHDm5mqeOdLutl+fHbusRjW6sqsKGxYtEFOQkwGE5DssaZ4ky/eXT/uKGBlE/nVCpzmgyCgjtba0j2Xstm5EO6xixwj3QhxyVCmo69YpVlZodOmv72LAvGKnRnt1afGxo6x0bQziMsfhgFjiOg06j4aFi7YLiyVV9bALK51dXFE69rNuVnb2sigqYafimcwhvazgea/W6lJvnHB0UJzh6Tkx4DbF1x5QbkoUKB4aHsXPfgbA43h764LuKoiJ8iU1sERqrKnlmvGzloKd7v1hXQ4MTz/QatmVnL5txDlvFJpmuPHwE8z1eHjl81aT2a4ydtd1uB/xBSxrhrVBio2HA6/XC5nCExag7dF1Xy3rXkvx8EAxaPa+KelaPXz15PaN8OH3Z7V54PdQH01H2IOMctnKoC/cYdCKaJYZHAv0GUw7mrDob8049Ny4sKavEMo0qBKfqtNhkMPAoUat5dXRzgG2kBwJczmE+XPmSZoB60o7eXgRjwDoincEvdHTUFZKvb2hiCa66tBhLZs7CSTXVbGZZJeb0elxi/XhY7ztiz75edqK0YrHTu/OHw8fxFbtLxIcu+buczHnFWPfpb2LDZ78XF85tmIvzPGMh+AwL+6ZKDUK9ZtxhPe5RDPYfE0GTMellKrO1k6MeON6MYLT39EQ03GqzheRr6ZrIt4hNQJ17yiqsW7gQGtVEE3az3laoIzqh2mzeiLqmWoKJ0maC5f098Hiy76yYCdRORxvGxnyw2+VP+FORk4xy2Jbu0MmGk8+9Ehdc82tJUM+qOXE9Ew/5ttM/B9u3bofzM98KyG5l17D7R+0gXMgYutlkwhVGY0AaWgvsZRMeBLcrOU+7CFA4BQ6GWM/4wcHDIAxGMfSdKNL44syR7i583Noiie0H9uORV18LwHPb34WbXRP7ywneVxw2mJEEHY8yB2kfmFicF8QWVc1E1ZzlkiirmwfOb0gk5Il26yqrg2PmUrgrGwOyUB9vZWdnQg0bVS0Bh5lc4PqS1+uGc9TKY4xNlAUImKYHHo8Hg1YrD5ebWIyBCLbcM8ImowaZ00uhl8k93tkJf7Sxa2QfyxdOC/2Sx5NFk0+qcIVNZVxfXw9mzFyIuvmnBsCYU5BKM0J02dj17CAbpqt8HqxiS0wC6nUaMa3LaQP1uC5X5AkVMVOG7rjddr4sVB7CmHd8SGnU60F3OBHyzPE/A9rNnLp/ZATBGGCO6gkzwRgrXUI5+GtZx3gZYpWRiekzxmEHB/qw5lPX4Jyv/ywAZTUnpZW3NtZ7HnS5oHO6caNaK+J8tswgGEZ33fT1HMTwUJsQNGW3NAtOZRHgOjHcLysowCUb1vOonzEj7vJZWS+6r60VUhhlPMctOCjjiLUTVIbBgRZ2Aoqxtw+SlUmHGeGwDrsNdnaGzSRiFFuyhwG325c1v+IJddg01FNu5Wyc8fkbkFsU/5k72WY72DXtkdFRCChze/E9k5FHrVbDq3e7HBjoOxoA6n3Hp1T4JFn51cyuLfceO4aWTvkfa7T29eJgRzs6BuV+iM4hN68KBUUNUSM3vxocF74Jez2j4/XBRnDIgk/40qaogA3LN2H2ijOgN+emSGPsamhQ1cdmjwXksv0NUIFQcOJnYV6vi40UegMw6rAi2z/9bEa4u28Ag8PDskWla9QeNnE0ZJd/0JrBmAuTuThqGIx5svqEJUPh4AAAEABJREFUCJoQtNv60NOT/B+TCDqTuU27w6q0Ov7xmT3NByDA2teRzDKLsrUDHdC3H4Kmd+IeVDEywg6bi4KNOS2hnM0gN7JetvLETRb+WX1sssrFrgPdbEJqjM0s+8cp+4CKzQtodRbodCZw3PhIJRIvXrcLxKfH7YiUVIwftg5lxRp/2h22r6sNT91+TQDee+F+kehk7lheuh85v7oKhod/GbOaAd8Y9rIhMuHzYyr8SmPAl9lMarAgj3sUPZ370M1gt/cFR0/7Y5OpCKXlc1FSPg8abXQvHhsebuf57O89Ch+rh2hJtA7JDcejlZD+dGl32CFG4hjrqfzhS+D0fliKqbJp4T3Oh4XTreUEFVsLVHM+qOhAUiFFMLB0ktHTOZCNTgAO4IEoP4xLCIgyC0tmtQY+2oYFTbn/tDssDVWCWettPYS3n/lTQvDhv58KOAvruo4h/6W7eajajgSrjuu4m127tjhHYWDrtV9mE1H++KTRIDbFUccQhgZbQjD+Q+y4VMeVaYydIIeH2kPsINto3TIuoUGZ6Hr1WE83BIzK3EjhGrVK2kG2yMHllF7vLs3R4/z5ZQFY21AI/pzA7JNqayx4Sv2n1WE9rIHb2ZJOMGP9nU3Y9drjCcHBHa8wh6Wz8bgWTW8bNM89woNrPjYeOMnvfjaD3MF6aj2bOb6ITUT5Y4NKjRNzUnA6rRixdoQg1UNln88L20h3iB1km9slPykUC00DthG09/eLcHk8ktld7Pqe9MYCt8y1a7FJh3WzigKwtDoPHPsj5dTWqM3R/lSFKp2G20asSVfvYw3FNtgDASM2K6zslJtIeE+UYowNeV3Mcf0BNrwvZk5brFbDKHjuifTihuWjGeZAuMXoeHfo+i5QpgvCcbRLTXSHU67JBLNBH68ZCc9n0qqRZ9SEwKRTh+jSsLr2T+uwy89kh2TOwIC0OqzH5Uw6JQNdTfjbb6/Dk7dfzePRp/+M+zgkFG1qJpCVZAQ+fMyGxv5ws4mpW9lk1K8ZNuh1LFXov9ttZxNTewPQ33uI+bp0rxQqQTqEnlnV0xkol477ew4xx41O9sZlS/nHl25asUJaSaJCY5DzicYSXLe2IQTnLQh9w14pGyZfs6ZeTFtpmBhtxaAyY5Km1WFdrHEnmwmv18N6114RVtbDDrEhbCLhOTHkoqcIUb/oD9Z5oojFFzMYZdqKjyUSej5hO5aAJSAf690FeYFbslDGmKAKEXpYEzvhBEWl7dCkVYX0rtSLmv3u7xaMU7NRDcUJsKg9QtSU3KbVYU2MzIrCQgigx4AEs7hwRi7Ws+uSeLGsKh9sVBQsNqHH+xiLb7M1WCm8zoZvT2MMf8MYKtiI7XsmPYJxmTG05x1jE0M0GRXLtV1wWieb0JEqaK5ahW+w6z3BDin9UvmEsH6rFS2dXSKcKRgpCbonuy2XO2tOVnCK8rOmliJNEmqKjEbUl5TyqCsugV6jCUm1siYP57GZv3ixZmYBOPYXIjiBAe+7x/CKxyuJ59we3Gt38KhnPemvRp0IxtUsPNicsTEPrENtMc+gDvnNQjtknq+cx06UP3R5RDuk9Afb43/c0z+II61tIhysTP7xmbzfkK8CK34mmxjWtrQ5LBflkI/aMk3mCAhbGolIKqCK1ZCKdbPJAiehVypozMeBBmRjQaNRjhVSy+xLFdTMOA+77iZbCF6mnwWl/Z/jOHCcCpwkONE+H5sriLc9kJDcKTwsVlEBgpGSY3ZtGY2eZ/d24c7Xj/P485vN6LOFPlEvnByadLh2TS2uXVeXNFQXBD6NQs6e37EZ69M0Wlxg0KFHM9EAF7Pe9G2DGqnCXWzG+qucGmQL4RtBJxA5+5MZznEc6k/biHnnXCyJ2pXrRfWvHuzl28Nj77fDHcdNL2aVMK8vipwyO+lzWDYhEg1LvSMutAw6eLQOOVgFxda6tOx6rTLfiOokQq+JjsYWtk77nsuNj9jw2TU24bBm1n6WOz1IFeayE8d+tvxEthD2seFxNHWR3DQcjPkFMBeVScKQly+qH7C7+fbQNTzK1tjF4Kh3TGqaHow6eUYljK6lJcFku8MOp//dL+wMm2+xoCQ3F7ns2lZKJT1Ua2/XMHa2DvLY1zkMGhpJpU1l2KwSM2hySwpzSy3ggoyxsSHo33RaPGoIxUGJ6/ig7GEPnWy8+w99qFx/XaSbbAgrKI5IujmC7nAiBNRtGFnGvAIU189BEYNGb5BNqTWa+HSU1pCTB/rY2QnwgzYr3xaoTRzpje6mD6M6tpM+6coUpM1h23p7MMLWKAUiqFHXFhWjcUYFytmZVgj333rYxd8Le7tBQyHCC/u64fGmn/zTZxfjs8srJHHm3BJwHJVuoiT9njF80+7E51hPEYxX2IhgImXseyOMju95fJKyBV2km2yIXXr4HFSf9JtXAj1ZInzq8dj8yjo0rN2EhjUbobeMO+J4TOC3Mb8IfDqWNresCvQZcnjwxAftYnt4/XB0P64wKkNioi82ePx719iyZnRqxbjMZ0DPKUPimGvJ7aHF+5izKRkUBibNgE65ho2dQy+b+JDLRXfVVBcVgWDQ6eSSYcTpxb/YMOjVgz0IRqd14j0rsgJSEJFr0OCMxmKGEhH0CxKDhl1sSuh/iQ1pbzHoES9u1+nRzy4dJESLQaSbbDijcdymFdX5YlyqdzRaHYwmMw+VShWV+rzqWlQuXInS2QvA+eXpsTnFdhCu/nVKDxsVzwGJvGyWMiDA78Cs16OmuISHKYzDDrOZ1S0HevDivlC0Z4jD5rGJpU0nleBsdi0rYP2sYui1gde1QvGfHXXhh+z6Nl78jOXtC8Mt6SHdZINgz6raAgpOCzRaLUxmCw+VSvokhqBPQfVMVC49BWVzF8E/Tw9bURDaQrj613DsrBgkc6ocRndKS0Jpxsa8oBle//eEStHIcRzUKpUkVCwcMh+2cgIXm9yJBvGs5cmojS6YNRidWgUdWw4iaNl+dBmjS0XySK4sSB+zITpp8aXSqDixfGQHx3ERBXEcx0/QcRwXMe1kEqiVHjZ2+uiG9+Nspnh3cxMEjDpDf71Dty4urKmFFBrLZ7AzrEpS+csHunHntmNR4akPOyVlJCswR6fBFSdX47q19Tz+c/GMhKkyatX4wsoqXq4gP3hLusmGhCmVEHQmG1X4663IM0ikCgwy5+QiL7+QHx4HxiT2iJ1LEiswhdKkW3sKDCCHdbGZYhtzUoLd5YLULXJ6rRY0RJYCXd/KnYtpyr/D6kQ06GfDSKTwo2ItpsSiR3nuOApNuoRpV7HeqcSiE2ULOvy3JUw32ZAwpRKC8o2aABskfqoakkutVkPN1qFVKnVIXCID5NpMInUkS5YqWYIjyV1Vm49Ck3Yimc+H/pFhdA0NItyjMCcyAFpWwSV5eSjLzw8BObN/2nD7w2zy6t2mQYTD/i7px5KEkxttXI5eDeKDUJ6jjypbCXNKSh+MZVW50GtUYWW4vGPY1WoVy7uva1hMX1VSAnr3qoA8NiEkRsrsDNhsfL0N+j09hG5i8OeTOKbsFlblM/NUEFDu7oGheVcAjIOt0BuMAdCyyTTK7w+1zoCimXNROms+j9yKajFa0P9xxzCkLrXEhFNsJ3zNJrEwFy+pQFW+UdRApLb09eFwZydf+WJEmB2dRoOZpWWYVVYeghyDIUzOwCi6/ZEW4MPh9SPRLcoHSo7uqJg536cZH4SZxeaoMtUXmUDpg3HBwnJY9JqwMhyuMTy3t5O/6YDK/K9DvWL6+bV1oHevCigtyBfj5HboJWZUbx0DA2ISclaSLYA4psgCvQory8dE1I4egP6jpwJg6twNCxse+8NoNFH2AOjYyaTu5PWoO+10HuVzFovxgn6675hGc2IE26G2xjZT8l/OYZNemAgrD0nXryiYvgxM5baXNof1+uRVD9rt4jtChx3RPyzavwlWFhZhflV1VKgvLfXPKrnfNjSKzW81SaJtMD4bpRStbijA106tjYj1M4uksictbJjVyQcHD4PQNzSUND0kWNVzCDnvPBSAvMNbkZtXwENqeEz5okW4thetjHSlk/eaJFvk8XGyGtweD4R3hLojrCnKCTGztdx8sxnRwMKul+TkCOF2lxeHemySsLMhppBustsSix6zS80RQT8bnKyuWPJP6t2vsShiaTmnFareAwFQWzuh1el4qFSTa7bh2h5Tn9H/kyv5JIrmCtPD+ou1OUfZZNSIJIbYWT/4+sQ/b7T7WtYACi0WhINF5hdEpKN50A765ZAUjvXZMmLS43j/hI2Hem2gdWqynUATdPTeV0KeJfRakdL4w8Zm9v3f70onWP94qf1qixqN+WpU56pg0UASKvlzODj3CPRdB8fhsUHHJqG0Wp2Uqohh0ba9iILSkCB9DuuNTnVzb6/ku0Tp/aLHurv4my8my5uR9cZzK6sQDvRLIjk9dHfNvdtbcAIB22f3dCMRJxU53dGGP7+3S7Tr8Z1tsPn9BrYkPw+XbFjPg5w2ksyOwYGAOiEHjpRnYzXw2UYvzqzyoJLNqwWjgoXpwjnsUBsM7z3II2e4Ezl5+TBbcvgbLSLpDo53Rdn2gvNlwnF0XpMES51R9rBJUK2InOYMTOW2lzaHdYypZZtNTskMNKyh30hugqmwWDYdvf7hcFcn/95R+g2mP6L9Paas8KAIuiam3+pKgeKCkouH/XY3/rKznf/N5v7Oya3l+v8emJYtRCVJ3Gnp6sLeY8ewv6lF5JkuRfxVCr8HnsxEGF2XXnzlt3HV//wSX/7mDbj40ssDsO4TG/1VSu6bikrFdkNtiBL580+/oX7zaD/CtT3Kk8lIn8N65cc/eksuihvm8NCbcmT5o/uQe61W0BMOghHtEw9khQdFaNmaLz0NQwoUF5RcPKSh567WIf6pCN0jobdeigmj2KEnbtBNDjtbB9E0YI8ix+STDJx492tXf7/I86gr8Llas9jaMT1tY2Zx5OtfOYs4dgG7eNVqrD7zHKxaezoWL10WgIaZjXJZxXBalxXbDWtDFOHPP/F2tM8OR5i2R3kyGWlzWHuU1xH6nDyY2ZlTCqb8QtlrGKfbBXoCQjiQo+WYTQiGgV3TxlJpNGljMRhAM9Izigrhj+K8PAifQYebfxZRB1si8qZgMXDE6eH1tbBlJ6dn4nYBtUoFuiFCsLMoV/5F2qMnePR30gKTNuAZWcOu8XL1hnlAXt8oh3ZbKKzugBO3QFXYrcoxCO1gBzS2XtDdbhqNFgS1Wh02nxAZbdsT0mfSNm0OawszJPYnqHrFGsw759OSqF+7CSq1xj+5uE+TVR81NyEcCgsKsOykOSGoqygX5USz01BahkU1tVgzfx6+dNZZATj/lJOh4jjQ541j/bjz9eO4790WjDi9FJRU7G4f5vWRznZ2khCUmdnJ5dPr14t2nrNqlRAVsm3q6eY5PMom+ITIMxqLA55A+X7zEK/n2Y+7hSQh22ePe3DPXl8ItndF5wbWlwcAABAASURBVGT+ArWHX4PpzT8i58NnkJuTg7yCQh4mNgnln05uP9q2J5c/neFpc1irV9rRgsngOI71oipJqDhVcHLxmPoTmp0NB3AAx3GhAIdYPpSa4ziWS8U7JzmoAI5Ti6J8zCj6SSFBDEzijo8tKJEuQrAawT7achwXHC0ek808h2IIwLE/yieAFYufrad0kPmQHBpUBMMXz9NaSBifkWXmZBSGCY627YURkbYo+RafZJOo4qAzTkqL3pyDxjVn4qR1Z2PxWZ/EyvMvEVFUVRtR9h42mbJl5y4EY/uBA+J7TfPYGXxmVSWCQUPKYAX20VEcaW0NgHXEitOXLsVGdk1WU1bGZ3G4x7DlYA/++XEXj7dYz8tHRPhSqzism1UMegfq4grpYazLO4bXDvXycne3T0xyLZ/TyNtAdqxesAAGrVZS24GWlgA+ek/c1UT3O5NewgAb2gu20zbcUFhSiV9g07APLzdr8HKTCluefgxb7v8dtj1xP3a+9nwADn/wrl+uSeyyNse3vUmISGfWtDksFVqtNdAmbmiNJtQuOxX1K9eg8dTTsWDD2SLySysiyj3InGv7vn0Ixm7myO1skoVgsZhQXV4WgoK8UIeh3/O2dHbDHyN2B1axYffJ807CjMJC3iaXZwzvHB/A1sN9PD5oG+LDI32pmcOuqM5jTluExlILpD70Y3yaQSbZh3snHHZ+TR3IBsKy2bOgk3HY42xW2J+PgZFxGQVGLa+X3r9qHXXzdpMOwgCbCZeyJZqwdpsXb3d68Ha7G2+9/DTefmYzdrz0CPZufyUAx/ftiEZcxDSTbXMRFSQ5QRiHTbJmJn5MY2Dfsf2r2ISJSqXGOFSymfVqDiZNeLAksvmFCIfTCavdHgK3xwO9ThcRWo1WEAWjVodckwlmoxEcx4nhzH9Bv98ljIGDjsnVSjiUj+UYZhNJlM7unrgG1rIZbMpD0Gv14Lhx2RRO+ghqv8LS0HXE4QgpE5WTni3M1Ij/+WYDSvNMsBj0oo1uvwksSpin51BiVCGXbek4k8FpjZlsXkTbVBFTJDGBk9PHJJ3jOFjYrHEemywi0D7HjTfOYEELS1TYyEbF4VBmilx8Gi4/8NLLCMb+tjY2WdUYEXPrakUHWsGGpV88axMuXb8OJjbxI9hME0J3bDsKQp/PgsVsyHpSYyOb+dQISfithw13H93Rzqf718FePoy+Gurr+TyUb+7cOfxJhMLn1taA9BHKGGcURrCxoftft74eUiYq476mZkoi4tpzVmLzVRfg4nWLeb1k497OYTGedq5apMbt6zh8dX6gvRSXaeD0pkwzKSZ7IrfYmMTFlthsll9jlZOkirqHBethfWHh1+nIqYNsD8t6uKh6WO1EI9brtGIPq/Y70dASz5DDw/dgHqj4Hlan1YILsormWmxsCYXSyvWwOtbDqk7I1mk0vD6+h2W8CeJoEsom08PSyEFIR9s8o4HvYXP8elgnO3FQnIA8LfWwXuTGd2uvICYlWzW7hk2JoiQpUSVJblRiae3MZDJHlVYqETmvyWyG2WKBdqAFYx+9MoH+DqksbN0OKNCPI5rHlkgKYYHdQwPYvnd/APa3tLKY1PwTb5UzKkDQy6wbd/aH2kg27zx0GE6Z50KvnFmBy9YuEHG4sx+PbtuD13YfFwu2vFSH/5w9gboiDVvLNsCon5zHFps40D3FUigyiOrj3iHOOJU27vyZkFGVbiNycvPiNkHFeo0ctuhP0HazRvjOY3CegKf3iKRcAytxKat8gl7NDiRTRQ5s7+3Dll07A/DREUFn5PyTTZHLTlJ1tTUgGPyG1/5yW3t6AuwT7H1zzx44WU/tn1bYXzu/Ftees0rEnuZu3Pn8u3jm3f0QPmsrwYa/LhGNJXoUsNn0nEk8m4pjwmeYVajNgyTKEjCSzZlEW2PmZcR//C02Qebn5uYnSJK8GBohToADxxydAI6TzxRHzBjLQ8PNaMCSRv5n9nEcx8ycAMAhER+1ioNapQoB2Mc7NgYBNEHFgvh/Zgp4sPVdPiDoiywbl8vx6YKiJQ9JHuXRMHs4yRQSgZSJpQenloiUD0pFW5PXnpiY9DtsXkFiSiIjxWDQoXFWI+acwLJT1uPsL/4Xj7LaBplc8QW39nTj/pdeiogntm4FTfyE06JjM8Xz587FIjYBJWD+vLnQs2vJcPmiiSuwGHHr5WfirqvOC0HnwDC++sd/ivioqZsXWWjkcGbNOOaWaVFWVChCf+I6fWm5Go99qoDHmmoDny/S13mzzHz6hy/MR0M+zYNHygHol34ShgtvhO70KwF19MPw3CS3tciWTz5F2h2WrmOTOVRRsV7ExCZOTCYjCKSrqLwSBL3MUDJeWmmY2dHXj0joHhjke7BweshuM1sCsrBrdH9QeLh80cRp1RxmzSjESVXFIXCxNab9rb0QMDLqAn10rEcrNPhAMOtU0GvVIlQcB/rk6DksKFHzyNerKSgi6LqV8swv0bBlr+gclrMUgSuuBQoqEG1XTvVObQ1T/JN2hyX+5tTMwNKqPJh14zOqzhEreo8e4OHye3QmpY0VHo8XA4OD6B8Y4NHKlmM+ZNeehBrVCE6v1oImUSLJLTCo+LSUnrCyTIPaXHbN5Ydoloki6ZlsvF6jwpp5NThryUxZrJ9fz5xjnGuwz8DIKF764AiP5p5BFjLxv3b9Blxy2eew4fQzxMDW4VHs7nKIGPH7MbyQ6JS6HHxmeXlELKmyCFlg0BthMurhggZHhhCADruYLK6d/PzCuPJlWqaMcNiigmJ8ZlmF+Jzi4Z4OHH3jZR72vvEhWbzEudjkyvHmZgjYtWsHnnz8IR7L9Edw/XI3LptDV5/hNdTmqvm0lJ5w+VwPTp0xFoA5yR3dhzfwRKxRr8V1bNLox5euhxy+c/7JyDHpIHxaeofw08e38nj3cLsQzG+v/c53sfn+h/Ht7/+AP6avXe0ePL13RESPzUPBAfjKqRW4+7NzIuLTS0rFfPkWE4rzcuHgDNjGzPDH7kk+ZbaAtTFkwScjHHbQo8GQZ2pPt2dBW8jaIpjMFhgnsXyYScRkhMMSIW0uI85fUIovn1wN/ycXtH30Lg699k8eh7e+AKdt4i4br9eLwf5+DDA4qxbBcPZ3RGgqFpDYsNjdC2xpAQbcPvzxPwpE3HtRJZ788sIAXLehmk9L6Qn7+kNFz1t2Mn75l2cD8NvHn8Xjz4zjvAs/FZopKKS0phqzV66QxKxlS6EzjN9al1tSJJmmYekS6GTWZQVVgzYnbnliG77/wCs8fv9i5Pt0q05ajGt+/xyP+aedI4jit/86asNjH/XjnY4xlFTU8jCwOQM+MsKXyZLDpy8qr8GrTU5eztvN9pBc5sq5mHnl7Twsc1aExFOArbebbyfUXqxdE2vihUUlFJ0VUGVKKdqcOtQXmTG3PAcV+XoIHxsbEg+0HgNhqK0JY+6JF0HTkoPT6YRzdBRecxG4moUiVJbIy0V9o0DrCEBPKV1fq4GAM2aacfa8wgAsqrTwaSk9YcApWDixLSopw+pN5wVg/dnnYdM55+Eshvr6yLPSJraeWVBaAinklZRArRmfzNEzx5VKk19cBJV6PM2EZYF7LnZd/96RNry5v4XH7qauwAQSR5b8Yixcdw6PghlVASlarWM41OdFp32M78mMrDejd+QEJJI50LAZZkpvNFnQZvWMyxkJvURRm/NgmXcKD01+maQ0z6iNbyfUVvznPoqmjcNK0pKcwGGPGt3OcUfN0Wsxu8TMQ5iIIq0+3xgG25vR23w4BA7rICWJCw42M3psYBQCDvfYsK9tIABNfcyz45Iemkmj4viTk1DGBTXFOOOURTwqywtDM8QQQuvLloJC5DLHNbIZZqmsvP7CcX7Jhmq/V6ZIpQ8Om9EwD3NPPUuEOa+YTzLicAVwFsxhpGPHickrS1ElaleeHYCSOct4HbF+5eUVwGAwxZotY9OrMsmyZqeBN4ca0ddOqwWhtsDIh9GX1+PB7leewXtP3B+C9r0fUJK40GPz4aEPhkXc9XYbbnv+owA8uf1oXLKlMpnZksfnllfy5aMy/s8nV+KlzT/i8clPrJLKEnUY9WwNSxbipJNXobS+TjKfhem/bMWE/vMXxPaEjTO+8C18a/OLImrmLef1HGUnumDeoj3+zYsfocvq4uVUr9yIC373QgBOu+ZnfFysX8Vs1BNrnkxOn1EOe3yUTemPZZRJmVx3im0RGNBotCguie1kFEFk2qMzzjuOj473sgIzqxsK8ekTb3b71KJy5BmkZ5Ob9uzEG3+9X8RbHx7Ce52qEBweTHyRl192PTbecC9WfuZqVLJRvT+KmLmcUJgTW41Gg7raasxqmMmjsnLGiZjwG4NOix9ffSn+/JNv4PIL1odPHENssUUrcjyr2BKQ80+/vwPf/MZX8Pvf3hYQ7n+w8QvfxuU/vTcADYtX+yeR3a87+RyeO+JPwLzzvyyb3j/CwdbrP371n9j98jM8mnZu949GaVl2OSsVLvGtl6ROAkccgdcbjaVm8d2pK6rzYdJJm9zX2oRD218Xcbi5iy28j4WgyzYJ42Sy1pzCrucuuAINp5yJfOagPE5scyfuTxBzq1UqFBeVoIxNLhEK8wvEuHA7GjbhdNHGk3HlRWdgzbK54ZLGFJej14gcl+XoAvL+65WX8eC99+CVF18ICPc/mL/mbKy+6IoAlFTP8k8iu188ayHmMu78UbFsnWx6/wjPqAPte3eidfcOHj1Nh/yjUVpaGXCcDQeqTCuEzatC0+jEdau/fXQHXJFJhxm5+hBYWKPzTyu3z1ZwMOTkJg2fqQjFM5fwMLN1Pj1j0mmzYu/Hu2XhGhni7S7NMcKcY4HpBHQmo5y5kwpXa7WiDpU6/MwxTnxy2AjGn1+DhhWMxdlsNtly2fyW2lhS/r+wrAqVsxeLKD3BlcCZsM0pKgNxRxBGIh42V2G32+EP6+AgOpuO8uhlE48DnW0Y7u2CT+YBTdWVFdAn+NZTvmBp/hqvjTQbEaz+iEO6AWvVKtBkybVr6xEM6n2D5Ugdd7Glh1eafZgsHHPPx8V3vcFj0ZLlaGAmH9vxJs5ce5os2t99kbf7a2tnYtnqVThp9Wk86hcukDJ10mFFM8p5+aTHnJsTlbz1swp5GwV+awtNfL6dO96TLdeuHaHruOdc/UNc//AbIj537zaeK4EzYbvmsqt57og/NhfG6xpgzrlr9x74498vP48/fferPP56y3/jud/djK0Pb4bH7eLzBH/VV9UEB2XFcUY6bL9bg7YTM8bBLJPT6jQqBEPNlkqC00od01Mb2CoOJgufWgOt0cxDzXovUu/zemEbGZEFa1283Vpmv1qjhoblI6jU0fV+UuUJF8ZxnKgD4BDNR8MK4s+tmsmgfHSTilzZKI7S+EOrM0DP1lZFGC08VwJnwlaj1YGpBKkRGiPVEckMgNvD1tsdPFzOUbjZ+rucs9KNEk6Vwd+crNlt6E0WAAAPHklEQVQXOMq4Ah20j5/ZozWMloLOnluCYJxaV8A3hmjlRJvuwAc7sPmWH/G49Sc/ws0//iH+8sjDYbPn5+ejtroalRUVICcPmzhDIpdW5fKcrqwpkLXo4Qfu48tPHMjhzpvGuRI4E7a/+X838nlvYfz9/kSaR3/7c7zy0OYA7NjyXIh+uvbeOKeEt8+/3uc2NISkzZaAjHXYPtbLtshcy0qRP7PYhDMaS0KwsjYfHPuTyjOZsIO7P8ADt93M43e33oxf//wWPP3E42FF5uXloaqyEhXl5VPGYZdU5fGcLq3MlS3bE489ypefOJDD3b8e50rgTNj+6Zfj3FE+Ic0Tf7wdrz1+fwA++PdLIfppPfkTs4p4+4S6b6ypgUdjDEmbLQEZ67BE8AH75ImnIR3dLRULhIkWsiEW0LA8WI9FrwU9KpSg10pMGceiIIFpaWlJq2HDeoZoenupsgllpbgEmiYpinQI+oStQYLPRLQZSQMyJDCjHXbQo8GhGIfGwbyW5uhxzdpaXLeuLmqceVJJsJiojuuKzCE6rt80F5u/cR42X3UezlpcH5WcZCfSarWYN2eO+DSLWVEMIasLDCFlEzitzpv8iTVSmUmHoE/YXrZ8BrTqiSZMbYXaTCRZUzl+orQZWoq9zGFdk7j7iSZRisw6xAKLMF0ZIyd6NnsSrKckR4/KohxUFeXCYtTHKDE5yTmOg16vBz28jaDT6SIqIscILptwrNVwEfNPNgHpEPQJ23yjDqwovGhqI9RW+IMs/lJFKlu6493MWT+2mdNthqI/wxmgNkJtJcPNnLR5Ge+wVEJalxV+yUPHyYZJq0F1vjFmFFt0YU3TsYV8M5t4MubkglOllnqDxQzSTTDl5CRUP5U7Hr5iyUM65MiltkFtRC4+m8JT22omwdxuu2USuWPLOqfMEvD+02vX1UV1fN788Ne+ZfV1mLf6VDSuXAatLrxzx2Zx5NR1Cxfwukn/7JXLE6r/woXlUfETLY9S6UiHXClT2TbkbEhV+JRx2AG3GntsOSnhha7IVByHWMFx4enkfADHcTyQ4g/HjevluPFtItXHylO86aVspjZBbUMqLhvDwrewDCvxfpsR6oJq1NfW8qDXVHAclzFWGo1G3i7BPtpWzJiRFgeNhRQDm4AiWwk5bLgcS950pC0qKuR5prZAbSIdNqRLpypdiuPVu63Dh/LycpAjlJaUQJXia8FwdhsMet4usk1ASXFxuCwZEUezxIK9ZrMpI2wKZ0RBXgHfBqgthEuXjXFTzmHbrS48+WEvXxccx0HH1hSpwcmB1hz5xMpXVAxo1Vr4c5mOEyLp9LcheF+tVvFtgNpCVIXKokSqqViWt5uH8VaTla0j6rFg3jzx3aj0ftRgzJ45M+OHpJlUB9TT+nOYjiFyQX5+2Drdb9WA2kAm8ZYqW6akwxI5T7BetmnAGdAbBJ+J6VjpYYmt6KHRqAM4ValSP0egVqlAdSeF9pExPDXZp4pj6n6mrMMS5Y9+0IMRZ+gjMSlOAA2ZK2eUo3JGhSxKioqE5FFvTSZTiLzigtjlRK0wTQmpTMHcUdnjNcfI1qKD5QUfF8g8gYPqmuo8Xt3ZkG9KO2zPiBuP7gr/Kg86S9fW1ILeoyoHmsSKtTJzLeYQmaWlJbGKyfj0VKZg3qjs8RpOzh4sL/i4uFj6xEd1TXUer+5syDelHZYqYF+3HX9lPS3txwsa9HEcx1/rclx0WyCUOv6H137vVvWyfXpXLMdxvGykYXgpxwnZJmBM5jErcnkBFV8ejuNi3qpYHnm58jFUx1TX8immR4wqG4pJExDP7R+Iuyh01hfewRrttqqyIkTfR02d8H+3Ku3f9sIuzDnlZP4uo6KKGSF50hHQP+LA9Q+9Ktr6y6ffiskMKnu0PAWnq6mujkkXJaa6pTqm/emOaBx2SnC05eAA/nXEGpetarUaFrM5JtCvXYKVjTjc2N/aG4Dm/mEY83L5+3i1en1wlrQce7w+HOnoF+083jsYkx1U9lj5EtIb2DVsLMqoTqluY8mTzWmzxmGpkv7xcS/eOB7otBq2Tks9WxHrEaNFTkEBiVOQZgaoLqlO02xGRqnPKoclZp/6qJdfo6V9gp7N5jYsWYyZMaC0NjufuEd8TBXQOjvV5VSxN1V2Zp3DEnG0RktnZ9pXMPUYoLqjOpx6liff4qx0WKKNzs67nTmomTeXn8mksGiRU1QY8u7VqsZGyH3+/PL7/HtWd3cP4+933OAP3Pb9L0KjUsllTUt4Ub4F99x0tWjn1y87j7f/+w+8gjf3tcRsE3Eze+WKEM6iCSupCpyEomtWqruYjZgmGTKrJSWY9Htf+hCPbjsYs1T6oXkBW1P1h7kgX1bO3uZevLm/BX0OF85dvywA9EoNjuNk86YjwqjXgV5vKdi6YE4dbz+VoWMw9tdqEjf+XMWyb2Tr2QIHNBusXLMKbEhvs9phqcgPPr8Dv3j437Q7KWh0Wv6dq7lsUZ9gtKTuB/WTMjxBmTVs8o7KLQXiJl41WpOR5/Xp/SNQZoMjs6iKnGTqp3h228f47h3PYnB4NO7CmHNz+Xeu0ntXCeUN9XHLmooZTWxpisotBeIm3jKpLfm4690uvH4w/B1r8crPtnzTwmGp0t7Z04yrfvUUPjrSQYcKMoABqguqE6obCXOUIAkGpo3DUtmbuwZx1S//hmde30OHCcO6WYX49JIKrKmXvgc2YYqSJIgeG0r2E2YVmwO0lNXVoX7RQiR6REF1QHVBdRKgUDkIy8C0cliBiV89spW/rvWMhf+lj5A+0pYe2raqNh+NpZZISTMyPsegAdlPKM/RB9iYW1KMkuoq5JeUBITHe0Cc05wC1UG8MqZzvmnpsFThdF17xU2PY+eBNjqMGWo2CWPKsYy/f9VkholNntBccG93N/wx2B//Pc4xGxVlBrrpf6C3T7RzZMjK209lMLJZW7FcrHz0lr0oxUZMRlwT58R9xMRKAkkGpq3DEhtH2/tx3e3P4M9/306HMaGgrFR89+rCJYuwaP4C6MDhL3++KwAv/+0ZkIPEJDzJiR0jNvz9kUdEO99+ZQtvP5VhAVtPpffJCkjUbZrEMXFNnCe5eFktXhVd6bI7FS39XHHLE9ixrzXqgnIcB41azYN+PEDgWG63ywV/eNxuFppp/z5mo5th3Favx8O/TY/KoFKr+TIJZeM4blLGE6fELXE8KUFKZp4BxWF5GoCDzd341m//jl8/unVSyz8nxImbtu4+/PQPf8WNd/4Fb+7aL4aneufup17lbSA7fn3f3zE8Yk+qCbSERlwSp8RtUpVNI+GKwwZV9tNb9+CSHz2Ix7d8FBQT32FH7wB+cdff8LPNT2H7h7HfdRWf1tBcD/3j37wNZMcdjz4Pqy3+NelQ6YEhxB1xSFwGxihHk2VAcVgJBm0ON373xDZc/tPH8PK7kZ1MrdFAo9MxaKFl+/7Qs2OzXgOzTgMXGy73DloRjMFhm4QV8QV5fT4MWEdCdNAL5sgGAVqtRrRVw/bH7ddN6jnPxBVxRtwRh/GVQMkVjgHFYcOwQxMkP73nFXz91qfw2vtHZFPWzp/PP1Fi/qqV4jtXhSctrF4yD9eurcN16+rw1ra3sfrz/xuCq2/aLCs71ggrc/5Lv3t7iI7ZBidvA9nx1dUNWLlo3oSti5fw9tN7dwpnlMeqkueGOCKuiLOYBSgZomZAcdgoqNpztBM/2vwivvLzJ/HiOwdCcugMehhMJtBvb+mJCv4wGQ2gGxMINpsNR5o7Q9DW1R8iM94AmpFu6ugJ0aFjNU02EArNOpgMBvjbSfYTaLQQrW7igjghboijaPMp6eJngFVj/JmnW859x7tw031bcMn/PoSHX94JmliJxIFWo8WMsnKUl5dhQVUJVtcXYkV1PnSaCerpOvcPj72IROC+p16DddjOmzUj18DrI531FSW8DWRHWUkpG/qq+TSxflGZqezEAXFBnMQqQ0kfPwMTrSZ+GdMuZ1uvFX986m2c+717cPMDr4VdDtLrdaivq8XMunqsPqkKFy4qx9lzS2HUTlB/tKUL3/z5PQnBDf/3CHoGrHydNBSZeH2kc+GscRvIjprqKmg0sTksLc9QWc9lZaayEwe8EuUrpQxMtJqUqs0eZS+8tY9fDvrsjY/gwS170DrkyprCHWzp5W8qobLR8gyVNbWFU7QFM6A4bDAjcR7TTex/3boXt21txa/+3Yp/7u3H0b7ApZMZbFi8kE1QrVg4F189rR5XrwnFwhm5MVvwyYXlkrIuXDkLpI9gZtfYcoLtw8PY99Y7PP7xzBbcfMdTuOS/78UVNz8OuuGByiaXVwlPLQOKwyaBb3qr2quHB3HHm+343xeP44Ed3fzTHAecHHJzcpCfm4PqQjPqi4whyDVoYraozKIPkUOyywvMvD7SSXcxSQnutLqw9XA/7nzlAL752C7c+sIBvLCnE20DDqnkSliaGVAcNskVYHeN4YP2EdBzim5lPS858H3v9+GgswBWbQnUlmIUFRaKWNhQgU8sqIsJdRWlYn5/WRaTBf6f7hE3Puyw4/n9A9j8Tid/MiGbyDaykWz1T6/sZx4DisOmuE7IKfb3OLCjx4eX2zg8flSFuw9q8Wy7CW8N5CKnfCY2nrICF21YhS+deSquOm8Nvvupdbjh4g34yWc24KbLPoFbPnc6D9qnsBUL56O0qgGWsjqo86thM1egQ12Ot7pVuHd7Jz9E/94/j+Hnr7Xg/vc68crBAdBrL8gWKJ8pxYAqamuVhEljwDvmAw2jd3fZ8frRIdCDyB5+vxt/eKeDvya+aUszfvTScVz/3HF899lj+M4/jvKgfQqjOEpD18+Uh/KSDJJFMkk26UhaARTBKWNAcdiUUa0oUhiYPAOKw06eQ0WCwkDKGFAcNmVUK4oUBibPgOKwk+cwsgQlhcJAghhQHDZBRCpiFAZSwYDisKlgWdGhMJAgBhSHTRCRihiFgVQwoDhsKlhWdMTPgJIzgAHFYQPoUA4UBjKbAcVhM7t+FOsUBgIYUBw2gA7lQGEgsxlQHDaz60exTmEggIGYHDYgp3KgMKAwkHIGFIdNOeWKQoWB+BlQHDZ+7pScCgMpZ0Bx2JRTrihUGIifAcVh4+cuppxKYoWBRDCgOGwiWFRkKAykiAHFYVNEtKJGYSARDPx/AAAA//9yEt1rAAAABklEQVQDAESY+TJcvUY4AAAAAElFTkSuQmCC	\N	f
14	https://linko.page/shabbir-kapasi	\N	1	3	{"field_b": "", "project_name": "Project Alpha"}	2026-03-05 18:42:36.21484	Test Asset 3	RIYADH	TEST BUILDING	4	3	Al Ami Ibn Turki Ibn Abdul Azizr Faida	Al Murabba`	12612	24.664544112668718	46.70762780106649	data:image/jpeg;base64,/9j/4AAQSkZJRgABAQAAAQABAAD/4gHYSUNDX1BST0ZJTEUAAQEAAAHIAAAAAAQwAABtbnRyUkdCIFhZWiAH4AABAAEAAAAAAABhY3NwAAAAAAAAAAAAAAAAAAAAAAAAAAAAAAAAAAAAAQAA9tYAAQAAAADTLQAAAAAAAAAAAAAAAAAAAAAAAAAAAAAAAAAAAAAAAAAAAAAAAAAAAAAAAAAAAAAAAAAAAAlkZXNjAAAA8AAAACRyWFlaAAABFAAAABRnWFlaAAABKAAAABRiWFlaAAABPAAAABR3dHB0AAABUAAAABRyVFJDAAABZAAAAChnVFJDAAABZAAAAChiVFJDAAABZAAAAChjcHJ0AAABjAAAADxtbHVjAAAAAAAAAAEAAAAMZW5VUwAAAAgAAAAcAHMAUgBHAEJYWVogAAAAAAAAb6IAADj1AAADkFhZWiAAAAAAAABimQAAt4UAABjaWFlaIAAAAAAAACSgAAAPhAAAts9YWVogAAAAAAAA9tYAAQAAAADTLXBhcmEAAAAAAAQAAAACZmYAAPKnAAANWQAAE9AAAApbAAAAAAAAAABtbHVjAAAAAAAAAAEAAAAMZW5VUwAAACAAAAAcAEcAbwBvAGcAbABlACAASQBuAGMALgAgADIAMAAxADb/2wBDAAEBAQEBAQEBAQEBAQEBAQEBAQEBAQEBAQEBAQEBAQEBAQEBAQEBAQEBAQEBAQEBAQEBAQEBAQEBAQEBAQEBAQH/2wBDAQEBAQEBAQEBAQEBAQEBAQEBAQEBAQEBAQEBAQEBAQEBAQEBAQEBAQEBAQEBAQEBAQEBAQEBAQEBAQEBAQEBAQH/wAARCADhAOEDAREAAhEBAxEB/8QAHwAAAAcBAQEBAQAAAAAAAAAAAAQFBgcICQoDAgEL/8QAZRAAAAMEBAkIBAoECAkICwAAAQUGAAIHEQMVITEECBYlQVFhcfASNYGRobHB0RQXJkUJEzI2VWV1guHxInaFtRg3QkZWZpLSJCdXWHeGlaW2NERUYmSWwtU4UmdydIeXsrji5v/EAB0BAAEEAwEBAAAAAAAAAAAAAAAEBQYHAQIDCAn/xABIEQABAgQEAwUGAwUHAgYCAwABAhEAAyExBBJBUQVhcQYigZGxEzKhwdHwB0LhFDNScvEVIzRigpKyCMIWJENTotIlczWDs//aAAwDAQACEQMRAD8A14b6ER53gMQQGIIDEEBiCAxBAbj75JABFNQfu0a0WCAdtDvAYOJGGQolgQlV6nU0FrdekZThVLUADUqSLHcWuNQH09cZokR2TsSVtGXGyUaENI0wExRHlUVQCguLwOk8WopwsNwCKMbTflOugaksNBKTYgg+QDSPOCq0merIeQLiV5dEdtMceIpmIFQCoBku7O5oSC4oKOCKd1jF1djcCnhxlzFAggZixJpsAz5rmhUC4YA0iz8SMfWIFybqr/ZVtvNY7J9MtVrVBJ7PrmzXCSylOSOp9OXxi4JnaGXIlJymqQDo5YMwN6U6Uitxljs4yBlblaJUOqqiru0br2c5/ZSYtADGz12bqDW2lqQnw34m4iWtmJAOXy3ofHcm8NVZ4/cf4cw6Xq1efdXZol0sqTMrLXil4qdNDQrKpFZW8BI6++IOzF4QcdeeGX6LojIBjOM7GTiVkIUSElTakgOka9HJY7xJ8L+K89koILHu6AkWo9N706RdaG+OIYSzkraqNbzYpNuaq1nbM14HpmzFg8JxHhc0rMlYCFFqGwPMO7U123h7xuM4fxaWwmoJmAEhx+YObkan58w7oqwrxT8aLOUbIaVUv/dUaYTmvq9X5Rf/ADqR/PNzT7h/4k4vhgRKUk5UqSkuGLEgFgzhhfW9YgXEPw3wnEiqalQeqgQauz2BJc60tvEbeqvHggAW1lBNeFWP5BYqAJoBWVVD3GTKCr6qNfm+sOgNuprj7P8A4k8NxipaFzkJJZ+8KFrG1Kt4msU52h7BcTlJXkkrKU5srJJcCg02Fx0BaHtCvHZgfEhShDcyw81hXFS81hXFkq9Xq/suqquPZ5YXy9mhvtm1mSl8L4qgTUzkEsFJZQ/KaWI16U2is5mA4pgFlKpKwAoj3TTQgsHtTSjXi2jOf7RNAAQD3QAwrYbO+1KU2jZcqSpLqLECthXXXehBA8Ggu3AzsYSGQS5u3gzfT4aoFYTCqLkgEVFQajS4p8aQGchYPdg8aigA2gNmCAxBAYggMQQGIIDEKIDEEBiCAxBAYghYYhvcC5aC7DgXLQQGIIDEEBiCA2FWPQ+kYNi20BufDx7TNmsCb0pVqEi9tPCNcP7xCqGgrStH9SH9da543i7UcO8XGKiiQuGPl0QDQoLoXwsdo3XnngihGMyK4WQwfkAPC67RrZTltJSPiAuuOOvPvCDroi0Z7S4r9nSpKVgO6RVw5oBcfHdtYlGBwyZikEArylKiEXypZamLKYBKTVqAEkMDFFDXBCGAsJ0vDtGvPFpcg0uWINMPviLz75aVlQlbxy88I8p5954RF54RmIiIiMxEWqheETNJKiKkkChDHSpHp6xZUnFKlpTlzA5QCWJJoLk6nU1ipFN8njWDI1Jl4Y+6KFiQLeDVHLeFgmLnCpLA1Bp5Bn8/pH76OGoeofNlQxKSzgWo40PkAD4dIwU4dB9zxd/Cxb+jwdboPZKNUjKPe6eI5GOZxEoe6GIt3W6Ntyp4R5+k7eP7LJMdheHTkFIlJNKnLy26feoW4HFcQkrCvaqCXBAzaPQGt7fTSJISETFiiebcPzVPmr3VPX3zEfBoBxDs1hZ5Xll1UCHAINRTbofCpif8P7R4uQEBUyoIqSCG/N5gaOG6Rb6G+NCX3GVapQ1+lSmdVaONtmmbVtP7N8T4KtU5E2YQFFQAJ3ejGwDfAk1MWPI4xwvictKZiJZJSAQQBVq6b1pbZyRFoVgawPxok3k3jIQ0SsaUqHNRr/Ooo+tipVE/tATnXdqvaR8I7bcY4cUIUuayCHd6hJ2poCDsKHaI7xfsrwjGBSkS5YK0qZmuoFrX0fqWa0QVgeLZjIQTCssSePBVH6Ff+avjNG1UKooKhvKUBGn/AGr85Wurgf4tSMTMly5qkiiUklYSHAAN9XHKoilOMfhZPw4XMluQokgJqySXFjQVABo/WsOSHuOXD9SLb1SxaIVVi2Rp/wAlcbirJM1Nx/qAqp+r9Yf6tKlry4L2o4ZjZIVnkklJH7xAIJGlXvvvrWKh4r2Wx2CmqDLABtlVpXy5vytFvmcjMlqJKVoLkkAKBoTTWGrItNClVKVBvAbaMQGHAuWggNhxuPMRljsfIwGHAuQPGMMTYPAYcbjzEZY7HygNmO8F2IIDEEBiCDDEERbi+R+h/jIQ3K4kInD81Gs61KveqRNfepSa7OjrZnwHFZc0gBQL2/W9DdqV8o14jw2bKGZiGq2m36cvOJiZfiV52IdiXJF/DfTTdqGEWEVkKgqpo7ud38mHO5gMoTYdB6R3gu2YIMMQQGIIDElaQhdasQ43d9K2jhjSCoZQxOwY/luR43MUpxxcOAyUmLaifThtimqoqKkqszsloVwoVdVDIQmIetZfQsUIAEuaJzsk1T9r5xM0VIGZruWe1DS4AcEMCwBIImvZnDlSAVAqNCHdhUGoIL0JDBqkKdgUmhcbDSslJVv0UVaPrXT2atN7REISw7+m5/8AtE+C2DZbU2tyanSIRY9kgkOQai5f1J+cHtCLBvGFSg0fcZyGBlsKkbh0ivnHD2y+XlHo2TgZbHvH/cPkYx7VTuyfIPHn6Ns4/tMjMpIJBKaEi5hSMTQUTbdoJtqZCCCGRUNeNhii4qL6KL+FbwGZsVw32gLpBvQh3GlDbT5CHvC8SKCnvECjEKPJ3HqwYEdYeCbXCgTczItw+qbtuqwZ9F+sQaLYrgHtMwCEuoGyQbuBb71G0SjC8dAy5lkimZ1aa6g2AFbRbRB40MrFJgFVfWpT4lU+8LtjQHHdjp+GWZqc6RmKmSVCr8vFqeUT3B8U4bikJSuakuACCXqwvpS9XaLnnCxhfH5E5ExsQaAj9Cs1HmlWFVbCUB9VGs8oCeQdGhu3D+J4nhKkpVNnDIpL/wB4uwNdeR+NjHLiHZHhvFkKXLVKUSksMqakgsNavyiJS3FeijDfOWIrjLVqlf8ANsxsDU1VhVZ7pQEaf4wEfP8ArLlXIBuk1w8K/EbBpUhMye7JTmJmK0YWL+I1+MUxxT8NMdJ9oUSCQ6iCEitVMQwPI1enwM4bjNRAhuWyxosVqP0K7/apJpU1jdCs30jVS/huQqipyX9ZUslLdUms7hn4icJVLSDPQCWFTu2hsxv8y8VdxLshxWRMU2HWweyCzDwFvFtYW0fjs4p62MhLU3jDwrrW32VyqKyk2/apUccz6b7r2ksrtFwqea4hHeY+8wqH3by53iNTeFcXkA/3CmDl8r2oC9zza0WQLTUvMhCrcPKjXaUm1b+W3tmzpKn8KnMRiEUsy3Ojfm18drw2TJ/FZRynDrOlEEN8GtXX6qbOCpEqf+7mAvRwq4v5no943TiJ0g95BD3cXtWtRveC7J/2QyTexp0JHUeHMONYUpxRmszA67i5a1vvlAZXCqAxBAYggMQQGIww2HkI5CsTPGhUGKXFoqUmdfVWqs1RASv1V9LfbSa0jsvFqJ7O8XmLmgLUwJA7xy/rY36+FidoeHS0y1GWAqhqlj4d06+V6tHXmm1Gn1smypSJvDwNSo1Kq1KjWc63KjULejZ+DW9hJntkIIIU7VBB22cPf7EVDiAZM8jKpNbkFIFW1G39YUvj9nZ+LPEKhUDoIDEZgUGnp8GIIDYVY9D6QQYZvlLORYrY2etTXlu+3xTTXUtIbVq61F33jPvGQoKyxoYV22FeLZH6qr5e1UWMWYDSy27JUql9sDovqXthNaYpyzE1N72rXQas9NYt3shhQqUmlwCajYgHwcip11cxnREhRl5aZKtSKTDyoqKio2NQNTU2zSVFBUU7NvVvavVcXCKKYNTvBn01IiejhBV7oB5Bj83ivFNHaH9WmpkW+sA0SpUVZVZVFMK1+bJWq6pratsqqiyfAlqKX86dQXtqONIuFI3cEefvRseCTGLy1M38OnnBdLR2IFqnBUaKSUU1WlTUDMa1KIWKl4M2GoFRpMXREAEDwQAXR/SB6YPADwCAdB2rantRSnvAWpRxalOUJjwWp/ulGprkuxZ/d/rcUhNKMZlAGImtW4BFOZWaAljWUF4pPVQalchNSk2qZDZmOwA2tdG0JSEAFgdrMxb2muUhwDtRwH6inOAcFJ/9FdN5ZHqmo5inOHZ/CMg/zaZK3JU151qpWlRqkzaqh97e2BEl/wAhZQON0H94B4n6wnPClgl0N1ziHaQxGR62lk0rUqqgt5pVRUbfuY9HRu3NkcaBIHtRUtc69S3nSMf2YqvdFjYqf1h2/HO8T8mdU42WtnWguP4gTXera6PsLxwODXLc5VCvN6dRSB8c7xPybpnkqBPdoCQXffe3J6RqQsd0UJoXcF/CkGfSA1j1j5MjR7LHpUgpq5DkW8/Dl5RzWnH4BQWmeSCQUssFnrvzNOmzh2ptVKBNmVZFmHmpV+WjdLzaK8W7KonKVlABW401BbbzppEr4N2nx8kozzFFKSCxIsCCS1dPKxc2sylcZoxLZ5SYAJrMbDUpzSa6fLRLrk0CxfYLHYTPNROOpSyhbTXc12DxaeE7d4DiGSUuUEkgJLirgAHRq/F9TFz4e485eW+/jUNOdirvNSeyV+sNDRefhOL4JYSmZNLKFAScrHkWPR9OkSnD8O4LxKUZikSQSglyUjQ2fy5UfRq34+2PqXw3LUBEktgPi2YycFs6pWNKUiwlUAbL9ImpqbeyqsKjU4IlQoMigzqnVl7LfO6oPbP2oZ5kce41h2/vJpoK1Y6er/ZeInO7LcFnFQMqT3ioAukOA4o7db+sVvg/jNfAvx+qr/FKa4lq/NvesPVUv8XvOs5fP+G669T/APq6pdXzMFnaT244zIIKpk5kkH8+4LU0oz0ENU38POCzySEyATaqNXaxvyMXYV6VxgMW9N+tqEsWjXHnxbCrOq/ShsVJX+EnDpAD/OxAGyP9n48EqaC5O5LZX7Q/nXdPYv8AEpeOmS5U+aEGiWWoIO35iCbc2bkYqrtn+G0vAylzJErOA5BQkrAFwSUi1ddHNLG0SPWKPiQm0qtkSfFSqSqqKipVJU1KRzUblRrzUbapzDVu1jeyeIDESkTEqDFqpU7+RLP9WvFFq4ecNOUhSFJKSQQQxoWsz/Bt3hzM6iw6CMQXbMEGGIIDEEfnxw7eoGII4cPiNvb+DeXZgKZySkkVqzjQVp9i8Wpg0FMshfeoQQp1MTr3n++sbdfBI4zRhnXFdWuH6a1hWOqzOqT7ejba1vdkeJJw8oImEFxl7xe77l7nz6xBe02B9svMhAoSQwtro3XYPG83xG3t/Bpo+bvb186xFWam1PKAxBAZwggfH7Oz8WwagjcGCBQaenwZEpYw8pai1QfC5YebHS0aGUZ01OWjHSwJPyGrFutIwkWGMoXxI+FCKywtw8qFKlcF4zwDStvO5s6bJSK5obS1ShabW35osahO3GNSvEFQNUlTNr7p0D6fZi6uxclUuWnNqGFqA+NWu7+cUCxl6YhiOicbszMhKjQqguUlSBKCo2EJhFRfvFLpqrQkM3RTJGqUsnUcA22L4ZSEJ0bx3HrxQKU5ks6WS4oz/wCpweYHmItvh0pGEJMxi9woOBmYn3g3ukWcaO4MVEOsY3lYnJXi4mOHPZUlS+KIfvFbz3KNjiApWBtEIsN+U667IlTjxSWw+Vzo2uuhyRF8XReebeF4eacxUqZUPVT2FaFgwcaAig2MOM/jclCQhKZdiEgJSAEj3aF3YMknU1AS7CUMUvGRwCE0No/p0xw4QM0oljOM6CLDY0e5JsbvFJUVGiSKxudEVy6lxANIKxQSAZCLKjIU6qm5bvEEsdnHXrqA0Ncvi8pKnOXoQm3JwNudTpRo/wAQnGiR8Jsvk1Fo/EqKVSa5fAqhE1N62VIlU1UBoNsjlSiVlYy1iIsCSoF3Nwr3jU7nvXoz1LNDjL4/h0oV3ZbsVHupqQGc0rQAPYBgzR44s+MMZxKx+C2I6jeAHIolK+QqXKBfB0EolgK8qIfpUHXnv033cmgAAcDlAqjZ94XeS688yn26wU1U/ujlR2dqDuk1epvpCfhmJkcXmE5EElSkBQSHaqiMwA7pCSakl9bAKPwk8UUiolmUQWThCl3cmQKzZdqmqSsDV9TmhU8ZliVKTawRdTRKZvnywEOU6IuEjoiAuCAhxKySHUWFavW4Apdq6M4OsIeN4mVwmYmWySCtCSGSWUohg1WI94uxAKS5BBiQIVvINOYlRVHx1VRVS6tSrhshhAmVJoclStXhUqDZNJYryUVuVKfAFFRVW+/7LAFGAKHlA6Dgy1w/EVoUCZi2ciqlfxZWqTrQVJJIhwm8PkzpKVgJAUEgGj5nytoSSrug63BqImCE8TYvGMJ0FFlaIQrVhOqSwTUzN4UgaOKxJugbiUmgm8PnXnwNnhdKg5TiZfeB0ZgCOevaTYXjGVIClFyA4KieVyz9W8LgRzF9nVrKikZSxLizgB2s9XAI000ix6bUafUhaVKRN4eVGpUbTqo1KQ8O7boFplw7iCJgABA151/W/wAXiHq4bOlqVmzFibvoS17ggHpDjofk8axZbigZpoSzA8qg8+VG6igjdB9kTRmIcWZvu0KdDT8b+zpl5i0YnDrKS5JAs5LetrC7C3OHnDYhCSLC1QB8WGvz1pDkwOn4/C+Qb5WadMaxOEddUgh6uBT56B76X1lGFxq2CRMWAaBlqDPpQ+R1hbwOn/8AKjWfV+UvwZOvDpSCyEhtwB5vb0+T37NcwDKpdh+Y0fxG39IpPE74O6D62MhM4bnxrBY2+iir2sQADMLkqccz6vZpU7pMgmmUlxlS4Ne6Kk+D05X6VjT+ysSspUJk0AEEgLUR4gGnMDaLj/Bp4q+M9AGJBWZIrGkQPqrKjT29hWbJZfZ2K5hndLlXJyeSJzyQEMoQVTtog8uMrQAXXqW7ZdoVcB4nJnBSpYzpIVLWZSQQpLuA7pIJGV0l8pzEBSVXx2L7MDjfCpkqYlMxXsiDnRnKu6QwzF0lwDXNQMA9RemD9AEAcaGKeLeWz9VcVCo1xk4BFMrCc0NVYBTH2HpUM+ZU2emqXiJaASCIp8ICMx5Psr8F+2UjtRwyRJM0LUlCWdWZRa4rWjCocOWs0eOPxm7JzuyvFp872OVC1qY5WF2dgDuKnfSxvI3okUAG0UW713r5wGIIDEEGGIIDEEcPFDcG4e9vMCGURWnq2kXAtAlCjHpbTrvC4lVIoEQpCpbJvD6pNUqbFRqVGstvRqnNnLD8RmYWZKSkmsxAIvTMHd7UO/VqM34jBpxEuYVAUQoiz0SepNeWsdg2LdHBPx+hKlYkFnvXNSqKrqoVRUOdSkNk9/Re18SFpmSpRSpKiZaDQg1KQdCaxUc5JRMmAgpAWoVBFid4nVuzEXBHhHJwbEGAy+MwXYFxpBFSsd6O/wDBuxb1+tvT86VVkqlRs+dRrmndpEOLWDtNMGFw6jmCe6aFWU22J1p8NHhfweT7aaklJNatYVanzr5UI5FYGRcGGsWkFFoxwI3NAhavipUm5SAiBodJSqjVKr4CwLjo4BDKhUPAAztABAJut5f7R4tWIxKkg5nWzirOpuehahL1D6xdPBUJkIQaFspq2vkwFaiztURoxjWQRw+LIqoYcKspLQVRSlwNAeKnjZKRbQJWqSqK8P3gNXHnRJzxwRB9GKIZuik1YfA+685y3UskV2clqQlRUkukE1DuQ7VJ6OQLnWJRxDiigkBD2AoCdnc1qbUNtbRistqfIkyq1SYBVSqKhNSqqjaVa7vsW7Zr1MhmYOXg3QnLq+U1fmxIHN9dCGhtkzJmILklIYu9H823+zSITwzORlWRkFa3a91gT1W72Rfs52Hm39PlBNBAIzMK+JbUPRudDrHo2wwwJYihLX0PU/p8mybOmJfKos4FKXuaaj5QeLTUxTZiVKQtw+qTUqNSo1KjXQUGpUa1uVG2oOLmWf2Um7BmBuNr/EE7dCIe+E49XCA73qzhnNTrz2azhoB8eGCkUhqpFIYVqaqk1NVUamsudzU1Nq2Ng4tDTNsHhSWVQOEm3Lx0qdQSeghu45j1cXmBQJGVSVVf8pe+ot13aHJhsTVB6pSuEwDmpKr9VRUvHO5qqkmk0mVf92qpVUv1unujy8DlUSAr3lNfn0A6F/WJDg+0S1ezQonuhKQD/lS3j6sDY0i42L3jsepOAK/hvV9ar8qNf8VduaijKrnUTX9Wj2tVFZ87gN25qlrQCwLJBL7MPk0SjDcTlzUgFaK0YkC7AOTvFrsWxGK9RYuMP41oh4DiKZs4u34qJY1dedKo5CWxVVRYJmPKddEnie4RlguCpAAXVgLoo5aPPuC488u7PcSWZ4StYAe6jlcPfQc/I1DOk4hw5Ps1TEpBJKrMqxIFRSoDkXB7qqiLPo9Yp5bJsqUibw/NWoZFJqUGpVzqUmpV7nOkzpTvS1vYQonIT3gsEBzmGv2BFZcTC5U0gBQDgmhuPg/3zh7UNPxu7emXmHbEYYBJYOGfm9n+WxHSOOGxCgQHJsD97bfV3UqGn439nTLzGN4nDpzHMGD/ADcA1+dKjaJLh8QoBybENQ7Wsx8uerw5Cen44nq3zsnYE2nGSQlJIFGuNq0bw9amJPwziSpi0hTs7VevV68jS1odtDT8WcDPRoHRLTCsZOKFqHPR6V6DxtYPFm8PMuZLTZ2rannVzr8KRMcJVjkStitSBzVYVGoaaqNde2e3ZoamfxQ4Mcfg1YpIIUkEghtG+Y/qYuT8N+LIwGLGHIBSo1D0q9hqK9G8IszjsI5QFqJQGMgicANTVf4q6qNYqVUUzrWIsKzUpqmNMPSq+t8pUL7RI6f87kigddiz/p37YT+C8SRg5k9kmdLR31ABlLysAT6tttEO/wCo7shL4vw842XIKjkXMJSgmwB/KLPfVttbIJVVJ9bpsqWybw6tUqqioqVRUalPNRuVmpTWxUbBo1b9jfU7DzUzpMqYlSVZ5SFOCD7yUnQkax815qDLmzJbF0LWljfuqI+UKzdrlhU7axoUqFSCBuQRBhiBjsfIwGIGOx8jBhiBjsfIxwvEJrWRd3z8eLtF7eWZcwA3cCutP03+3t+FH4/Z2fiznKmAiwBGlPP50Z/Q+dD02jU74LXGM9W0WvVupMP9lYqVVozUTqr3UbXyH89LTzsjjwmYlK1k7ZlE08bdD8aRBu1OGExCsiACX90AeNBd9/jHSU1qT1ifLBQzgVIGnhzvSpd+Vc4aQuSs5irUMS70bR6fekBkUL4DZBYg7EHygFSBvHM18NtHfKSJCVgCWmGakAU5VKv9ajXmr/cPgO1q1/EDiScTJUhC/dDUJ0DMCC46bUOoiY8DwuUoJD2o3jsOtRfxjEaHprVpl0WW26w7unW1GYNJM1ZUc1TVVS/i/nE8CihKbg8tnc9KN8IvrBrGGIoUl7yKiSYPPwuKyo3fQRsIicPJOqpnD8PxGYiJMAAL0HxEZ5W8pGiPzTFtpqzTvKAcgBy1WYXYbAeAiTYFaSgBQTYCrGoDN8RTSwuIzUirEZQRaiSqokKTnU15qKvohKlVqVSfAs1rJKi5Jq9S/wBtaDGLCQSkAaBqHqGa+3KI7bqLDoIZSSbkl+cBtk3HUesYgMuFh0HpA53gNmCE9uUwClBroOUFrUj6ofk8axZrWkKzhhXMLDVxHRExYWg5lUUk3LUI0eLpF+Nhh6dxSyqASJw4zKFWaKheOqpUugJQBSgDM0dVVVpU0nYeKetDUgfGckklCpQDKSpEAjU3hUyUvOkqSyiosSGDg2BqfCzVvFnYTjkpcpKCQot3ipi1SctasCWGgSBUNW/pBhZDDmC0FsZ5zD6uS6rQUK0nHytDUR5ZsalJUk0pFhx0QB4VqnD0MnVeAhy1ekRBZA7ykxJpTwjjIwCUImLUKgHMqzkCtSwc3qBUmzw08VwKOIIMwJAGUn3RSmrOHAuXIABLtWLUUNwbh72svDY9E5IDguHvSoFrUsWrQDVzEDRgV4SYorFiRUWrQs3hSg84W6DR9xmriUpU1TgG4ZjtzbTnUEQ6yZwIAozmgYV8hXbeFLA6fjf59uyxmvFyzks4brYdGqzc6w+4JaczMAbaDevxP3d7UNPd59Q+A9QhpaE46WxWW3IceNmt8H+E44fNqgZjUosrw3Db8gT4u3A7uke4WivFcAOKcMnyzUlKgHaoDixsPsDaxuFY9XDOIyJznKCgkAk6A6dW56mxjUTF7X+WyKqwy51SuajWVtblXuoRDZq728q4pU7sdx1OIdaE/tSFOCRaYDpto2/OPVElEjtlwBcgIRMUcLNTVKS2aUQAxG/J+bVis+K9gXqTiTGnE5MgACpAGoRUgCATEPUDFM1NgK0oVTtnBJdZVw8G2WSWQMgAJAH1O/BLtxh+0+Bw8pU4LIkyk95eYhkAf0HTV3+UP4s9hsT2P4liJipSkpOInKHdYEGYokMNK0ZumsXja+53ssHOKgoKzaHmKXpez1paKnHEDjpCUlCUhNHAHS7MajQ8rBgXbm713r5x1yjYeQgMRggMaCx0EGGI4xwBok8q0yq28NOufR3W6G8ky5lvtj5Vd4tiJsp9HR4s4omEprdj4tofL7NyDBCamBaZFRkWyzTon+HbpBnXgmOVJnp7xS6meo1rU2+kNnEMMJyFOlwQ9vTnTwrvHXtifxwL4/QTSqk9P9qirNSq+1SrWPiAtfnApv7TIBzBQyP7zhylxa1ajqLOIrfiWGElZISRW7M/UcvhvFom7FKnLJNzYHeGqItjNFRPwThuqokKPDxqpKlVa/tX3VO3pGbcZ6skqaSQCJayHLWSTr0jdCVFSWSoupNgS9RyjhXjBEZQRaiQv4kKTnVVKo1Nv/KuNFg7G84ca4ivEzJoKsw9osb1zEUroanSnnanC8OhKUOwdIe38L+FXAPwiLqHDqt26PLr4k0ekshy9XNyBRvk5/SHPEHKQEkXBDVoTXyb6w5F4qqyLSpN/SprWpqM9BVzUNn17+6A1snmEFmIaurtaHjALWACQoOBdxUO/jQG3OITpqDjf2dE/IW1XvH70gxswlmBLXF9W36n47wm4HcO4O4G6ukajzEJYOtskhwXo4r4xljsfIwGXJsOg9IxAbMEJ7clkUqNdekZKVC6SOoIj6pvk8awZsWWKn3JY0eMXgUPyeNYtmWsYgFJTS3lTfT5Qr9rMwygoGhA8Lddx9BF0oeRdGJA4luLgY2JVAR9KzNVVrOqlcBtEETRBFP6QzqVNkJsbJ0QmHPAiABIACL8VkrlTEqQSwWk0BZwoHTy8HJic8FxSZyUpWygVJNSN3S7N7ptfQktGrpPQF8OIkGsEww/NVVZfwr+lMgDU2qk1SYavVqe2I672RNyD+i6tadcCx5WZYKwWCQKjQcvm3I3ZH2nwIw6StCTUE0G/RqHp0qYlrA6fTx13zCWgN8xBp77NK0OWLh7A6b9OXhEFwc1WcuSL+8wblXy69YU6H5XGoWZsbLDKyszFm3FywsbM28SPBzCFprqBSldX5D59IeuB3DuDuBoVjpQzGwLkPQUtV/O9qxNsBMUMrd5iCLnYn7GsO3A9H3mgnFMZ/Z05MkAlKrkCneJ1Yi56XrFscJwSeJSPbKIzpCSlyxsKXHzfxc2HgcuARK2KTIbSo1kVmoiGk0GzRss1i1JfiVwJHEcMcXLDKCStk3LV0a8Xd+GvG18PxCcHOcoK0o71AS7A959WIO7bQp/CeFkQYcQkKsbKEhgJUvoBPGhUqzN0RE0OICRSqsnXwSkACKYPixBRCDSGST0gABEGkf4A9t8TwBSZS5pSpK8iQtQSrK9AxL95hytekQf/qU7EYXi0n9plSEnNLKlLQl0pJYzBnAoygQouHKQSGZsToS420UC1bFSkytVQmvvXOpqbVvfmk14s6G97cE7bTuNLlGYsgEoqosGcAkE0Olr1FxHzl4p2bTwhS0pAJBPdTfchncN9ho6ZIYxGT8WkSVLdN+9edfqg1uNSm26zQP4hdUo55aFJIU6El0lxYPZ4jpBHx+ESG28aqseh9IMMRwj+ebQ0/FnAz0aB0S0+SUe8PH0MWxE6pw1rIt2T2+Oz8tLOUvXw+cEO34jb2/g2JxJmJUlwLlqNXRjp51jqcqwoHUVo+hHi3zjUT4M2Pwwli1kSo8P9lV/IqD7V27L7fyCz+yfExhZSULXowdR2q29K60iD8bwxUSW5u16OaV0fnfaOlxrQ4djJ0wEhAUCKFgWFSLj06l4gk0KQo0o9bMdH2vceesY0/CTQBxwMZAxybhtgCVKoLJXO2dVVVJqbmv0salQd/YM7Yr2nmYoomskjuKFO7oS31sOhMSPhE8JSMyQ9LgH5PStX2YsY5Uj7AatMzUtvqs1qoLtM56+NDeb8QSZiyTXOsGrv3ib6hxE1lSywNe94P5GgHx6QXoaDjd2dE/IGyYSGq13YsNPhDrIlklLgFimh67avs3xhk01PIsNTL6V5qv5qEp7LjVRD0sjc7nzMSogDKwA7osAN4TcMp9PHXdIJaQ3TAGwz03p5wjmAEBw9frCbgXNhTvBsDBMXJU/81PKjcmhKZZl94DnX701s0DDubOkfFsiWlDOoUetX10c05xqrGFDJCLuHIc7X0+35/DOOCcEEuQ5Iq9GprXVtrcoTPl1ZxqdDXX7EBumMxCUuCwqK0G1GH10flGEyFzlBSXoQosHsxAodubX0NPGi0faxt4skPs1iitNyS3n9RDjj8YpSACiyQGYUYM7s/izx7NqrDBTsTZ2DaWv1r8oRYSWZqszavW3pzPrvHiW81h97uFk+DDFQ5//AHEdsQKAbKPwhyFp4YJsyKlIW86pU1KlUVfaqVNik1Kp3j7q1W6W1x6QUmg91Qdhsn6nzMOnClFLEEhlJN9lL+g8htFmokR4MIk42apj6ia1zSbCMKys2zT7ApeRRkmaydASf1kkJoaWDO1WiLo/pNHeFzf2KaorUQ6rEmgBLPVtSQzUNQwiwFqTxKUQkBRyhL3okFgakVNQaFmBByh9sEgoSBapxLLROui6WKgrK1SWA8AgLpWaZ1EBAbQGd4DaAhaE2tnhfEE4uUMqgRlcEF3cUq7Mxejb1oYrjjWAOGmggAJUpJBA0cMXAAqGY7tDsoNH3G6q92Z96mNZP7xPj6GH+XXBu8GhHG6LpSqrUs7eUWRwCstL1929dRDtwPR95oLxIBSHUATmIchyzgNXlFocKJCwASA6KAkDyh24HeO8O8GrXigzJng94MoMa6KDeVIszhByrlqFGmSySKG73HnGkBAVF8foAqqHCjzoVL9AqqFiqlrNSo2Sc99RmojOembUXwkTMJ2pw+Va5Y/aH7qlJ/NSiaBqM3wi5O2RlY/sniAEIWRhjUpCnJReoq5qWu7neOJZFU+Hlpalay51KiqqjXTnUqmUmvfaPi30W4FNCuAYFSVBKgmWSpLgn3dRXmK00FK/KPj8pWH7R44TA6c0xkqqHqaJNBSnKjx02/BdqMwMobxALQ5qKlUVGxVuNUmU1r+6r/zb1J2JxIm4EPVpaR3iVEU0ffm1qijxW04B5hyj3lUAH8VvlGn7OprilNbvAbflb5/GG2bcNZy3wgMq9nz+H6xyj+etQ3hvHubyKj3h4+hi2IdiQNatMtOizVZLiQ+LOMsitRpqOcETq3RTKqSC3Nr2t0gwxCnCgzOK0pfW/OlLawVwNVZNmRSZT428WWWA2g4nMwhBSWCVAm5oCC2uxdr2bdDxDCpmaAvroHLB2fzfeNacW/4TRQQlLatW2H5fpX6KNjXOpRdzSa8Bqa0OB/iDhwlKVAAskd5xoxp4amvKIvjeDISHCbuaB/MXOrvWt6VRMdj4Wb1tIk1hxAHADVKlSqKqqVKqNrDWqvokqunb/OLb0tnjnbfBzUKSEpJUlSQRupNLc2bnTrrgeHZCHBoaODWu1GqbswrGDVNeO8O5qRnqzqUoCilqUD1JLeL/AAiZSZaS1hQa1OlK0q3XnDaOaw0YBmoOzjRPTezYsGlN/lDlJQAQaOCDcP1OpO23LRtqTWZYfORUbfZX0SAa/pWzVoZHD8quVq90WrvCYY83Gn2Ua9wsAgEWuCz3hFMoA9KvWlK1j9pqfNs9XHUPSA6gtbXFY5MtPvJcC7saVpanxeO+EkrxiglKCqoolJPoDz2uN4s3FnFQiDCXFvS0bojSSyqXy8Kkql4VvAFaE6VFKKxUibL4BnVB17LlIgngAHnRGa3lyQSiUjc3ix9oEghytI7pehU1QB4X63IiRo7MBac01GRRBZwRUJUpyCKUBvSg1U0Vboafjd29MvMJxh1AS0qSRVALBiRRzvUv9vEA4okyphSnRRB8CrwuPsw90DDlXRbW6WhvDnAXjRUqozeKiqToCVlIg6JsZmpqaiLuZE4SFJooXngERcdEXgdfEOQMZ4zi1S1EZmZ7kacviB6PEm7N4M4lIBRnJKQXBapAuxNAHbUhnF4tHjaYiEQcXJ4VImcOM19Cz9J40XpSWABokTR0BeNQXxWUvZoJa8CTihmKTfe/RCb7wALHhuNLUoAkkj8xOz9G8hqzRJeM9lxh5ftChThIL5SbtU5UludBqSABFHMDwisr7ezfPVf09LSfD8QUtFXdjWgOz2/q9TdoSqQvDLLJUGLFwRamorzJcP8AEFvNYfe7hZTgyHLkBzv/ADfWEk+rMCe8TBnDPo27u6bA46WMWxIAIu1K3yQuwBySlksGSSAaO3tN+o8xvDtR9OOUhV+1SrbKqZbufeNLQntOpWCKVSgdKgG9K0p91J1mfYCccbMUiaWOZQZRajmlW0aw1FWjYTEhWFZIhfQ4t9gDUTUrmEgyWX9bGwgA6ZLkrVI3hLlJ8JWgIzHsBj/2lDTFpJyuxUHatwaioIsxZgRYd+32A/ZyFBLAFJcVoWYnYFiNqONovBQaPuNPlEZZlR5jcxAZP7xPj6GH+W0E+m7aHb2iDQjjZBXQg1VqOcWTwAES0uCPduDuIe2B3dI9wtB+IkezvZRflURZ3C6LD0qm/K/lDtLbx4/lA1bcQDmYGuSPWLK4acqQrYg+QJi+eKKayBVlv1qlTXo5pNf3UVdHU1NY2WmR2kwxAYmaklrsSNamng+wMWvhJisd2XxeYZkiUoFT0DA61A893eOMyg5yNZ2e1Sq351VhtotnfPrub3f2VmKX2fwhU4Hs03BFgPCzWj5kfiNKTI7SYxUogj2kx8veGtCz1fq7+fQD8F3FRPltawl/pV7VFRrbzqVFFUmpT/sKejwb0p2Axf8A5bLnAIA7pUAbbO+n67VDNcBRINz1NY2Jaf4djiFGhvXwOvX4w2zaHxV8oUGW5R/GPh9Y5sdj5GP561DeG8e5vHkWvBihp7eO7UO/aEhbLnc+ZgidU2a1kW7JD3dIN3gcixaC2GUGcqyGzizdt/Jhgbh4wqoL1ob1gUNOX3b9FuzbslpvZAe6S1Km1NeUIVXPU+sRuqjzADLNpbxt8euYMEk3JPUkxqwFgBDUZObnqfWMwVpvlcagbEbJJcVNxqd4j8+wGstHuqZV+ysrDay/TVWmWu9m+b+bw+UTHBYoIACqlgw9al266awnc57jUp2jbPtDx7G+b+av27MW+2vtBjE/tBSEhsxYAbkjYfGlddYl/F5VBciVslIjma6xby01Soi+mknjAlUfDYsAxcARKlYD8N0I+QGopr9PJEXlPyaMAdfecfkANG+KyFTw4UWs7kEk3AelnYgF32FZrwCZ/YGVaky3YBJmJLFSmqUqIC2FUgElQcBSASTcaOMc1DjsqOFqJWkSsV1AoKH6/dFWKhJRlEpdN6NWFJOBqrUuWRgeTAhk2TGpm66AuSeV4no8oHpOjHpWH9gSVFQq7EPQMXdzqABQc9okXEOLHjeVCEykpJICkqCS7MQAEpHuuSQokB05W70Q1jvYoxhivrIspEyJmaQVXZq66g1SL7ps+VvPi8amcPlOZAHKE4B0JJF61xWJPkgL4PJxUOPSvg3F0EiWpT5ipIrYh3BchzsBpYMkmItxnsbPw5CygnM6h3SbAkgl7lyQBU17pCSQ1YBG0RoLqQtiwmIxwIgybGqXMihKuxqcVomhshDY5do3FWlygmQapzOpni34t1QSB4Xyw9dAZjJ7XjeETjhmRMBpmDEOQ1CKlwaubMH1jPBMWrhKkgpluly6glyliolOoBypJNUskljQi2JbjaRgMBdKzX4SiFoPVWBZVUKsVlVRUdfcALXc9QKS0uVb+mD9lwBO1oxKw2JlF0oKmLAukBhoaFj1OtoluJ7VftaCkZQkpy91GchVAFC75f4SnVyWiO8IxV8X4wTMVojKWKsd62S6WUy9dOHcUd+CcLTM2onQqxKFBUbFTybJzhVnr5Qn0iQJ5xLu8s0EKAaN12kcZxlY/GyVJQUUJALZSGO5YlmNSGsa3iPYlKMWFLFO6tRHsmfM7BigF05WASApmKsxUCc6cD5tq23mrp7eLbNssRLolWYgkA63I6xWmJnTMJNUlIBOZTOKirN5fEhokiFUJIoRsUhqm4SpI1VSqqo1NqqnaUJUqGtq1Na4s2/pfSxDpAG2MxCWBU9Wd3rz/SH3hfBJ3GUe0yqGXvMKWDmzbFg0NIhp55K1b9KpXSI3mxT5CGoQ0yZt4+EnArJAPdo9WcHWsLeFS1I45JloOUBYScpYd2hLBnYvpqTqY0hxXDsU5H1Ll0hEqXqUVKBGVzpoVlQRASojqDlJczCcwtN5SulFOxeK9nj1JzkDOQA51fUUYAGzULxbvbzA5uB4cskqUgM47xUBmoqj90KLVoDYRrzgdBx+N0w3Ts06bixc0+zBdQ7u9S40GpBZtn1eKY4fglJmJzJsdQ9jaz/GHtgdBo46rpBLQO+YA0Kxs1yp1PWhJ8R5WLU56xZXDJXs0ooAKWBbr0+FYdpbQdvb1X9na0RxszuqDmrhwbMR+r7PrFhcNlupJHLStTYdAPjD2wOg8fHTLplLXLU0Kx04BSiWDOSBV2rTkzV5eEWLgJavZMznKQDX+EgNTU1OwHWJ+RK4wCEsE8ZONhkFkK4VqpUiF2dUqk1YbFRT/t0pKtI7WraZglcU7RYabLBITNS7Vf3dbfI2LXixU4+Vwv8AC/iCJigJipU3vFgoOtbMblnodNzaOQIowIU4XJYuGYiVlZUViIjaIlZSIiIiM5jOc7b5i3uDhEhUvs/hkGiwgKJYOSWJs17tvePmNxjEom43HzXCgZkwAmrDMoCujelLxdjFKiMYQ3iQlVJoSqqKjWqtUudd8yEOL2n3Y/FKRPSkrIDjXnZqUuPnpEBxMpwSzu9uvg/T5mvWOmz0vUibKlImzCtSo1Kq1KjS/NU29H8Lw8vEyEqcWckGpYPVt689X3juIQQqzAE1DVte93hYZf8AsUrdUcvbI5+Ufz528ZxasBiCHolTard8xtv0+fRdMWUQRJFDzd97xFiMKseh9Ihw4NVBOrTKWzfslxMNzIFXPU+sIVXPU+sNKhp7vPqHwHqENLYjEFqY139Vtuy7XINF7cFXPU+sECmp6y3W6bL58b2xBCbhmA2lXA9PF+1kE1J71CbWB0aFisSqUUtan108OVKw0j3ABLi6siwJlQ2axKRnIDYLxElEQslpuZtxAKULUdEk6hmrc2oH5dIlPCFon5VLUKEK7xD0L1fb6x0CYlcc1G7iwGeI1HyDMVlU+6mDQtKUHVQFRsbQFimPKA4KjU4yYGaaFUmr2UY+yKSEEEOWaStaFp4imYFBS0gDMGJAoKUBNBoLUoGq1tcN4IrjWSUZS0pypSBkUkZGCaUAsKtUAg6iLzpuD0IC6HCVhx/BpgCVJVLFRUVFZUrEqgIsL+qrfnUanBDz0I2/OlV7Vm0Z4rxISyQhQIqGcE2A0L/XmYsvhfYRGCShZRYJIDEszNu5tfRvD0ijAaGcZxQD8RCMVOmEAamZqUIN2QIM1NnCxwtdOFOWy5Ro+mCWjMxAhcF1KBWygDlcl550WbD8VmYZQVUgmrh6EEGlbgl7OHBesSnFcDw3EZaZapYOUMxHdcoKCCHZQKVEZVBQrmuARNBZT4AW+4SofqqqinaOar9Idc9LSbC9p1EJzFwLgnZqB6ej7mI5ivw7kzVFSUgOSRSmtOgfzsIi84S6QTcav4UCJhKbGsaDRA+peRSqkoUpUoS1bZV1uaFZwCXz3Kqk7lEmsq/1LZ4l9q8FNUHlgKbKSxsHerb16lojXEewCcElUwAEhNWu1SBem5DeRYRjJ8KdjIxziRERMYuZgnnksTFLxOpjhMpNUesMyVZu+FI+TuCWlBCJ+SlKeDD6QXE4pEuD76ro6VZOg8AJWS+XxLBTwFBKQAQdPeILEmnOhcE1FUvFc8RlTcHMMpMqYT3hlCF978oIAHupCquCHIVQpBiu0Efg2sY2LQFYmqSfgulTV4JKeKxUaOqo5dk9yhK4XDylAbPAPI5IKWjS6QeAXrXeS7ytMTxjKDlUkUZ3fVrBnpTyYG0deC9jVcaWFrklDuSZktYYkjL3TlcMVfnDXALltVoKYtyBgEtSoxTeACCSVKXN3jSKJqq3ipUGpWgjYDY3iG6aCKYT6OEQMzNQo9PJqaSWEIiYBEUmuAmq4/M43N9vLSMxzLQlwLjMNhzNGarhosA8Dw3ZzDzEsjN7JSSe6FFkqFWtUk0CWzFgHaOfUywggMVuamSZm6lTWKYmaWAc0+yr0QK0TACVCAATTIhK5ByQEAGQPCITaado1hPDMylJGaSCHIDugHUk6/OkVHwWV7ftBLLZwrEBQKXKaTMyS4exAqSxZ2akWyRFPh5bFqC1XTrX10oGQhbaaqwpKDTSF5EamgDqDXc1X9lZ8wcRUwJHtBWrNmJcEA1Y03ZqCPQnbPCS1cCw47hORPdKg7OORL0oKVDUuN5sDwG2WwePPta8sVNeSHJJyi2lAAfkTzbpTUjAy0LBagJ0+e1Naw5MDv6B7xaG41ZK1AaOCRd6VJ5fKJDhZeUy0ineGnP7r0h2ltB+AdX437trRHGzDlVqWNPj1Y+NR1MWJw6W5R3SKDTy+D/E7w7aG4Nw97QfiM1QTMVX3FHW7GmpuPB3pFjcOld1KbUFCOQGuzFqRDuPpEZ2G2ItkUXAAqrGTjOl0oATEPYKFgFUQV6Mw9zOiVlMPpD+i96wxAbwnv8AhbgRxTGGdNTmKZpumgAWXJdrhOUM7OKXhm/FniiuFdhJ2GlTQhSkVAUnMQVhRGUkFlJdNASCp2o45/qb5XGoG9fSJQl4eXJSAQEswqwAGnxrQfGPnbMnrXhZ80glSppejls6nFASxcfrDjSprVpkVGWs10y1eXTbe3fB4hWAmhSd7i99WYfbAuYTz5YVLDChTUeA/qxG9o3lxV8e5PlpalYbqTACrJUqzVlVWvNFnvb8fNrm7N9rSmWELWBQJqWuGZiQ255MLRHcTJKiWSa0IY8r+FW20uIuf/Dhxb/6eFX+1inzaWf+JUf+7L/3o+sI/wBkGx8z9I4si2gv7+3T4BqHY3lmV+Xx+cWTDtOIZLAtLcpPQM1dctwap/hO9l8uw6K+cENInoM5auB6OkNOhuKrnqfWCJaMjUvLS7b3eO+WnqbEYVY9D6RG5wqqzzaW4B5julv4tZPCFVz1PrDJq/b2sRiBTYCX9Fu/r26eydrcFXPU+sEGaGg43dnRPyDFNba9IILYZT6TLZL8++fToBuOKxqJIJBSdyw05NoeXrCrBYeZj1hKQWJawNvt7EdIVIuw5X0JS8zTcSoZxUhaqDUsM6sKIsoFVw7NTgoNBqkTUqK1eQph43nWt4AIhOYANk4rjuNpSiYgNVCwGALODUAjc2tbaJ7wrsdNWqQp1p/vZZo/8YNQVAGtGJAa5js6iSgPVupMmy3moqKgqrYVbekpajuKLXnWUqUAVKNCRQvselvSPavBOGysNIkkIQCmVKdkChCBctctWGB6OGoeofNmvDKUVF1E3uSXtvD3icWmSyco2sNeQ668thHwzrCUTE3Y1rQDXygMO1XbnAVhjQ21ZvGto+/Rw1D1D5tz/bQOopqCedKdf6Q1qle2JSoZiTV9/js2sJpbgOAFta1ZgFVVqFamtU5prb7VnuDXp2Mf2gQ4ClCmhXXw+sY/sWVMIWqTLLVcoQrbXK5tWuhY0hpRNX2AQ4RKqWpirEqlhKgErKlSqzSqUsUKkzCq0sJr9SAdmhU8OoAERk3fhypuLWB3zXc6OTR7ABz16Q08c4rhOFyFd2TLbuuEoRX3QKCpJYM7kkAO4jADHAxtE8pEUUwBgoYuqhAJUoK0uqogCViVBEYSl0peNChAFRsD2R0Mnj0qBQLH+lrxT+mLqHSyTELI4bw4JEtS0gkKR7wS4Ga5fk5PJ2FIoDtD2iONVNQhSlZsyWBOrpNzUB3tVLMDQxQpIfPZK/atn7KKTa7w79DbdtkqxkoJlvVCQySWsnYjY76jcRw7BNhJ2eaASVEuoOaqJcEgnlTlpGq2JbCsVtEj1tGRf7KwrrUqSv1uvzXNJpKUhHJoiNjUf1tN7PmuzX2QwRwyiVpatymp8WJ2vTQbmcdp8Z+1oACypLhgFFr1DW3veoaNYmsHETXSz6NS1G8OTWsNIjmHlgEcqnXw89d25QsFtBf39unwDUOxo3iZgOYHY115WfTyfnEkwsosgZauCejv8fkGh7Ft48fygaB4/FJkBQcfmrvXbT1JppWzuCSlTykABmAtZqMG18t4dlD8njWLQPHY8z1FCA4USmlXJLA0GlddYngwiJEvMpQGQZtqDvOKjxoRzjH74RqJwxHj6VIcsMByUgEljWFZWGgYgVsJtHw3ENYLoSuHYDqhJKd7XP8AhRwSZhJXtFS8r1fL/EVEaPq5+tY8q/jXx9HEJhky5pUAChgssPdFA7MSHNySBQUjPj3n93wa9pCh7ZSSXYGnMp+RD0jzi4lSDmAAJsQGd/s03HgvNqq56n1jhHzQnpgW5tLMPmBr4flMfG9shSk+6pQ6Ej0MalKSGKR5D6Qieght7W29tN/92Z/vV9Y5/syf4f8A4n6xCabCsqq36eBv7pBO9muV+Xx+cOrjceYizJao6tLTUtlzqVVVaF9+nWPRvsmy+XYdFehgcbjzEMnAyovq2rfQNI75W2W8Xybiq56n1gcbjzEJtVZN823hPnbd+EuJNiMEhjUWOohpHxHWWcy3R1D0d9v4J4RKuep9YZjEYgw3EguaG50O8EFPSB1h1h5NosEIWWNEqNtgY2QMy0J3UkeZAieESRQ+TKkxWFupXnIrFSpNFQv4qQUKTQuKDYpKoXRVVxUVpRUmvJUwE5LEUjSpS69NMArRSlfC6FJR5KC0BXjV4hZQSaKIqwsWY5t9eTkEGsW/2f7PSpQRNIYkBRLpuA4Bck98FwwJZ3KCz20+ELx2o3Y9L5iWxdwBApQnrczVSEQEPCgXysoVAFRqUlZuaLxYPqOIByIu/wAlNUiRSQjZkg4AzdFcKM+WteYUQojR2SWBrR/vcu/EONjhk2VKRQ+1QkMGZ1JDgkLDvUuks/usC++3r+R+MenEBFlFYeIJVVJUpNSr6VKDUbVSlDWd5ymjytU6sRtAaoAQC5qc4shSVLBSQApQqGDB2+LWj1JwLiUrFyJIQtCiqVKfKoEk5QKgWKfzChBe1oIM1YYgKLkC9zyDefnD5i8CZoCiCGDmjW5+FH5aGItWUXYSQ8MxKohxWhchDcAF4ShULxLpY2lYHKqk2PRGQTCYyEAEQmNrPCQV+4Ctg5ygqpvR6QwLny5Qda0ISDlBWtKQ9WDqYOQCwd6HaHCm1Uj1sXCpESrUsqiuYhWiTNStWFQa5mpPb2X2Ng6g9CD6ERsJqSRarfmGtoW/jneJ+TchgwSSGL1YuW8vv5r56U4dGfMLA3A0frrQ6xE78boQuCvzF+JKWdK4Vumby+B8zEnyRdLTQ1LHHjQBCfJeOiwzT7opqx5WFR6jgsEBHccOU4/u1sSPyreoelGsQQ+he14xie0iZBUlMxBYqScqkkZklSSkkPVKkqSRcEEXBjFrG2O4oY4cJTbGNRJ+ZjAKC0QDYoLIW1W6WGjqWKEqlCk2jaYvuvPuHZwJ6aKgQIVGPskkbHBFwVeL887PcERLJJABauZmDFwASWYsKs9KEAl6R7fcamzQTLKwlVUhGYEhSUl1IypUCHUMiqChKc4ATCXwdMO/WNjQpgxMy1w4SqDSSqVCqK3gESs0rQtM0AVFZjIQAHxBUV+IvA8HxZW+7IBEHgkPEcT+xhCUA90/lD+bab1u0Q7szw08TJXOUUhOZRCzldgqhdqbVuATrHghsU9QmmMeq4DIw/Ln0tBpVqrL6IZUZlRsBWmFTVGQoFj3KtWzpG86n3k+AvPJJXlJ89SAAppsyJKsdSYhTABwoEEPVLU902ALAaGjF3lqTgJhRKMsBBUCErzEd4lLBiwIDZW7rEJJCa7rolHI9EpsqRCJwCqkqlSqqioq12+9vpg6lWqiyi1G+1naXgUYRsqQAfP71oPiTDlLxKsUO8XtdyDz6/CotWHfQ3hvHuZNiJpCWJ36dKN49K2h3w0tOYJZxruTd/BjDswOg0cdV8xnoHfIRaNYqblCq6G3Tr4N0FHiSYaUTlYEuQS3I2+p6Q7cDoPHx0y6ZS1y1NVvGMSqZMUgOBmIfQa+VwHs8Wp2ck+xQFlJoByuKm55efSICxlcYz1BJsrMk4JUaxUVQVVCsqNpZoNbjSIRqUzARJYavVSophMVarqhRshynteOzfZr+0VS15CoFSTYn8wJJLGtCz3ZrNEf7a9rP7MlTJaVpSckwe8B+VQfUhqtQVatYwgMqAwTZnk2ZCamtVDzqbc6m487CbGprLnrOvAt6s7N8Fk4DAUypKUCjB3AF6uWtpW7x4W47x/EcU4gsTCpSVTVM7kMVXfq133oIL4b/e8W1kqbFzRa7ULa38fTlDbxZXs8LLKbuDTRyBo7X9YLUNPxu7emXmHS8aJqlJ/yj0hSoaDjd2dE/ICNo+2I6e05fH9IiJB4DZWVg336e/x3sgl3T0+UaObOW2eJR9G2cf2mXS7Dor0MYgejbOP7TcVXPU+sEFsMpw5tHjVstl3tiCIcUlBVvNuHmhqPE/LrmyeCG36Tt4/ssQQZ9IHWHWHkxBApqDjf2dE/IdVh0qG6SPgY3l/vJf8AOn/kIklIJRHlsJYfrdNZVKuNMQI+xUhYapQCs0KiqwphOELClLKo3mnzY6r40VYrEHpCDpunxtAQeGscfIVJWpTEHOrQpFS4YtsQCRQl7FwL+4KhKpSa1CUguCB7oIDl3oWcGper0Eo4w0JD6AS3FFLQ9FUmZrCxAxAMzN4rASx0zNjdVpRUpJLPA66DxMB6lpI8QddnfyQAZMYPiS5ToLl+6dXeheh0OrbQ28ewJWpIo7pqBTM9WBJIrUd41pWpL6g1GON+J1EgyLDdDnBXRqcmLFQu4LqozKy0DUsNnXi4pXqTMyt5R1Ksvjy7JylF0R5IldIkls7TWOpdr43wvC4uWchD5TRgfeJOiqAlzyc/mcRJOzfF8Z2WWhawuhSppi/ylkhX5vyp7gIDgJSSgtl1ohnj6wCiNh4YCGHqiFxiI0hSD0VC0oSqXyoo3nDMUAWroD7IUzWD5JSE6hoyCmUlG7SPHAuuCLzr4OwhXZmWgkualwQXDAkOxZQG2YbMRFv4X8TTxSUJR7qsoSQpIS5KCrIFMQtQSCSEKUwFTYmuq7gSjoS1UZPYyxWVhFNUmxoUqqK8LCqIIq01kVVobmq/SAJgKkATYqTwqFSACRGtiEJuiMw2RwmWosVKZIygZlMGc0clnUSogEB1FgHpiRxqSSTnAUVOSS4LmoZxXKGBJoWJBFD6YBC2JcAospZRpaI8LVQvV8JogslkwhjRApg2KwKTZVG6rijyVuoj45JIbkaXAUgCao3n8rTRPI0HgdU7/KcE8IklLAEgOUgkkuzGzAOcrln7oFhVqx3GkS1BS56VEEv7NJQkt3gVOuaQUsye8EkqU6SSnKoxS+ELMITGNHCg0gQqgxj36QtKCtLExqTvwwNjRSmtGWIVXJVcHFI6ozckUZ1SA86L6Xco6QXX0UtqSdHSi5rheD4hMwFSSE52DhyQTsSwuGcgE2JIMNeN7bSZ0tSUzQVpSkAFZCXJKUAqALAqDUzNdjQGCcfyAJensTxAmLmGumZri4PJYqM1O7yxdVhWqzcqKV64ZA88+8c5SLoSqILgvvPDafi8IiHKaaYPh0xKUvLDO5LCget3LNXcgaxBsdxJE51mcTkDlRUHITUksAGJGYhITalAxlnFsXEPUTANBQlTGBG+MAZAljYF4WIEoAzQbxkvjY2Nl2Vm8UTd9NwecJhdNTRPC6CsfVjtU8kEe8AA8MmkcGmzGyoKXuUuEubhwE66s512iIT+0Mma6VBKiHCnqHBIIcjRTu4rqIjvF2xVT+DBcvi8xXdUJReqdw0NUnDs0NicxBLlbpoUppKKeMgvptfGhInSg1pKR51LvJGiF59QDRq1TOCFC47Seyq1MtQCmILKDqZJdiosVECmppdRLlr/ALYSkqEtQl5gR3SQoioDqABUQmlQSBcqubxpsqT6bLSpNpshKioqKeaiopKqpKij9lE85a+jQEmc5spCE5QhIKe7RIFiBtG2EWpcwkqUQa1JIqFHU9PKHtQaPuNHsVc9FRM8EWQjp81Q5C2gv7+3T4BqHY0TxMx8wKjRwz87aeNg5HICXcOlftKwAHBaga9j1tu9xsIduB3jvDvBo1ipzBW4BLvWlW/qOb1iyuGcJASkrAApcBm0qeX11aGTGaNKPgCictltMbaqSqVKZiqlcqvdSTKrv/5G4GjOA4bN7QYgJCPzkUGxZ6dNxUXjvx3tThuz2GWAtLhDU3AZ9NKXarRhWtl+sIkLY1iQt8P9qjWeaikc0pFLFXNKTSv1KHQKuV3tnpa/+ynAv7DkozpDsBUPfbmS3OnhHkntx2s/8QYhfs5iqqNErVbY1a2j2fVnci8wEvUiby2LZVoVc66/y09jTLMrQkA6AkCvKK0YXYPu0QlTfJ41g2NX13184ye971etfWDVX7e1k8EFviKtv6enwvmA6Z7mIIM+k7eP7LKI4Odz5mERE4DVqbHX+QauLNLIJd09PlHeHey6XYdFfOCGz/h//WbibnqfWCE04zbIzG3plZ1cdLYghkmSqMDLNnoGjXd3snghusQQGIIDYNi+xjKTlUlWygfIvGpnwcqkIFLDbGSxcFLgJUbFRoCBj4UpQ2KSs2KjYBEYUr7NRzYMxehaIBMRzu9MACU4rj8MmepScrOanewsz0YVF6M9Ytns5xbNlSzUTY6gBNnNgBYa3Z4mRXYrCOMVsgYjpw7VJYawsAMlEsrDY3iDC0lk8BuV8lKm59X1TJs8AVAKdTinS4SKRkHKkIc8L2dE5KlUTRWzZmOnvGtmUHYOWrDzxXGl0LdspzVAIOWtXBLBiaEOdxSI2xooSRvj9kAZCMF8qkBWpVWwGi/SlblRqISKRKhIlOBPI8KytRAOVN9fBYAzY4f2SxOJWQouCSxJYNWw5UFNN4beKdqpHEEJSlACkgJL0bKkA1y7gPsAS7Bo+0jDM+TOLkMAVLApCLsDVw6NFUcGcfDQrfOFUbUb7rqqK3RgepD8nN08IlNGkh5Y8mjKiMeTSyCjfd8R+H08h0sSRvRjQ1DlmeurDwZpPa5HDgRlB1AKiwIIIIOUkMpimgqAaXiK8W/FnijBJRqtRKRJwDXzqsQRoghKDZVKspdEsMzUTUzeNin1USOnlIBYWgAyEQB4QAf0hBucv8NZp/MC7H3gAdN2DAtuxIoIU4ftnOJzk1YsSQCATUad05UlnuBsHWIE4pEQYCRaVcSIeK6GKZFWFBqVFqWN0Oq4hZKpgyMy0zw4sLDV9cQyn8UBY46Cg00QPUbg0Y0nLdcZX4bzAXK0EEihKdG1zV1YlyHuWq1Y/tdPDpSWSXCQlLZQopdKcrBlKDmgcqBJYCLArWB/rIWyAW0SF4qjVVQrzqlgSRUlYelRQaznaak5F6wPdRVZlToZ/l9jMOhu6iwezuBoXBHnDTM41iEd7OpzUhyWdvrzhx4HBaH9ZFRkZEOVRqVc1GkQjVVRYNSj7KNYkHqoqjic7mcZfZaSnKwAYiraUp0/rCKZ2nnocAqIUCDfWm3O9Q1YlCm+TxrBneZwWRh0BQyksDblrtVxsaw2S8TMWolzUlT1qTXU06C1INUGj7jN07EpkZkpRoRbkbfL4GHSSkqKSTqNa3prSltqACkLZRd0+ItEcS5KiQaqUahrqBiY4EjOK6D/AIqHrSHvQ/K41C0ZxVz0V6mJtggciKaf/b6iHYW3Dx/JBoFippBIUGqTWl9tac3o92iwuz0oJIUtgAAasB1rZm6aGsNKLUYkfBNEmq2W2H5qnVRUVFFqqVyq91JNKlX010+TMC0rmzUSwlSgtSUnKlRoogFyBQVa/kHh74v2kTw6UoJmJGVCiO+A5AJ3fTltrGFcSImrCLUSfWREjD86VVVJUlSn5qw6Krsk0r1SWKisyvlfY1xcB7LSeCJROyglSUqYAUzB/nXUNHmvtD2tn8e9rL9oWzrSxUasptWuxD/GlETA6CsjKreuzi3fYHU0yK0YgBKQA3x50alK87aiK8OFVJWpZUCTVnBu9zX9IFMVGBaZGpb6eHOvjffPiU9WRQAbRwhNoecfu+AsQQqMnggpTUHG/s6J+QkEJvoIbe1u7jceYjgx2PkYTUTQGBaW5yDb3b/w0twjvBk4NRLZ/wCAD16tvHmQQZwPDv8AsBrp8enf5sQQ2z5VmF3oFnbr43sQRF9NeO8O5kJJc1Nzqd4I/Ww53PmYIKU2HdnVfLdu7NLDnc+ZggU1Pxu7OmXmA53PmYwaA9DEuYv8VFfBOLZVEdO4CWGjolJullSlTQ0AqKlcglUTjlOkhNBedAnAXqpUKPGYi6rSkheB18XQdHkZOpDtRymwprXq2tOsP3Z3iicMvvEEgi9KPWp2AdjTnrGqpbjlQAM5VgrDZAmzw8kCmICVNEoVlQ2WZUARigbeUAAOVFozAJiAgGUoY0LAMTRgw3qzDXaJPxHjsucAkEAkMwfWgFBU8rgF2tE6YGal6kLayTmHlRqVGvvUpNa2Kug1J+Nsme8KvIoVYBnPwNjS2hvekRuZNSsHKb+D1tSjesFqGns47tYb9oTBpPhccgAAl3YF6u7Clw9bl25Uhqmyysm93D3G1/PrCl6QGsesfJnUYTBkA56kPRZ1rvHUUAG0GfSdvH9lg4TCAE+0NAfzq+sYIBuAesejIZfvEOSAoMTs5r4xmDDLpevh840UlLHupsdBBduEwk3JNrn+aE6bq6/Mx50Gj7jNawCouAbXA6+tYXyicwD0pTxELZZeO4e9o7jwAVMAK/JUS/h37wdPnD3oflcahaE426uo9f0EWTwwAoS/+X0MOwtuHj+SDVt2gxCZKhUBjpe4/pTpe1jYHhisRIKpeZyl6FtxXkD9tUc+WN5gUUiuPy+TcV1UcmSmQi8dS6UdO+SWAlUEaOlamQZcUFRPRuOlDqkRKqTiiVggAvKcRF1b0r1I49SDIuyK5WJKDkSXykFSUl2LFiwcFQp0YksWpP8AEFM7ATJgWpTglFFKGUKOYJLqJBy5CqozBlMEkCGrhlOXlt/Gv8gHbqFrW0Ac0DB4pompIJqTXqYM4GpC8tzlfZO3jv36LSBybknxhbMjWsjI1Mrq17wus26ujcohaAGFBYaCG3hlPp4675jPSG6QixAQGNBY6CFLA6fTx13SGegN8gFk8IYNsQQGIIaCUUZgpC2su2W789o7QYcGxeCFGm+TxrBiCC9NT1b/AM/s440WhrYghkn2HJ4yt963aNG2/pC3exGWOx8oYFNT8buzpl5ggNz1PrGI+2xBBPDKDgOobh3hfsALmIIHo2zj+02RcdYLwtlpVWRlVvYHA8bpMtyJ0HxP1jQylSC6afTw/TxDmJjoSMv8fDrHuuYyJ2+J+saibMmEBT0bx8W0+fOPFxP4AVPOmiarNLmxmNhqgDIyQJkE5zrYySZ2mXDq8RkLogA2ymE24lRQDpr/AAnq99PINaHGTMKyGL6aFhV9K9fm8TTi3jF+JC2NSwyjRGkrQJWlZlT2VdbGpuqSpWVRIDRYESokS87J0RERHNB9KUh5QnFzMyQkm4DCtTqS17WP6OaJOZOZSSWBZxrueVtteUXbGGq+92YyMZg+1UtAY3kHTA8ZdDSZODxZCSJy6gEDMNRZm+EISkgmhYPVtI+KGGcYP85aIH7JQEASkLtXqoENve3QYLGOP7xZ372gvGIW8DhWsAMs5x4jSa6R/iWKZ7qohRLTokznJBer0KX8LwRPDL5evh84wbHoYLsnX9P+76iEqQXVTX5mPOg0fcZtX7x8PSF8sgKDlreohbwO/oHvFo5j65mrX5KiX8OI9oK3FP8AdD2wO8d4d4NCcbdXUfOLH4ccsp9kg86JJiyGLfV4RIKaywC+tqqH61520h9VS4FqU7dT5klQKQpnuAWpSpsG53tvF0/hrORxHNLnEJNQyiAaO9Cx0tvaM6/hmMXo+/hGwWjYnMBdAriml8lVVY9VhUvoMBWxWJsIDyQOFEhlOEgsHlQ+EbZDyZD+GmNTNygrQSK1UkEFwwYn4+ekV3+N3Z4ylqmJlLyFKi+XuApILAMHKsyu9UMgUBIJx5Mqcvq0C0cAztWtnFvXsa+AQoOkhQ3BcfCPKakLSogpUKkMQRY84L+ght7W2AJsCegeNSCLgjqG9YK4ZT8fhfId8rdGjvC8A5QWLMKtyhb9HLzKfj1CPFg22MOBctGFWPQ+kJtMJgW3aeq+XnpZPCCDNNhxh32d+3xncxBDAyxP9fZ+DEdPZ8/h+sIiIUQFubTKzr0fnxczbKKnubjf7PTnAUVoac7+kPbDMOrJNmpkW4fMOL77bhl1M4y7J6/OD2dQx2ffwp5QmmScLzMtrIzw+qtYT23+VlgsomANYWT8oc2Gw8oaVCCPv9PNTXjs0XWMgm/m8PlAw2EIlN/8BoAOsfEOJMnhog2xBAYggMQQ60ThGctXT32CHXd0CLKZd09PlA53iUaanv8APrHwDqANLL5VMpOjnezmBr87wpJtOKGJC2SsN0T86l+qipKlV+aLjY1Vhr9SpoiKTRRfsibJsQDiSwvQEiljyG3iC1oX8PQcMrMpJL1ZXPz+FvhG2COSsP4SmUU02m8AzUgErBaAJVW0jb5qpM2iwBsayuOv8dOUSxs2b3bhnDUhiogklNwK83J++kOGKxqlBkgijuB8aBhb4W3bVDcG4e9ph+xJlgFJcgCr+PkW28YbBxBUxwQAzg0DhqHTn56Qp0Gj7ja5wgNs4rvqwYxuB7RiQ5L6+e20HG0jMBiCPmm+VxqBukzTx+UEeLN84CtP4oIP4Hf0D3i0dxoBCrM6vJqfDwBrEo4dN7ydD3We503vT7dg9cC/u+DQnGh1BrnMLXrTn0pFkcNmhk+Y+fwDhniQEeeGCbUhUpC33UalRrwPFt9zVn2zkBPDJycqSopU1A4petfmIsXsnPy8cw6kqUhIWl8pKXtcBh9vF18cuB/8KLFdVSbROdV/VRVFWCxrqX6UKa2ShTKyp/WURGxrDvblcf728+9m+NTOB8WUZq1y0LmhLhRoFKKaBwCz0Dh3uAXi/fxF7Op7Sdn5XsEpUtEnOWAd0pBqWzafHWONWgoC/NVWymazrUqlnUo+1dNdBrb2l2TxaMRgUqBCyZaFVOa4ejkmr/N6GPnz2vlL4bjDLXLy5VlLhIS2Uttyb01dy03yuNQNIsBjhJxKwpiGIYgENaj9a+OsQ7iSxisOhSLgpIKWBcKBIoAW5HT4oZlQGFW5twCtRkFa2cafNu84glZFiQacyDCmSsTAlIuAlPwAFvJiephNwMjAyROUlfZ1KjWqqq6p+M5drN8xRGZjt00p9+sOSOFe1QVuHykm4LVbXw1LVraGSW4dh9ZcbL9PV3zbuKgHcQ0lIBIYUJFhoYclaqD6P7P/ANWCWBOweMMNh5CGD8fs7PxbHtz/AAjzMb5v8qfKI/Zsl6+Hzjb2Y1Py+sO1NmphVtW9OsOBsl06GckEMA4FaVqKxgoDnvAdWfxtEo4ZCsFIm8pE2YVtbzVPOpRdd4cAKiYQxqLJ1Gwjo43HmIhzA7h3B3AyGbXM3L5Rlxd6bwZ+Pw/6P7WTwzx+/HGGzqBiCB8SYbOsGIIK0NPxu7emXmBBEkQ9KvePR1S7r9Q6GUy7p6fKCJIwO4dwdwMul2HRXoYym46iNPfgyYNiYGS+xkDPAZCLppC2FbogICAPWxSVhXMAnyjyqYfOi7MBdSa9EHpiINxw4Kc6jUBV2pR3Y/DqLQ/BAmFITZgOdh1sXFr2iRqagiAtlJGpSIkvQBqVGsaV/VQKxVKpJmtaoApScETXOpOhVT/kq3s2Y/tErBKCUE0UAyXNjq1a7MYm/COzCMdLKlM4Qohxy2OtNXe1Q8Jpmo1giREyiPDQ2SpT70VSUNPWCgSgNFagTil4gE5KM55RKWFopABuEWfML2pXPCUrUxYOCos7c2pfQPydoj2L7MrkZ1BCqKNEgkCpsWdhoWHrD/LcOLzItKjItw8qNSs1ADUrNSnOxUblX1Ua8Xy0g0nws9OJGZMxJ6KSW8j0v8dYvis2FVkUCltVBrkN71d/1hyUN4bx7mcGOxpflGwIIDEVD3eBhl/QHeDYjMJ1N8rjUDdFkFmIN/lBCXTfJ41gzfP1/wBUEKlD8rjULRzGWVT8ymHp4anlyh24etSVgmlRem58LC2/SHqW08ui7YHZ2gLQzF/vEux7xfn3tOX1EWPwya6Uh7tTXawe/LfozkwO/oHvFoV2pkjEzBKAzJUACzqDNanhr1if8OmrwU6VPDuFJIo23w1p6Rodiormsi01RJiEzVKyNUrdzV+B7d9rhpsbzf8AiFwE8OTLxUkEELCzlBJ7qkq/Ld2ubX0j1h+H3FE8bwn7NiSCDLUkZyAGKSCanati5FIwr+FWxXi+CeMgaxaROA1UgI/Vqv8A6qKIqFQFPrUKbZ/OWtSqIkpDYbr7Slxa5fwk7Sqx2HRKXMFEJSylAWTlsdmI3EeVv+oTsSjhU5c6RL95S1gpSSA5fQXfw2vGVOB09ZXzEfwl1Ts7d19YfC555mOa1B05h2YgaR5PlKIlmWq4BG5oWdr7fWhJeyJNS9N1qWmXNRrs4us0W6GcJtMw2YeTCMy5ipKiRVqmuxf4aUp1iNz4jMC2tatzqVGuarvw0abumTIJgfMPGg8fvnDlL46pCchclimgOoIa2n20NItwGsjLd26fHX3ybuKADaOBUCXJDmtxrWJj+ILzItq308CrqCzx7A6WGem9POAEEgOK8xDm9RBB/S4q6h827/sqNz9+MdGRufvwijnxLvE/Nm9gLADwjZdvH5GH+lE2YFszLWF35eGy5sw3rJpU669If9DTqAt+bZ7P9lb9F3U2XO58zHNzufMxF2GYCYFvOQ9YSGXTZ4NiBzufMwm01Pxu7OmXmHA3PU+sYgtWGzsbEEGfSB1h1h5MQR9tlNx1HrBDzR5qA5t138bJ/gNrL43RcjRnbm4rEtYGRqBSVUiUTgFaqpfmhUgUrZZlUqjaqSqtfqX+cQfZF07BIcJYFaDTQc46Ny1OJ+AEE0rDdE81JVKFKAKjX3qbmoc6qw1+ulLI1UX7XFnQADh8wgB8l2rZOsOvC6zkv/k+cVvxdcBD1SpUy/pUar9Vf/UCLCrVg7uddYjoarVEnHzgS4CgwNWvZ4tfhJaVSgATan5VPaJ1obg3D3sm4iVEjKSlixYkbbG3Lew2kGHVLnJUkpQ7GpANuttjQfWpkQkB6pjI1i1DjAPYE0A1NY0QrKvdIzA1NYroErEQB05B2YrGHgTytGSzQ/ttaqpV2axhw2TMtRAKXdSizlyQ9XOr+Ad4rLtb2XVjVrmSxTvKOVLe65cZRUlVwzahjQvXBMO+jbe+ensuk1vpxsvEJGRi6UuxGzUNfO55iKwOFXhe6p+6WrW1OTvqxq/KFVtSv2YU4uGuNj13+zGwaYRl0L6V+PKIZg+emC3LVVEj0+ZUv1Ua5AFVtVFCASnsmlQKv1lqo1iJvVzI8CSZinJNFa/5jCuJQpvk8awbGPfOAP4RalX/AFjKbjqPWDVBo+4zPjJZKCauWDcmfa7fOHFMxIUgBqN0LgPVm+sO0np+OJ6t87J2BOE46W5UGb3mpyZnsDfk/KJxwOdlKSqgzD6kahuW9tod2B39A94tEZ8r2aSpQc1Yqq1bOf0L6xZMziiJq5aUtQJFKaBtNK89mNIdkDYqfNWLSbwA1EqE1Nedve5UVKw2SZqbbCVS1VlEjvtYg0g1Z9pZAxKZwUkKdCwHAUKpNQCGqfjc6RcHYrjHsDI7xSStALEh3UA1OTD4M8Ws+Emhyn42Yk8VDIszoaQsKirGSQE51r7AZ2VRSVB/WWFJqv09qztdoapuwU9fB+NJkTFrRnnqGULUARncAgFrgEDcJJ52H+LvAE8b4BMxMpImESAp8oUQQgPUgswceYe7cpJ8VVaZVaW81SGqu3tmMt+2xveODmhXCpE4NWWnvUOg1+RoXO8fMfHyjgeM4qQaELWGNGuLWo1NNOUItNeO8O5tIRG56n1hZLT0wLebe23qunxK2bEYYbQ3DKnzlWWg12/mAT2MQQa+JHb1gxBCZV+3tbLnc+Zgit9Dzj93wFk0Oq7Dr8jEx0yqLy2RaW28WXbNuvpIbpmnj8oRMsdvZ+DEc4aWGGpgZa59t1m7TPp3MQQQbgq56n1ggNiCCfo2zj+02WOx8jBBmhoON3Z0T8gyAXFDcaHeCJRLUqYJwyKjP0/nbSM9vRYAa94sujeXUlq006/oY1F+DmhUK1iyqY2mboglIMBkClBEBABimqioqNFWcO3TBMoczLE3P/1oiCF4CwK2r0rDigGtNvnF6YzKmslJVnupK/vX3rZ1h1DazqQRw+YCGOSxponeHThZAnoBIc5W53hgYslBLFvgFKf8S8KzU0G7Opqkyk2Cwbpgazl0XNVZf9unEhqg8tdWr1aLX4UCJTqDOlN6D3VOHbweJzbmoe0JzBmJ0vpS20K0zTIch35HqdKa7jXR4LtgYheFIyuzioFqjQeI+2HU4tM2WtKklTpUKioo1DsHqzOekVDShV6t1IqoSe6krVSqhXP/ACVqqtvZP/5aHpUap3Yksgemz+zWMViCkLLEgA/X46aX5032mwv7MFqAIBUoijMSojxHm3xhNjYozAshualqazUqlUalUP0qayHM6rX5sKTKjb/VqtTVRa80NKOJzPZgMQTsDuGb57sS28RXh5zqJNQHuz1ox33h/kJGXpsuKk2m8AAqKkqVFSVKSoQAM1FRTVJVbPu8pmABzWPun1MOBuep9YW6fT99s44EzEsCaJ0/zCMChB2gUGj7jJ8XLHs6fw7DQOfHTlXWAzO+GobdNtKu/hC2W08uL+J6BDqtaGYyU6idOn0Avd30B0ibcFmkJS5agqej67P6kwixZVWHomEy+UhcI5VFSWNQSxUATHKo1zSgCkAmACOXJqVSmIXXhe0O49K9lLUU1LMGpoHehNKWBNNatOuFoM6Yly5cMCWcv3Q+gpVgaVYtEtw/S+Aw6RiXh1gDzz5cgkslkuWPvvC88+8liopKnnnnhteeeErF4RERF4RGY2tXE2V7dSgU0ZQLiwIs/wARqb3i2eFIGEloUkpSEAEAMGCGISkCmlAGo28ahYt9PltCU1RJl/WqH5raFpUalMhnL7V6pC3n/tLMVwvtfg5cqiVT0OU1FVC7OAfG/lHoHs/xX/xB2OxvtwVKRJWkBQAPdCgzEAlyNh8Y4sySnPRTqYLlADwGJWWFhUZA+IC8BkVvCUmYPCAAAvSEJiAAAjMZBMG918Jne17KYGYk51GWizFTHLcBy9Xt5R8xu2OHVK7X41EwBLTFAkApQVd5ynMPdd2vSlY96an43dnTLzByCkgJcgUFyB6ww5FknKlRANwkn0EChw4vMtAyHbx5i2QQbEHoQYwUqF0qHUEeogthv97xbMawqMQQGIIrIQqOrbfQCv8AapVxLy7dcyX8Lt8N/lDovQ/H78YlHAzXKT3CVed3lr72M6d/gfpDet6VptzrVoi6mpx/6Bb26OL7tlgoyS5qbnU7xzgtTU5h/wBA1d93jPTsbDnc+ZghN/w//rNiCFvA6DRx1XSCWgd8wBspuOo9YINt3ghQIcBrMyKg6LNOu/V3duU3HUesES0b091W4CBp9FFRTzqbmprmkqKSq/PSlPaq19cmVYjvAdBQUegpT9LV1hZw6VlVYlnPI3OoA6WreOjeEsOS/Fdxb0qifepUVe1RrpN4qKrOyqNtPv01NRl/RG21nHh2GK8pLGofztUfUC7Q54iYlGUOxJbzP3uL1isyqw7NqqMreajXdzT19m/Wy3tAAmQQlgyRYNsHpCfDn/8AIydASC2msTHCvAathvCstszUgEAVbQqpJlOryEWqbE/vVfzK+UX1JAHD5JAY5HcbsKw/WGAsGjEJ7YYG4B8Iww2HkIrxHLAatMoVxHnYllUCBNQnIBS0aKpKQKRAf/auVwslvUEhaU8FxKZS02Ggem1tWLCzV3akI7YSfbSzlSHCSxAcjegrsW3A1pET4XRCtY1pgsAXnSqDKTNV6ccl4QB5er541QCAdfAADlBkQTxReABGQCaJ96QiDouzM/8AmchHe1rUg2BBfqPGpEVNIl+xWoVBKmZ2oHoRzp5WrE/s+JACQ2w9IcYJ0+n77ZYG4eCCbN2K/dnor/iY1k+997GFah+VxqFo3igGVQW+kSXDEixIZQZoZK6eFRreC8OAF4Cs2XwxTVQu2eykGCkVUWAMpDIYqm0LAHWAiA3jOvuNVCwWIBdjVmDgjmFAEdHvFgcCclD1sS/IkgjmFBJGzOKgRarA6fjd5dm2xoUUgqmpAAegYNcEafKLNkqUBLqaEG53i0WLTGmH6JUiqTakVpUVGpVkAbVVnWeda2qqe8SrW1M9puAGXxaVNWHPtApyxIdi7knRm2MWrge1H7BweaiWAAZRBCQAC4N6VY/ZjlwiIlD4siRGksK0Kv3ykqilGc3KxCH6rATdLDFZVil1UVTIgESVREYi4I3CICLswEJ+nvw/miTwuVLUvOBLSwVUOUBwEkt3TR+VtY8Wdv5iuNcZmzfZ+zV7VROVgWCyAXAD5gx3DsagxCOB4BgC1FKmIgJoVmk6r0ABUF8wskLLONTiCSkkOTYliHoXDDp8LiN+D4UBCXQlXdAfKDyezW1fesORXlOTa2KhLeajUqssuv08aGxwWao+8STsSbamvwD1HWG/j+FAJypCWcUAGxYfWtLQZoaC7y6g8R6xHQ0oiFEMSNi0Gaan43dnTLzAgg18SO3rBiCKg0NPZx3aw37QmDNftOXx/SHRdgPv7rD2oTzNtXFo/ao9A6JcdYNsJhJbveZcV125w3ruK+GutWhNoafjf2dMvMdo5x9sQQlUvOPQ93gxBCl6QOsOsPJsi46j1ggv8cYbOoG7ODYg+MDE2DxLEPObDXd5tsLjqI2ALihuNDvF48SCFYRZxoUqJngA5LQWKwjQqbP0RVMhKoWlXK5QCDwHtZxEB3kjMIeCIiAugDykZlqDAuWcCreHmb3GsPmFlBA/hcAuWdiKaWLGx2AfTXCNijrIyFN/RWdTW+w13bLb5a2mvBsMko71KP3mFSOer3YczpDdxCblmUJZwLuNLV/paois6x+bip/VVVfukGa+0QeUtqsDauvKFGGI/tGRUafOJ9QdP7EpXYlUqP8Aukp6NY7dljVJif3qv5lfKL8kkf2fJqPc+Qh1sRiE9iCIujknDBSQliomy3nXJU1NUt+tRUOVqVt059Kiqdnk22HnrRMSHJBNhz+HziM8XkmZLXmrehfegL3po/rFcsXikeUCMOIrPYAaFT8ela8uywqNH3XzIoQTpUVJFAlLtI4L7j7uQxSVKIHnHnnHgNz9514XRARtrs40+Ukn+BwCG0BFxR6X1brFScSQJU1waEuPgxYWodagkDrYX4kdvWDPkAsOgjwYjMI7N2K/dnor0jWT733sYUGjeKBZQarGngIkeHI3FVJasM5B5yjYvzL3VD9AJWFZVZYCqVX+MJf9NRepbpkG+vuM1Exq39IsLgNFJfanx9Yszgej7zQwllrVsQerPFlS/cT0ifsXuGSfUi2X9ZYevyo1VSVSpqa5JxUiBD2WQBsOSvzPPUuFmVRpMN82qvtfxMq4jKYEJCwHYkUIBqQ19dW5Ra/ZDswOOcLnFRcpQb00NW+Bp5xh3jYKSKcM8cXGiTycjTHgrq2J1IVOGjsaIl0qrBIm6WwBepdJ0yodPX1EaJJMvL85eo07hKndTTlGbnFNRcmiVCkpGvPsHOE/h0vIvMQkOEklqPUJJLHlHlT8UuEo7O8XmIDv7bKpwQHOU912BDEPl7ruD3swFMkcVF5aWlRaW4BYVZqKuu7Tbp4my/jc0inM20L7VrvvZo24LISqWggggpSaVehOm51ez7wpRCwGsjJKmX0VpCUg0durTtbPBJqiQDuK13Lk28NB1s29oZCU5nIFDejFqbbA2ht0Jrv6rbNl2qYab2nIqAdwIqdXvK/mPrAEqMPeeH79Gvft39U8xiP2qv8At/Z+LEEV4TdBnL/kFahezfDquw6/WHYcHpgZZtsKioNe/wALLgncxDau46fMw26an43dnTLzAjSB6QOsOsPJiCDbEEBiCA2qSXVU335mFwAYUFhoIkaHmA5t6x07g/HTrZwT7o8fUxskBxQXGg3jd74OZDgiYAmsWlHaaxpVJoqpjfkAlvZNA2TH5yiVKqIYXTyunIBmzvwoAqSSA5J2Om7a3q5cmsOs9wgcwLbV5C9y71JqRCiZYdWRkamRl71Na18LfENfQ0jmkpl90t3dKbbQwYn3/wDV80w2zOgzaa2+6jXx2ALIsSAcBPJAJyGprqoelI6YQn9vkV/Mn7+A8of0B8OrKCcFjP6VgtCs13VrD0p1ePULUuf8dO/ni/cN/gZXQRKVNcO4O9lsKYLNhVj0PpGRQg7ERBWMgeGBZCVUlqbw8CtVL+qYVpUCm4pNYqG+SdaiICAhk2RGpsorwHNFgho68Mk+3mAAWLE0NeQPqbs1aQwdpsSkySEgAZbhntex5tS/WAW4CXlpaVFpZgFVFRUVFRUVFX0QVFWaSr8t1mq2eESzJlh+6G0ttt0t5xSuMJmTjWoU93BcjrXba0OVnOO6bDoPSC3xI7esGIzCZT6fvsnngZVU/K/i5rHOXr4fOBQaPuNHMQA6qC6/WHWUS6Kn3hr/AJoamLuImaJM1ryix4IpL1fL501K/eqUE3FKoI0dCb0gCFiXTAhKUxEXhB0XhBq/x0s94kUKlGgd2oHpfKA/QizGLG4WsJyFwDrlLbMSaVyjnZgWrFl8D0feaFY2WXVRnc9HsBQOw03PVrJ4fMdCS7uLE8vtjFkMWnDasiQVWc6pU1Kd/vbo5q6d7VR2tkZpCzlDh2LVd7g66ny2rff4b49OHw8yQVMVghnapCj4+B2teMfvhdUcCJxxFSthwEasipCyFi+rPQbGZUCrhQaCAgI3kcLUvN2VlbzmIvWT/wDBTHJkKWibNK1BMxHs1kkISxUCCp0jOpSywFFAkklRMeaf+ofhM2ZjjiAlkrmJUFC6iVgEFhRgEgGruwYitCkrgI1b9q51u28dNjTfHTBMmzLF5ii3LMTY2el9rbRTs3LOHlSwt3CE3OyRYl/X6ltqqgrMyKi38LtodFu7SIMt4bJJKSAaM7UG/Ij9DrDD2wnBZIB3YJJq2vwF28oTcMoOA6huHeF+wAuaZigHQRVykKc01Oo36wZoafjf2dMvMcxjIrZvER9sR2ipFNQWcd+sN2wZgzfDquw6/WFvAv7vg2SCLgjrDau46fMwapvlcagYY7HyMasdj5GPpsRiPj0gdYdYeTYcbjzEbZF/wK/2n6QKan43dnTLzDYAmwJ6B4wx2PkYNfHDt6gbmm6uvzMLgQAASxYUN4epCamBkWlSJTfzqVRqVJVKyD+dSpNhKUr/AL9NZjo1BrcEKTlFRrqN43SlRIZJNRYE6x1EL0jT8JoSpaEybHNSVK0qgSobfmqlSqqb/wBlFU+5nnhVFI0b4UhzxAIlpowZOjUiubSKdWXSvd0rt9D5QwYiqi38XzTBKhoON/b0T8hRzwTw+cwJdBbnVUdMJ/j5J0zJrp5wpYt9BVsAYLFt9VQrSpUP7KKapts+quNFLKpjpz07+vhF+YUpOBksQaCxB9ImymuHcHey2FUFqfR0eLYVY9D6Rg0BOwMVein7SRshWmwGRUgSpVRUNZfSpqPqoQADb9BmkUxtnzOGoGeOyMoTpwzMwVrRjUah7fPetfcfxClhT1Afq7fSnmNaPWg0fca2ZksSZaMoegcJ0py0ezkgtakV2tlLNndwH/pr5wt0N4bx7mwLB7sHjtAprx3h3NmCE6m+VxqBk8+qVNXu6V1Mc5evh84i2LSjME3DdfqQt51Kkqa1UP8AWqqapSpTtz7VX5NHMRQqelV+sOcuyevziUUISYAik4lkUXCIlaASpUliwRnMStLFQlIiOsR0jOY72iWMlsFEDKKsGtby+j3ib8MmAKQKCgDPUNYCzXoOVIlHA6fjf59uyxoRjpblVGYE2ZncEeLAxZXDJhKE1AcinVvnT9YmOFRrk3EhAGWtVFXTWuabr/eumbVj2lkZ8JNISSzsQCfS1PhvFn9mcfMw3FsPJBZKyl2oA4b46VBBiAvhzoSVlDaAUbC0fmAvlVCxUheOS0VCnKwqNTXSGfECKeH9bQCWkGn8PMf+y4uagLykEhiwJLkM9xQudKAEOA3X8deDoxHC8NPCCpaignKCSASk1ADGwAq9XBFRGJxPT7rOJ26Lr+qwZ22qaZkwk6k1Ja/1teKK9gjDyAzghADWI7vQFj0oW0iJVueGCbWwAZfRRV1T8ONs44JLCkAlnDVNX/XyrFccfmKWs5klNdQW11LX8amDNCo7f+QGtm3r26regJgz+SBcgdSIifsXsH37rwpUNPd59Q+A9QhpbGdH8Sf9w+sYMmhpofyx6NlxuPMRx9kef+0/WK6UJH3hv8vO6bJPacvj+kOmQm6QfKCxPQGBl/z/AE7A3TCYW7Lhmx7Tl8f0g9n/AJR/8YGGFRgWGVmH29HjfxsZSsDKaDy5xqw2HlCbTVhtl2zs7fC7SzbNt4K+UbJAK0uAe8nTnE2GSOMDJNpXJzNQccae5o4qcc7ZjUkXI5W9dA8TqfhEqkpIlofKmyU/wgbP93hkmRGX8286/lr/ADvDpmHCVgyy7K7pqWo41Px8LMYiOLAw5UCAKkBwBqzB6Udz5dW3gX93wZLNuafmPhW33tDCUEzDzL/Fx4a8hSLe4hCHCJGONAItHABNipKqo1ioaXAE4VpQ1VhXOYDMMuclrLLZDPQLa6vaJqWzpdybf18GtpE04RJBQAEhmqSH0JBfQu2mpoCXje+PBr7SVb9FFXYa7pfVU7O5pxhqBLU7qfQn1rCfi4ATQAV0/lB9YhdpJJrLrXu610MRmVfxT6wRpvk8awbnhq4Sc9e6r/u+g8o6YX96Dq6a63EGsXvDqyhKVWc1KqKiV0hYlosRCSeu3mrp23tTPEGGPmt/E1P9NPX4xbXZ5RMhLqJ7puSdYnRuMP5Jc1Nzqd4L0+jo8WLxopRyqqfdOp2ioSbp8pIkR+W39aimFZVsKoVlOdbw/wAq6pX09e1pl2fwypa0kBiWLij6/M2f40rPjmJQoLAZ3N7lno3oOo1ESjQaPuNZSe7LSDUs3U/rEHLqUdC9dw1H6/fOFuhvDePc3OFsDDL+gO8Gwqx6H0ghOpvlcagbjLqhRN2NfONJV/FPqYguLDuBGgQtRbgPPAvIzoB6kEAEQdcQLxpGk1F4QsB15+F7rgCMgF58HRG2TRzizBQFnUkDrmf0HwhxQQAh9TTwJPoCYnzA6fjf59uyxmXGSzkcChD0+Ab5dTEk4dMGdPeqH1t/QP4Q/wDA6fTx13SGegN8gFoVjpRJVQOczUqHcbUp8TFkcOmkIQp9jdvXpR9bw5KGns47tYb9oTBoXxaTkwE6WpLlQUxIq56j6dIn3Z3iQVxGSstRSa7ANyb5bMQRF6o7w6HGzxS4gIkrErA2iBCoTRKiaiP8aaWdKVWgQEbLBXKVK3RAbwsGYC1GYLPwzixmkqQkzWOVRTmCixAZqKCiCC7hTEF2i8+N4NPaHhSJYCZhRKzAKSFsUsoFi4DEPSrgEVZ+QNH4bIZBgIFd+azYM6lMh5qNJgA11qneE7AGbXpJxScSJWXVKGtsn63pU86eWuOYGZg8YcwIZZcFqF7FiR5FnsWrCZGzAayWxVP+ipVp2jund1ynrayOA9xCSWq2t9m2rbxYPFb9spiDhksEglg4YEmlS2rne0Q5geHGBaZT1ar7NfVxeC/ixYOKOBbWl31q+gsIjvDWWAGFeT6Ej4H4CHtgVYVjm3Zd2ds59Oxo7IWrODmVQi5PM/KF+JwmYOEjV6DxduVrVfcwXyjMfo8Oof7rPPt1b/8AyH/2ht/ZDsPMfSI3+OHb1A23tOXx/SMeya6FDwVH4m//ABPNlMxyGGo1fXpGpQNiPP5wtqPmzo82eFe51A+UIXFnG14jb4/Z2fizZOokn/Kr0jeXWYgbrT6iL1onAqyLSot7Px472ha5hMw0rmOpahbS3i/KsXFhcMmZh0ki0tNTyTUl9j1ivBzQe0hr9qmvaN3TqEekGmnBln2bOaJLitafEsYqjtb/AHOIKUV76Q6a/msQNLPZugiNzLnJ7p723m38Veohv9m+SlSB40Hprr8I1o+BzSxeZRsiotp/NWC1VdMU4hFPSOYoWGt+k3Ztf+9Ds4Uk+Dj6Vib8GlpEsuLILcgRSo3rGh0SMOrJbKoyAPes5W2gVZp6r98562nOGsn+VP8AxMM3GKgtXvG38oGnlEf03yeNYNJJJHs7/l+v1HnEYlX6EP4O/lBVueHIGEnOW7qr0/ijphqTA9KpvyIfyg3Aenzavy0bMlY0r8f+9VUxYv0/P8d/W1M8RBGPmkhhmuf9MWz2drJDV7v6+kTq3GH9Vz1PrBamprc5ddsuizi4Lb9k1Ukf5h6xzmUQs7IV6GKdYvmcoSoBSegTNV+VGsUzW2czWKZsbRBNZDOX86rOwLGtTg+GSkIYXANmuLnWp3ctuHikuKYhSlrA/jWAwIpmOjancUqTE7NJJpygN5enTa3IbhuwySskmhqXI60+fQPHzQ0/FnAz0aB0S06wpgzTU9vHdqDftGYthVj0PpBCdTfK41A3GXRBBoWNDTeNJRD31HwJfy1iCTKRlH5KlvupKoBfqo1+1VUbFKTSuj6DKl/b0XtHeK1VStU2r+Z/SHFHuj71MTZQ093n1D4D1CGlkuKQMlgO7R+QqTs7esOXD5hExJNKi96Gm2/w2h7F2HTHd1+em/XZe0Nxcp5jAN3qFtK3B1LC/KLG4dNJQACGbTn87dOsOShp+LOBno0DolphvaaV7OaJQsQLObir1pp6aUnfBpIkSfbhQJHevW+lX301JpF/MVdVezZqm/6KmtalX2Ua86/79/e+4GoPt7KPDky5ssZVGYh2H+dOxNSDYt13v/8ADXH/ANoqmSJxBCZawMz/AMCmvS7Gng0YAY+8DwgpjZxSeLMBAEvFT/H4gQCwrDLw1NAXxWIA466AJyKxWqgydAXnkmk1WhH37wnYXZTFHEjDqJCnQkKqCxCU1IADBQIAckqIWTFQ/iVgU4PFziEED2ilAtQ5lKcAkkli5YhKQClKXYtQGKlB7SafmqVb9f46tN1jXhgQEy0ZasUksHq9mD/0aPMvaubmQAXYF6dXrXdvhWIuwzDry3d+Epjv7WV8WfLrQJ/41+J8HaEHBFOpOYj3gPg1/L5Q5CLy8GjcksrTx6GJycOlUujFwXIPKmoHTRt4bdX7e1u/tTz/ANx+kN/7IPsJhgj70/8AeBlcr8vj84Zpl1dPlBkhuHePe3eXZPX5w3zLq6fKFpU82dP/AIWfVe4nw9DDSPf8VfOI3obg3D3s2z/cP8q/SFEv95L/AJ0/8hGgqDuKuj/7QaB/+t/q+UXZgv8A+OP/AOpHpFXVH84zT7WNe8GnvBP3SunzEUz2j/xy+sNI3u6fEG6z/eV/N8jGifelfegjYv4Fb5y4yf6qwB/e0bWZl/vk9UeoiacH/dH+X/ti2ik+cZt9qGn72Fp/h/cl/wAvyMMHEbK6q9TDSprh3B3s+yreCfQxGvz/AOn5wWbmP8OvoqNUfvR/MfnBqA3OMff9NRT/APj5BFqh4x/jFfz/ADi4eyvueC4n5kqbDoPSHxVz1PrDaV/zJVX6rGv7pOG6S/3kv+dP/IRynfupv/61/wDExXiD38W8Kv8ARSgf+Eyprg4T7sv+Qf8ACKMx/wC9mfzr/wD9DEgU+n77O06x6D1jlhtPv+KDVD8rjULYjpApvlcagbCrHofSCEum+TxrBuCvcP8Aq9BCZFz/AD/MRC5R/wCkbFL/AEMwD/4rxgmjuO/enw/7ocJXyT/zMTM3LEe4eh+UO2G99HQfKHgWfyuNbRXEe+ep+UT7hXuJ6j/uh3UPyuNQtCe0P+KT0+QixOGf4RfQf8lxbTFV/jHNv1VNf3oUNRH4m/4dH8yP+cXd+FH+JX/If+AikPwxf8YmKz+oeMh/xXi0tIuwP7pH/wDX/wATEM/F3/Ej+Wd6ojEGLXOJV+q4dwt6G4LaX4f8RHkjtR7iuoiAjnnMp3B4Mq4x7g+9IbuDe8nw9DEkJy7o8QaLIuenzEWLh/3I/kHoY/G6xwj/2Q==	\N	f
15	8d075cb3360249498c7bf764eabfa1db	\N	1	3	{"field_b": "", "project_name": "Project Alpha"}	2026-03-08 15:15:55.988924	Test Asset 4	RIYADH	TEST BUILDING			Prince Faisal Ibn Turki Ibn Abdulaziz	Al Murabba`	12612	24.664690710899812	46.70764158048267	data:image/jpeg;base64,/9j/4AAQSkZJRgABAQAAAQABAAD/4gHYSUNDX1BST0ZJTEUAAQEAAAHIAAAAAAQwAABtbnRyUkdCIFhZWiAH4AABAAEAAAAAAABhY3NwAAAAAAAAAAAAAAAAAAAAAAAAAAAAAAAAAAAAAQAA9tYAAQAAAADTLQAAAAAAAAAAAAAAAAAAAAAAAAAAAAAAAAAAAAAAAAAAAAAAAAAAAAAAAAAAAAAAAAAAAAlkZXNjAAAA8AAAACRyWFlaAAABFAAAABRnWFlaAAABKAAAABRiWFlaAAABPAAAABR3dHB0AAABUAAAABRyVFJDAAABZAAAAChnVFJDAAABZAAAAChiVFJDAAABZAAAAChjcHJ0AAABjAAAADxtbHVjAAAAAAAAAAEAAAAMZW5VUwAAAAgAAAAcAHMAUgBHAEJYWVogAAAAAAAAb6IAADj1AAADkFhZWiAAAAAAAABimQAAt4UAABjaWFlaIAAAAAAAACSgAAAPhAAAts9YWVogAAAAAAAA9tYAAQAAAADTLXBhcmEAAAAAAAQAAAACZmYAAPKnAAANWQAAE9AAAApbAAAAAAAAAABtbHVjAAAAAAAAAAEAAAAMZW5VUwAAACAAAAAcAEcAbwBvAGcAbABlACAASQBuAGMALgAgADIAMAAxADb/2wBDAAEBAQEBAQEBAQEBAQEBAQEBAQEBAQEBAQEBAQEBAQEBAQEBAQEBAQEBAQEBAQEBAQEBAQEBAQEBAQEBAQEBAQH/2wBDAQEBAQEBAQEBAQEBAQEBAQEBAQEBAQEBAQEBAQEBAQEBAQEBAQEBAQEBAQEBAQEBAQEBAQEBAQEBAQEBAQEBAQH/wAARCAH6A4QDAREAAhEBAxEB/8QAHwABAAEFAQEBAQEAAAAAAAAAAAcEBQYICQoDAgEL/8QAbhAAAAQCBAgJBwYJBwULCAsAAAEEBQYRAxQhMQIHFRZBUWHwCBMkJSZxgZGhEjQ1scHR4SM2REVG8QkXIjNUVmZ2hicyQ1VkdJY3ZXWEpgoYQkdSgpWywsbWYoWipae0tuZTV3eXpLW3xcfk5//EAB0BAQADAQADAQEAAAAAAAAAAAAEBQYHAQIDCAn/xABLEQEAAQICBwQHBwMCBQMDAgcAAQQRITECBUFRYZHwFIGhwQYScYKxstEVJEJiouHxByI0AzIWJTVEUhNVckWSwgg2JmVzdbPS4v/aAAwDAQACEQMRAD8A8A4AAAAAAAAAAAAAAAAAAAAAAAAAAAAAAAAAAAAAAAAAAAAAAAAAAAAAAAAAAAAAAAAAAAAAAAAAAAAAAAAAAAAAAAAAAAAAAAAAAAAAAAAAAAAAAAAAAAAAAAAAAAAAAAAAAAAD7UFBx/honKctnuuAU9NQnQmRGfvAfoAAAH54nC3l7wH6AAAAAAAAAAAAAAAAAAAAAAAAAAAAAAAAAAAAAAAAAAAAAAAAAAAAAAAAAAAAAAAAAAAAAAAAAAH84mm295gMoaoeXumFxKYkuCpn/NV4UjlO0pywtPXbqMSqSl7ZlM5zt8Z6/eNpVkUml61otuwm2zDdls9kbDCZXBqWqaF2QqUppZolxKSPBKjwjO4pylKRSkZkUikcztRSRa2OG+NHn+52qKu0xpRN4icJ/uib5TeM4mZx8rSzJnglPFKXBoGhSmSPuDhEhJEqXEWE4GR34E7COwiIylaRTuIWtJSdtjDOMNtu+cbTj7VXVa2iimJ04n1Jn+71YjLba+GOyJm3sujmnbFNDS05U6dSmkZ/kngkVsyOWEdnlFO207Nc7qSrp9KktE2mIwj1o9ke23debc7TtURa0xec4/ui08ZtafaqSh5fT0KlQnI1KZIf5WERzsM9Ba7tNuwfM7VE2ib545zb2Q/jZDrg7ebTlomc+uzR32iZTUlXWT/ZGHHbG2c8vpZ4q6ykpP8AdpXn2RhO7LPl3pLasTT+tpMOnXUqtrSJjmrW4bG8UnkleZz4ojMzKyZHgSvMhZfZFbu8ZUU+lWr+eP8Auiedo8MJfSIcXkJIqTBwmTGIkdMGfyiR5YHuGHTRLyKGiOLcHVZxpEd5nMVVVNozic5tMTfLbeZmybSa20azGNDSiL29bSmNPRvacpiNDRnjjNovMXYzTYu3JP8AzVSVR1Gfv95z2Cs7XPU6Sf2rhH6voti6EVKDCOhp1KYliTzxJ5ZlhYMj1yKdhyuKZ2lLQ7Xnnwx0vHB57VGVvZjP0x8GP5KUmlVKPo6U/EznsvM9M9lolJS3AAAAAAAAAAAAAAAAAAAAAAAAAAAAAAAAAAAAAAAAAAAAAAAAAAAAAAAAAAAAAAAAAAAAAAAAAAAAAAAAAAAAAAAAAAAAAAAAAAAAAAAAAAAAAAAAAAAAAAAAAAAAAAAAAAAAALsypTp1qc6egNVQ+UZmnIzLyp2WbPXb2yqWItbOL+3ZKLU1UaMT/dPre3Duxvtz27LyzhQiYkdEqq54WEqTYR4Ulszm1HZORWHhTsnfoF99xosrYW3Xz57MN6riqrqzHGNkZ4zEZX4XjfON9ywV5AdNydObZr5cZy07+8V2Ebo5Ql9l0tLH1pmd+M+SbmNO0RkjS0Lg/Gb4kRZPRZaI5WncRmRy0kV57Neko+wVmF4vbC855YzEYzjvnfkx1XV1+pq6dPV+jPqetj6sW0YxvaNKY0oi0RaL+tOWamp8XTxDtOmwnCtJUqvzF5lLJ5GcoezhIikRWHqlYRXSCr9Hq6i/5hq/jjfLdjnjtwnG99yXSekWr9dzpUF40bWvozjOle/rTo20bRHtmJiNLC9sKWmp0zrVndQ3passRO7etK3m93kZz67SlsMzmItXjHPu/tjD6+x4tFFeImZn1tH1YtNrY42zvjHqxumcVNRNFC3pGte1U9ZSuyAnFcRzwZ5v4PlRAxSMpmRkZYRYV2FgyMrDIyi9kjZt3aV8Izjytsm+F7veamY0vV09CcJtETM6M304mdHTm97xOGlf8Wj6uNpu2AY33F/B1CS+gT1ZUSGzmNidudykWm4tg2dJragovbnht+vt/dzWs1Xr3XcWnSmYjCLzNojLKbWjPCI37ZXSvs8cUWWVCdW6JUiLJ5Xc4vF+zOWKSv0aNNof5nsjnly63STSV2pZnV9vVvN90Rfdui05RMxbPKJQiohxwXPDm4p29KmSpHzJ55G19tt0u3xy/wBk9tv33t8dnWWDdzVxRW1fEzM2xvsm85Te8xFoxm03vEYRebBT5IY39UncE6Q0zT9CJdkuZnPtmcvjYQoauk+/eWO/fs8rcJWlJ26tovHjfHqeLKWoofdKd0f3BwVJUtkmZlhbKuUO2Jjl1zstK0rDOTSUtDns24Tjt3Xy+ubzV1WNsLzt9aLR3xNs875cNJVKHyFzpzb4fgBWao+QGjWrjO++yGrznOd87bRFq/vsYRwth++fDdDzS9uo5vOl606WM6UetMzM3vM+tETM7ZnKZ2o6fYCcaGJDh9A04RvyzC8peyozOcPYRmfMJzO075mZmc52jz9k8f1fsvKXW16G+c75wmbze98e/de2OaRafg6PMNtqVfF9AaRzdUROKFCtORZIIrMKWjCK4jlMtF5hV6p7FFpnDdhbLd7OHC6N9rTW2mJtlbHHwtPLjsa5vbWZU6qgJvWJDSf2Iys0/wA0yO2RabZ6rRVr1iAAAAAAAAAAAAAAAAAAAAAAAAAAAAAAAAAAAAAAAAAAAAAAAAAAAAAAAAAAAAAAAAAAAAAAAAAAAAAAAAAAAAAAAAAAAAAAAAAAAAAAAAAAAAAAAAAAAAAAAAAAAAAAAAAC9oF1OiP5Cgs1mWjZpPZ12iQjVdJeceOMxf8AfPq7Msqs61yI19AkUpp6LNVpWzKXq0yIW1JV7NY2tbb7YwtlntyvHFQzSVtHH3DPC0WiY453vbOO9M8N4p4RjBGShOpVtqnBIywSSrSwicCO05FheURW2zLRtMbHVOqKDXWUWvn6t4v7Z2/H2bMZrX0313qSb18RjfGYtllM2nGYvNovt9q6RRwc39ClwaeGXlqiSnTHgzNEtyY6kR/kmxlgGeD5RyPCMrZ3kRlYJWt/QjsVBM6vtM90TOc2vGETF+ETM42zj5ao/qbQVunoxrGP/S0dKNG86WjpaejF8J/1LTHrTE/7sImYtPq3yU2J+IHFQ+YeLONEpnTU5u2AzJFhHLBeDLycFiwtRUh4OFIp2YX5JnbgkdX6PVlbRV8au1hONp3d9rWy2WxtvT/SP0fito/t/wBHpjK0WjS/uthOlEaUXytM3iJxyteIyVkY0DW+qjZ05ujUkN3cGSunMnFoIpRAwnO8zKes7z0231JSY7OE3xxm8xztpTsyjYpKzW0zoxjaL6EaURE2w0ZjQ05i1tKfVnStMRMxbSmb+tjhmY5onJshisedrZshktuKenVbdbaciPbQ/ZMRXxQXi2yNs4X752/ss/tbS0o0tZWvGHrTEYRe1pm0YX0rRsmZniymIcWClcwPlCZc5QUjaX5ajM7HFpwSwfKnKcvJ8vBM56D0i+rPR/tt4vjERpWjOYxi3fMTGd796t1N6VaXbdDSmI9X/U0tP/T0dKb2jSiND1v/ALI/1NCZwmLaWGOVRCsVcQzpWdnZ0ipUkQ8hQ1Dnb/T/AFWdXaKLVNX/APTvPK31twfar1T9++0NYXtt57fZhbO1ky4q4BrzQkT5PVqskLWdeu5dzs4u+X5FIrimZ98NaDGy1VqiOw5cd2O/HL28LRlDHekOuNL7cidXzlE6MZZWmJiMMbxM3yxn1pm83nWJkgqidFL7jEjE8JU04K/DNiYzM8qxBhYZYJMOEWBhHIoawio8DAw8IiIzwcDBwT8qWCZYLskTXXvuyjPdF4xmLze3G94ydcq9bfZ9FqXVtBERpzHqz60W9S1/W0Z0dLRjSjSiYtOMTExpaMRpXiYy9chcGRhSp6u7E+xDJwnUvqj7PMEOw9ounZP3eey/m5QhzVxWzFv7com8zbK0zeIymbzhle0Xi0sygdjb4BcnMqenrT9DzE7v74814zzdaClOX7VGfRCRSIvKESktRfGZwiLX2+yMP2eaz79MW0Z2REXve1om3tmbzEZTNowZoUQwTith1JEr63ta3GRHGEzvytArIzakDQeERYJRDglM54RnZglaZnK8xGjW3Y9mM2yjGZ3bL7/C2x60tLX1to9adKNG8aO71ZmZmYib2ic5jffbLWrGLjb/ABhP7nEMV4y393VLFhYRIYcY6TBaUGCZyIyzjw6MzwZzkZHM7dBCit2ycbxG6Y6w77dzaUlJFFFrY3mbzM33Wi028Jm83m+ERYGqHW6MEqqnYX6OHNyRoy8pvWQr5DW4EV+CWFDcU4Z4BkRmU8IsKUi8osIyIh47JHt7tF69s7FNpwtM5bOd8ssZm9t60umK1nQUKVQ4RQkTK1ZzWspsT4bq3S1laRlsPRoOdkVJ7VfOIn/7voj50gt3QpyXmnw1KNRgG4YCzAM/JNs0UhzOzb5JzIiIissBLYXS0WFQYR0VKUjK0jLR379twAAAAAAAAAAAAAAAAAAAAAAAAAAAAAAAAAAAAAAAAAAAAAAAAAAAAAAAAAAAAAAAAAAAAAAAAAAAAAAAAAAAAAAAAAAAAAAAAAAAAAAAAAAAAAAAAAAAAAAAAAAAAViJaSOlwTp09AqTmc8JNh/zTsvI7TLtMxMpqmdGbTe2GeF4+FrfvgJkhelhGlozp8JCoV+V+Vkcl+C2urf5WGcjYbcI4iwrDPycPBwaQpF5VGU5jS0lXQWjwthP+3KJjCbTx2zMTEYMlrSkrsbTERMRHrTo+tozfSi0/wCp606XqxEXxjRmY9WMMfWSFTseLGlSTX0CtSnUn+S9oD52bTI5lnAwFZYdpGR7SM7Baf8AI5iP9s33xPjGHK3cz1LV6+iZ0ZmItOlFo0vWiLTj6ulEzExNsJ0ZmJ2TN7TYKGFjY6DLEDxgrS1qxciWlI7NBn2/zjmZ3TkREI3ZKKi/5hq+Z3W2Z7Nsey9ovvSPtaa2+r/SDUnK0R7cr4xbO+E47b5O1Y23CgWE3xQnqqr9NL6y0n43e4KT0irqLKPZ13z/ABeFXV+hFDb7Q1f7cstmP7X9uFmDR8uVE4p3BOpVqimS5meDMiNvKc5G/TI8LBI8GZlKWDhERnI5CqrKue3faGe2JjK+WezP2Wv7J0Xo9STo0M0Gl6sRE+rp6M4etjN76F4tGjjeMPV0sp0ZiEn4uo4TrXNUncKBIqSuq5of6mUyJvdznPbbOUj0HaRDUejutb21f7LxOyc8Y4YWtlN54st6W6rnRnt8TMTo+voTMTaNKL2m07b3m8ZTozEWzvSRi+UFBjNYXBR9VPbOv5b33ER6SLw6xGq6v/nnW3C2GG3PikaopNL7D15EXm8Wm14vETE48MInK2CeoMiRvco1jpERpSbnXF48MGCegs4WAocI5znPypS1EQ2NLrXt1fr3Rm3qzo2mJ43jPda+zHLHZzOo1XW6uoNQf6ujMx/raP8ArRpaExjb1IjTjS46XrTE7sOLC+DaxJocplccvBWNS8zwa5OWV4cYs5JFqIpQ9f8AfWeiVLQ0Ua7r5mZnRiIxnKc7YYYzN7RtmZvezTf1Fq66unUdBq+LaOlM6WjFsPVnSmIthGVpiLxlFphU0+NNwZIEfndMoNNlaTggqS21vzdKJYbh0pW2Ts9RWyKLV+kX3HGd/ht8+7e9aX0Tj7d1HjfC8zMWtNovvym8X/FnaL2i6Yq6CH4cgNhiCIOVOleyhy30S3aS6tujaVgi0lXQ0VD1h1jsWfpD9917/wAvv8Nm724ZsPijGyobKJXG1O39IItyuTCSwjM4faDwiIn3BIinMyPNC2U5RcU/KMiPL1etuG/H9/H9XBqaPVETe8+yIi86U3iLRvmImZxta1sZWJriomVjak1NTrEucKF4fsaKuuk14TkUzzch8zLBI8KGDhaXQ6RHhGZyIrCFV2q34d8zefZljhH853lfzSRpWto2tbR0YiYyxvebROlpTM3vbG8xHq6MaOjEH06J4j6nc4widxNJhOs6iaw5G4GR2eSZapEc5322WTjUlJ5bPb3Zdeqs5tRRERG+87r7PZHxvsy2PgfFBijhqGE8c42MKL8FuVtzy9wsjZUeFg4UZYHkHRQ9RzPCI4ZhU4k8qjOLjMyPAM8DyZHIXuFFETe8ZxOzS3ZZxF4mJxvnedlFV61r6ydLQoY9XS0bxOjpf2zozGcTEzFtLCYnRm83mYt602Zd+MaMI/RpYPxTwPktrP6FDCHJTS4e4/2x16hG+/V2/D6+GXG/tSJpP/cOsscuce1fqCAIofG1U4ODhiySqvR67kLE6/7QzOEIZuni+vz+slrEXsv5uuSVSVfLDb1GXXqo5XQOwU9Dk9Ovh5U6NPpxaiY8lNLdm5vq2irq6TP692fW+FpSZ8vmawx7C7BgU5YUPKHdSf8AbER4JyPRMjIy2nboHwiZib+G9KQ3hUZ0RzO2WjXov7R9x+gAAAAAAAAAAAAAAAAAAAAAAAAAAAAAAAAAAAAAAAAAAAAAAAAAAAAAAAAAAAAAAAAAAAAAAAAAAAAAAAAAAAAAAAAAAAAAAAAAAAAAAAAAAAAAAAAAAAAAAAAFxQoePppT9lunXPbfaJlNTTpWvja2zqMurXRpqfVn27cYmeV/FdCh1RTnOgtLbue2Wj2SPsnj4/sixV2m/qX4KamoFDVSpqflNtpGZyPSUiPe6d98XskR/ET8En1u2aMxaJnDG0zMRfZOM335578v5lRTLiePOU5T0Tu/nXT+6+wRXnslFb1rTbffSt8MuOSpoHtwRU1lOZ9RGdt99+/WJXa46nReOy0M5RM9+l9F+zj49HV1HKrtk5zPs9mwO1x1Oii9j7Fju45bP3ylS0LsoqlQXqKyl0FMz8dniRXj12Y47+LzNNF76M+rF7xETM275xIcXKGlYX9kXTM5XXaJ9WqzVcJtJV9irssr+2fZlv5Imt6TttDhfjhttjz4b7Sm6MUWcdMld09yXmA+u4tO09enaNPWffcsfH2577bN0Mbqn7lH2dja+3he19sYTMQq4HiNO0q35QoJXVTQGgIkWqdm8z2aTESkq4or552+GGOWft8o2t6Oa2NHLG8324zaIyywmY9l10Xxw4IcVbFC1BTmSVUui+L13XEebVh6Jyh2Hu0z6j81dZ9wjHw4c+ffml6WqO1690q7SiY0tHC2f90WjSiZxztpTht4QjppRKIwpoYhhOpVqU3kmverCPJ7RDtmFPUXknhW3kcuysnG0d893727rtRHq0UaesdKcYj+2Mc5mMbbo0fWnZjOjjMXbLPa5lKFHVRX1Z89M9eWmdhQjM+YrLTiiM4ntvLoJDUzngl5J2VXfsWcRF++1owx2zPhhGOLHUdJodun+zS0p9TStfStEac6X+60RedHR0MY0bxb/U/umZ0NHS0NLUKMYozpilU4m3o0jYa4nAmREWFkpvI58x4MykeCUjwTM8K0zlgkdp4OYq5w5+Gi6Hqmk7FQ2mJwxvjbG1rX2TE39m2y+4K2gUURKInU1lLY4r0hzJ2iB4My5iwjwSPycEjMjM+oiKYTSxH8aL6xEzOHtvu4zOyI2zsSHi1oGR6c36LcYahyoIfhmH3VehaIaQYM3F38sjh1gLjLU0NZ1YOCVKZYUyMsPi6Y4+pvy5sX27L9cdtvHHKHWWtbRt/dEYzaLYb5m2jfCdKZnDG0+pOMwLIteMb0VO2ODHfTUb+nPJS2FoNw8DAhqEiwcPAw4Xh/OCHYc8qjhnFdBmCwzwYSgvAPDoqSjwIAoaSjpCLCL59q/Lh1n+2eUxviXigi0RE6WUzN8bTOOjjEYxpWm+jpZROjN5/ty1qxqKKBsfkDhFKuF4DV5IcMYyxlm1G4Slm7AUOw9KWdJwscszbYBgGRzIilPz9rfl/T+717HhE2zvh6039uVrTjGE7JvbC8YxhjgcnxtY06ZMkhjFwzryXwRi+ZV5NTs4mZ+SUexDbLCwjOcowjKZmRHhEUsHCMqyqqp0r24cM8oiJxmZ2aMX0pxjRjCVpS0ls5yzm+7H9/Bi8U4xcOPqRhaG5uN+cTwiJDBrKwsMKwk3YWDgmRvpMMMl0minycM/Ki+MzLyrDMjlgy8JmP7+V/JXRVjFhSCIeaobh52KKYwWZXcI2XEkwMKE4PwjPBLNyGiwcLpRS4Pl4B4UV4M4HwMDCwaTFvRlgH5REhrNGGE3vdPWGBvSmRGZrlaP8Am+VZ/OKZFaWm8ys0lL4xNpxvhjbjs9ntEc09BTUJkVNgmRndM57/AAH2H9AAAAAAAAAAAAAAAAAAAAAAAAAAAAAAAAAAAAAAAAAAAAAAAAAAAAAAAAAAAAAAAAAAAAAAAAAAAAAAAAAAAAAAAAAAAAAAAAAAAAAAAAAAAAAAAAAAAAAAABckC1QipuPoDUlKzut0FI9R7O45Pa4i84z3xPKEepj1sL6OjOP+68TjOWUx+/tZ5hRCatKeCdSVq8E5Gas8FtdNpFh4J4WAZW6MIys12C2+1pihtnaLWv4YYZ7sNip+ytGJymIvfCI0o4YTn3z7WKm9qLE6igI9q2dmyZy8NMxE7V+Xrml9k2xpx3XvHHK8RxfRXRNyyhrKGlq6kyOuorS0yngz0TskdmyZCFMTOU27ol76GlV6Mz6+jOlGyY9aJid+MZTtjxzYr+Zper277e0fBYKoBmDI1KHXk9vrP1lpnp7JiTSUnbfHb33m/XnQVlX2KZnLObXjd4x4L9kLiKHlCe2vWz6tzKV5C3+yeHh+6u+1uPjz2JRp2p4UQHlg5qq3keX9vKHMLNy2ydh5vTuvmWmd32S1DNpwnPDGZyt/45RHLOyimsideRExMWvoxtjQ0Zn1vVjG82mdOZ23nO7A6GhUtdFxJ3nq37Dvut0ikjCIjctpmZmZnOV0iRqcOO2tKJnb5aNB2F1nYWrVo9avPn8z56qq73nbeZnHDZ1jwuqoVm1I3NenOapVNgQLUR6yIjl3FbbZfqEWl/Ek1d8sbYzb2zGNuMRHttC2R8+0y5Ylb0CitVXl6478oO87TlZPSREXVqEWry5/KmUVJEYTGM4RN/8AbEz/AHTxm2Ee2ZnGyOEKFQdMlQJ62Vc0ykRdWgr/AFkVtorV8ydchULnLJ/K1SVpXS5F16NJXF26QetJny+ZnlPTJ0NAUPp01aKZuC1FbeRkcOkR3TIjt1FbMeva56nS62w+JlVRQU2UFClWlNJZyKdnsu1nZLWPZ9uyT1Gk/qinT1NKod0CtU2I0OUEMMlp2xFZplOVm0HswKnoOPoVShSatWqVcvXEiQ+kfHbOzXPSGdvPYkNocWWKyD4+hFSpVQdjMY0qNCSDLMMoTamhyeCMvyYjiGJTKEZGWnBPBMiuMjkZWCrqu3ROjhE43tOU43tpWmJxnO0xO6btRYhhZVCDooSv6BVgKPKdJol3lNbkXk/klh4eCZYc5TwsLCIsHCn5WEWDgmR+SI60YlQKOInV1CslXgVmo53Wd4D+rqdPT2nWzU6a4ZTlbqOzUU9NgC3AAAAAAAAAAAAAAAAAAAAAAAAAAAAAAAAAAAAAAAAAAAAAAAAAAAAAAAAAAAAAAAAAAAAAAAAAAAAAAAAAAAAAAAAAAAAAAAAAAAAAAAAAAAAAAAAAAAAAPzS+Txp8TOU7Ou3x6tM5AFB+dwd9QDJzXUFMaYlJGpMrDWSMjIyvIyMr7CsvFp2r8vXNHWBb+e84rO0p6rbt7xDSCnp1FP5x33a9U/XouEcfEB9qCg4/w0TlOWz3XAMyY4cUU9N7+4t9zl0tLMzeeGzqMurKGs1tRRnfr42zltXiyxY1g1VOvT3stfIj0zORai79Vsh0T0e1VhE2thM5e3C8bvZ7HE/Sz02mk0vV0cZnSto3i22IjbheZ+ODYJqxPJ3RE6J1CeqmqYyQIEZIvSDwWbfcc5HOUy0De/8AD35vbHq55MHHpxMVsWn+6JidGY0pvo2mcI2xfStN84mLxN5lhtBClBDiNUgeKBWq5ByGdnO5GURkd1pTmUinIojO68UEaqihmYtvvbK83md+O2b53i15nC+n0hmuro0qGcbWiJif9mj6uhExe94wnRiIy9SUIIYVUZSa+Pb/ADvzG90nPTqlstuGOq6Tjvxvfju7/B0WdbR2CbYxvtbvtfD2+CriNjULa0nQfS1xl5jL6/lkGzbaWidgi1dJ1bqMuvVWmqKuMb44TbG2MxaJ7pxwztaMLrnmc4NTaloMnq60kQ8hn9XWdIn+z7xF7Hw/U8fa3H9TBMzlNAsVZPT6JLlq3R7r7vvFXV0nHfjfv3d/gvqSryx3bepz69YY8XKhRTVhPQVVNPJ/Wfr7tYq+x8P1LTtcb/HRVNOx5uVpvb06tU6V8qjZLJvvu17RHSqX8XW4aoAiBcsVN7OnVqlSRDlBctqPo7XZbpuuEPsv5uuSYyj8XLhQUNYb29WrYWlDlBctP0tbq077BK7JPUaQwynhWIKd4kzvHOivLDhXUOXWppbmf7Rfwtt7NgUmfL5khXqWamoW1VE7fguzC0lknLETIkOA04ZeVhTJgYmHBicjh6RWWykf80sDBngiU+H723982x6yYmVPB9M2uji4OEQqU0yQMbMS7KpzK3pFbr2leI77pSoXvFy9Q3gtLO8RUddQVFaiLFc9YeUHi8vKiAsa5+SevBwynIrSkJCPlbLwnn+6Mo8xUUTVR4DjD7REKetr3Qqgv8h2dG8sAyLBLCKHcE6ORFMvy8A8ErfKIymR+Jyn9/LHkkUs+ta+yJiOFotGVpy5oEUIV6Cmqy9OqTKiPzRYiwinZ/5UjO3VglaRTHl9cZznunRiY5xh8FtB8gAAAAAAAAAAAAAAAAAAAAAAAAAAAAAAAAAAAAAAAAAAAAAAAAAAAAAAAAAAAAAAAAAAAAAAAAAAAAAAAAAAAAAAAAAAAAAAAAAAAAAAAAAAAAAAAAAAAABUcgwz+kJ59WER+2Uu2fjIFOI4qAH5Ogn5uZnPc9dneV9wC/IWNQtnZ7bivnb6zsHmljtkzF8ptfry3z31lXV9i2boy7+fde980oQti5Urznrtsnv2TvlMWlJqmu9ns2Xw/nLvY3W/pdQ0dpmcefdHs+jbSB8TqjjkqhQnvs9k5/H2DouqfR7q2d/hfws4h6Rf1C/3d21trB2LKo0SXk9W5EbfPTp679pndsHZNUej3Yotl5cOF7b53e386ekXpxNbOM3vN74454zfjN8crzxTahg54oHJreKwjrSSTfXVxc06r7zv8LbhsqTVPl1bw/TxZar9IcJ539n838Fqxm4j3ippXhPD6ytK0LO4Ia6h+p5y6vb4iL6Reif3GcNs+W7dyw9rUeifptXUVd9n6wx4cYm3Xt4NOEMHKVz6qcKusyokQT5FM7df7rW/faRcR+yPv2XDrZ3+T9GUmt/uERsz3Rsx3cMsMmweJ3g2PMVvDW8uDeka2Fq9CInpDzS36cvnrLTpumVotNU+iUVsey9sMpy+lpjjsujVnpxRY6vmZm+d5x0sYnHbOMRPG0Tmneg4NcQutClUKGeq1RD5lt3191oVfo9Xc+v4wwy4LPVOtut/1v48LMDXcDt4ripQzs6tL/ffq7c9HqtIY2r9Hu7yvGHOd3hLeap1t1u+lvDjdhq7gnxA1I+Xt9aVfAuz3Ch+yeP6v2bKkq+G7C3dv7vFgaDgyqKDnB4UK0qpJ9CqM83brdB72WCj+yeHh+607Zx/S2LauDK30FMlb29nd8l+f1KvMTrFjj+8UQ/NCGinf2EI6VSZcvlYxEcHPDUzqofyMVaaekCFEiLKt36xbf3017BBq8ufyr6kpMsN+3nj1vlqDEmLLJTaqN4T8qV5HcHxFXslO38REdvdo0WEKGs+5ZYb9nx3cN8JXZI6jRarvUcOzI6YKdzaMJyaUuE7N6RIrWvjY14OAZyh88F+hvDwCw8KCikZYJ4eARykeFgkflYP1i23nhl7JtectuV+6KjiijGmTvRvGAgakygkR1xGvQZ0Nbk7EZyPCwSwsMsEz0l5WERGZkWEZflDx9fZ/HkldkjqNFMkGx9TsbQpUYUAQS5tKsyb8JGgil9hZ3bXaf5XklDR4MXYRkVpEeFgkesrTHnDbM57r4c4xyw8cMYvY+H6meRuSeI0aaMXhvRxRlXK7gbLDL7jXip3h14MyLpDEETwrmifZHBmRW6DH36628hEr7GMHrm1KzqMXDtC8jeF5vOXY5dmrTIyh6Juru06vhbPGMJiM4nO+MTGFotjN8LwkX9vJGGMuF82qdIgTt7ThVlDlAnlmfDdWiJCna/Q9Iy/JMr5aDlpmUiJxxnLLb3Tw3/B4mMJtGeezvjj1dCY+74AAAAAAAAAAAAAAAAAAAAAAAAAAAAAAAAAAAAAAAAAAAAAAAAAAAAAAAAAAAAAAAAAAAAAAAAAAAAAAAAAAAAAAAAAAAAAAAAAAAAAAAAAAAAAAAAAAAAAD7UFBx9NqnffZOff4awGUUDHx8lCf79FpFvqBV1dZnFs73i3Xs8WZMcHKHVYmTknv1ab5z2FtnI7wpKTtvDrr2MzrXW00N8bTMZb+vPO92y0D4q+PpuUJzu7dvf2ddo3mqfR7j48tnw93a4z6Q+m/DfbH6eXe2qhXFW30FMlknrWjuLws8B1rVPo92LrL6Xtvn68R1t6b12Pf4fXb9W2kHQA38l5OkVa7N7ZWS2me0dQ1Tqnrd9LeHG7iOtvSGu3deVvCc73bkQriehd1bUyjj6qqqNtno77i9eiQ1H3D8qX6Pej/wBtRNfXzNpmJn2xe0zHC824TON5Sgx4uW9qyWoUUH+pfVF+bcRZxWnuV5EHa56nSaf/AIToN+k2CjjE6zrobYWdvUtLoldnzN9chWnkrN39XH+HYh/Vbo9EVhkJX2tx8f2WlX6EY/8AL+r84z2ZNBf96TFC6KlRN7ekfvrCOHr0S0uRxJ83c3bek3Rb7HbNIwdZqn7/APaMd/XWzi0+qaTXlb/y/wBm/H45Xxu6qYpODZD7VDeT4oTpH5rdsjV6p6Xjwl3W7dDtnYsMrbbXtbH9s5u636PehH/uHHy3+OHfm2WoMQ8P0FC51dvaaqaHmNDffZf/AA91FtFDV1fnt6nPr1nUNU+j1Dv6v438dlrIvXYpE7q2qk6hO0pT9IIakh52yxo30nYezG62/D7vm3mqdU5Yf+Oz28WBuuKSv0LXV2ZI6chZ69XUP1xvo1aNeDq6vPHds5Ydbobyk1T5dX8fHg19irE630FClJQ38lSIeXLaj6Ott2273ih7XHU6KVV+j3f52nDlG7xhhtBikUKESWruFVa1f0JEfo6X7sz2dYoaur4b8Ld2/u8Sk9Hu7yvOPON/hCqQ4pGegoFRuDOkStatC8ODGiRWtLf+sX8Ulr7xQ1dX57epz69ZqKTVOffw/i/jwc+8f3BsUU1M6KW9vrSVIhZ6itRIWLm6+Vt/d3aA7XPU6RV6p8uP828OLl/H+I+IU9Mqp6vVVTTzhyJD8L/bolMVKhq6TPDdt5Y9b4ag07GnanJUmcW8uVnru3IpeAM+sNA6s8OUyVPWHZK6fTlv/iLq3ussbXvblffujOe64v7VQQe6uSVneE8bqiVrnf5sRTkvuh+JoUs6i7R85qrfh3ZTExjF4xiZju2YxOMI/ZOHju7v5bGsuLN+h1pwoXbMa8ExNCtfwq4xr4rgSGGvBdpnLBh/CxlxTgeXhEV+EWBglhHb5GDcXvPXVo52xO2cf0o3xjZOa2hKzvEHkkSuy7OAlqNdkrKMp8/Q7D2dcbwhaf8AlB1TtleGec7Nt9kYR5Rs9kJDUOL2tvROigmg1lUIylXUGTJTPRg4RkWEeyzVpEil0p0rXmZtOEzMzOcYYzlhGx4mLXmN3s75mMfFh4kPgAAAAAAAAAAAAAAAAAAAAAAAAAAAAAAAAAAAAAAAAAAAAAAAAAAAAAAAAAAAAAAAAAAAAAAAAAAAAAAAAAAAAAAAAAAAAAAAAAAAAAAAAAAAAAAAAAACpokFPSnLBmXXhB2zj+lH0qrQyiZnnMdd6Q2ti+R79G0tgq/83r/d14/HK1etvLqN1/FKDHByldaon1ykc9yvKWyQvqTVOffx/m3hxY3W3pDlaPDnt+PvbGy0DwBalNOnv026dd07C6+uQ6Nqn0eyiI3be6fpLjfpD6WZd/7/AEnw3tqochVPyUusre7xK7tvHUNU6pyw/wDHZ7eLiOtvSHq+d/hfwsmRC1KKCqlJX92/h2Dedl/N1yc5q6vhvwt3b+7xTdCtOooKqnTJj7ere37hqKX8XW5javLn8rYKAIp4h5VJ3BvSZLWIcn/+Z/ZZt2dX0dG9E9a9i/5f1vx52vszwbZwPQKV1Cqb03Kq3lidd2//ACv3Cvdu1T99ocePU+Cb2OHE6F4MmdQra+XZQQrUWXWp2N439spSEes2+62VJqny6t4eHFI0OMaiDm19Z8j5Ura5ncF62o/tBfEVvs8CEdsdU0fYvjbrPPv8WZMdOoripRWEjXW13ns+aW++z36JlPWYz9Zt91qaTLl8rM684HTVfmmyZLvqr9ZZd29tgxutqvh4ZW78beN2+1Ts93zWAnbzVOoT3f270h4+opHqmMbV1fDfhbu393i3Gqdnu+ZQUCegpkvKPO1xlvr3IzGNq8ufytVSZcvlWung5vfG1K4cr8+u+ttFs+wUNV+HrevqPZ7yL6aB8lc4J05Gf6b3z3un4Raur89vUZdeqtOy/m65KbIfHouTyn6Qvk06tnZqM++hqvw9b19SZcvlQ1FcD17KqhPTo616PXIlvNWUS2bLD1TFWlVeqe27dvHfh4/S7RnG3weuI6QM7Or5J589Mq7nZuZ56Tn7rZzOdods4/pZfW2qc8N18eV/jNvbG9xl4SeI/JTk6ZPTq3RKq+mrTfebnj+JrJyIO2cf0uc1dJ57Opz69Zo0sZVLPhKGmL2dG6JsHCI0DykesBtdG6RzLyn7DwTwMLBP/hYOHg4WDhFMjIyOQlxVxeLZ+7PhMfVUrCuYo/oEapRC8Hu2SlZk3LnpEhytlB309ICKZ7LbJHYc5lOi02iZtsvnERjfDPbfC23feHs/mfawWjyc1riTxdgxUkVJVpV7Bo0LNIjMrvlPKwvK0nI8IjnZqL7TS3/DEez1+eOlPs3cL4vGWczhtm2PL9pbGNmMOMm+GXRoheP0iuFog4vKENMZ4LbgLzYcE6TAfYjxfxIZ4ODhngFhTi2DT4zBwsCkwcMsHCwMPBwfjMboyiL43xn2Rh7Jxi043ef34de1rjEVDQOlGRpqFLgq0Z/zsG9w2kUymekimU5SmV5fKk/Fs9nc9qv6/KjIWiKAAAAAAAAAAAAAAAAAAAAAAAAAAAAAAAAAAAAAAAAAAAAAAAAAAAAAAAAAAAAAAAAAAAAAAAAAAAAAAAAAAAAAAAAAAAAAAAAAAAAAAAAAAAAAPvQ1D6RWdkvJ8Je0SAUUNAdtAZ98y6r7Jd+nSI4+AC4IURqKa/YWjs3n4j4XwiNkY+32olVVRF7bb7epz6ulGHYVULfo802nRKRevqKWq8etJSdt6nfjtnHH23Y/W/pBa2/baMu/65fi2JsY4O+j1c5bdft16PAaek1T3Z8LfS/DPg5xV+kOPWF58+HhCb4VhVPQVXT3Hr1HtuG81TqnrrO/dfhZy/W3pDf+cvrbxu2WhxqT0COajzX3XHveUx0bVNJ1bl1Hu7XG9bVc3jDGeGMzPfhfwslBjoOIlKzR6p9fX3DUUez3mN1tV9X59T72xnnHp6CmPzTcrPfuYvu1z1Oky/Y+H6l+oIk4jlGr9C3l7btRiV2zj+lV/ZPH9X7Moao4qNNyjnRrt5F7tnb1GH2tx8f2XtJSdi8NkbvGJbVQRjbZ6Cma0+UKry6/YesvDb2Wxe1z1Ok6j6PekPYuN+u6zaBqx7qUKNrUL1Hol8eOW1GWTuYJnIp/fMRaur4b8Ld2/u8XWqT0h8sL937eLPKDHhx6zm9RzWa5mb19dXW+gPtFnN37RQ1dX57epz69ZstU+kPV87/C/hZmVPjUcF1Nzgo87XZPrp81eqZb2ncKGrq88d2zlh1uhvNU6263fS3hxuumdTg61pRV+SJPoSJb6R37iunZbl6zb7reUlX5bepz69ZVNWUKmlb3iqJFXo+pLUMtPZqL4XjL1m33Wy1Ts93zSMhXeik6j9ByhXUX1c8T3naMvWbfdbKky5fKzJq/POiZOoSElVl+g5VJxZ/ft19goaur89vUZdeq1FJly+VdKdjnTKqsnSOhq5VFFXtXjonq8BStlSUnHdjfv3d/gtbrB30dOn5L6Q6tGud3doMrxT9s4/pWnY+H6mLroPTruTOFUS/oKLRvMu7TYI6QiWI4AUIaBUnUmk52LJ6FbpyP7NOrvMVNXlz+VM/zev8Ad14/HnPwjMSzeuocsM9bVOiubetRImPKuUWc+u73XXzEqkq+G7C3dv7vFzn0s9Hv/qN8I6w2ZePB598cWL+H2N+q6hQrqiSU1qLUW33l3C0cxR1QYuFDE/pV8L4wGiKGEkRuCF6zIfDJul+sMPkZxdDUUbSMylaRyuk5XibYTOMTfxi8THGM9kqmry5/LCWY3xZp43boXQKIwh6MXRWh5AuZHx9dJHP0BOJYUK2wuhxRzqlsn5ZIrSN8gaOIApVWR055LSLsoIlpoSys3XXFYZaCO07bR69r0ZjHR0r7cYmJ784tHDSvwffL2bIiLft8FidXWgjehUqlCdoa4oSI+W1NDgthREZGR24JznE8z0keDhWymRGQ9926+F8Yz4bPZmsM728MJy+PtywQlT/ncLfWJ6ofoAAAAAAAAAAAAAAAAAAAAAAAAAAAAAAAAAAAAAAAAAAAAAAAAAAAAAAAAAAAAAAAAAAAAAAAAAAAAAAAAAAAAAAAAAAAAAAAAAAAAAAAAAAAAAAAH8oaM8KlLB1W+6/faAleFWNQoWJe4vbbs6rrrhG7LNbWerlF72wz5/XhixvpDraN2ONtlsr+y/ffvbVMbHyNLV0+g/v3u12SG7pKT7jl48OfLuzcR1trbPH/AMtvs4JQamk6Ch0e3XvLTdaNRSUnls6jLr1WNq6vz29Tn16yWocaU/E6O+Wnq03bSLYNlqmk6tz6n3tjB62q+Hhnfvwv4WSNQfIUPm5ats/CyeoaxjV+oHXiPaV+wfbtc9TpKHskdRorohdU9P5xfdZ7+uXYJVJV5Y79nPDrdKLV6p8+reHhxXTj1H0fu8C92v1CQi9knqNJdKBdxFMl5Rp8yKbUXrOz46RHq6vPHds5YdboSqSkyw37eePW+V+aoj4imq6fzWvbzl1dgq+1fl65tRSap8ureHhxS01Rwop6q35YVpVSuxD2XH373CL2uOp0V9SUlf11sj6YSz1qjigpzVVh4rVthVHqPfVbKYi1dXnju2csOt0NRSdu2d3PG/nwSLDkRqENCqmcq2hZzru0tB2lvsIVdV+Hre2WqdbZY/8Ajt9vBsZBscODqjrCdwrVbyzy2RdX3dwoavPn8zt3o9V+PCcfpu47UtNMRfIpXhRW0v1hXVrHI99mvTaKGs2+66Nqmr6vz6n3tiWocfFC5tSt+WOS+kJIvS2vv6+wZes2+66JqnZ7vmmRq4/iUsqfkqtd/wCaXE78v26O7xGfbSl/F1uTchalHHJU6dOkS8hOuovSvj46dlhijqvw9b2sZQhY68kq6hOr5JzghL+rtk+8vWKtYMXXQP8AISq/JeeOWIkPb1XblcI64YG+QPx7aq+lVUjqOvLB/HbLvKcOq/D1vfakz5fM04xjYpM4211UcrVGjQ/9Hes5FfItgo0qr1T22h42wnqfDvcMuFtiPcKBtyxVlbow1HJ6B5//AGAtPsO4XlJV8N2Fu7f3eL8++kOqZoa6fj1s+jkGuhVwgd4dFEQKI3akqTLDdUkSG+f7Q226dgtGN7L+brkkdpgeJ3SiKIEHCXdYZSOqIkGWIoy86kcjmcPHEMLwrG2FDMUYRWHLCwT1GQtYmg3RPt9XlhMfXihtfIqhSIGSmdFOdEJP1c5wrqKK37/aKHtZ3eAi9lorWtFpzw0b905x3Jnavy9c2vz5TUC0icG8kqVUmLlqL+r7yng3ztKU9ZGV4nRGV4m07tvs730vG/LPgwN14impiUJ5yUnOW0pTmVkjs6/ZJ0ZmJxy0bzbw+Mq3SiJyz0rRfx+ELcPs+IAAAAAAAAAAAAAAAAAAAAAAAAAAAAAAAAAAAAAAAAAAAAAAAAAAAAAAAAAAAAAAAAAAAAAAAAAAAAAAAAAAAAAAAAAAAAAAAAAAAAAAAAAAAAAAL21Ijp6aZnM5Su69paNFpbAVmtav1YtFsbdYxt4d21sDByH5aseHsLTPXpnKWiVpSUnHdjfv3d/g5d6Q1fnbH6eXe2WY6BPyXV2deud+zvG81Ts93zclq8ufypaQp0+utTu3Pc7BsqSk8tnUZdeq5zV1fDfhbu393izKgT8T4zt39mkXzL1X4et6/UC7kfKDSJey6Xb12zuFp2r8vXNV9jxwiZ3Y2nlj8Vhp4j5Yqq6jbo1y30XlK4UNXrby4fxfx4L6k1Tn38P4v48FLQRHxCzk9bS+ou2/Uev2Re1fl65vb7J4eH7sooIq+j+a/Hr6/eJn2tx8f2VP/D07/HS+iqoIj4im+l9UvVt0esQ6vW3n1bw8OK0pPR7u8rzjzjf4QqqCMVFPTcoUVuRW8hIsnX29Z6CPbO8Vf2tx8f2bKk9HvLC3d+3iv1BEfH1VMotS3HUrCcOzR12esRe1z1OkvqTVOffw/i/jwZ4hipP9IUF/cqjd8bT69Ai/a3D9P7pVJqny6t4eHFMkORIo4klDfypL+hEhPwuL2CV2uep0krskdRopQg/GM8IaFKnywrmaH9OPJO2ci69uoVfa46nRbGkq+xbN8Zd/Luta2aeGOP0/Hc4KVVat8ykeo5aPv7TKrq8+fzN7qnW2WP8A47fbwbVQA6qKdzS0EuVf21DkrKLPq8bb9Ioazb7rt/o9V+PCcfpu47W30HUKinqtXTJOSZZb6kiP64yBr6tloz7otL+Lrcm6noHBDQteWVCStVFncPPmLVZYRd9wj1dJnhu28set8L6kq/Lb1GXXqpag5qT05ZPUKKrVELO38tPJTtq17NmmUhQ9kjqNFadrnqdJnlA1KF1M1p07erqqtCfLfRV1mnVbddLUZCtWna46nRYbFUOGxo0vNytLVPPkWn/D3X1bLxDqvw9b1pSXrcvPO3XwzarRxQKGqmrCdvrXLvoR5Kdukew9UvEVdZt91fUv4utzmlwjMWScsqODOodkqpW+ZQY1qL0Q4lbnF8IOtuvEWkq/Lb1OfXrOX+m+qcu/q3h4cXBTHvi5zcfn6H07PCdarzO3miWsbE1f4diGwoZ0+vQNU43V0meG7byx63w1NQskL09AaXpAljFJhEebHksLU05IiKZFIziuZRR+UcyKByLCsM8YRng4MpF8LYYzE5RfC+3OIxxiJtOF72i1esEcUEQNWS2+IM7FSqHssN6FEtyE65u+uzTq6xIGtMcLofiOmVPB5Ja32ZeUtRISammIynL5vGWERdcjIj0HYJtLM20o2RjbdlluvhffhfKHzq4ocJjjv/V3dWQQuspTNPhGSZXd1/dIy7dkpsYXnbFpjnGf8oM42jZN4nlOX8LcPs+IAAAAAAAAAAAAAAAAAAAAAAAAAAAAAAAAAAAAAAAAAAAAAAAAAAAAAAAAAAAAAAAAAAAAAAAAAAAAAAAAAAAAAAAAAAAAAAAAAAAAAAAAAAAAA+9DeXWfqAZ2x0Ht16Pdp1bdMqky5fKy+ttvveTYyFUPyPm52+2zRf6uoaZyX0hq/v3WG+cd+/jim5joTT7+u3QZjVUmXL5XL9bVfDwyt3428bpQQ/mfzHj43ePYNMxtV+HreqsqqKCm/sv3lf8AAe3a46nRReyR1GiU75x7bq7tHq3tkPH2to/+U+H1SqSjtOM4xaM+vb4MNp3VRx2vr1eN5Xn22ii7V+XrmvqSk8tnUZdeqJ119Z7u85n4e0Re1x1OidkjqNFVV5Nx3bPsu7/HtsDtcdTonZI6jRXSgdU/E6Krvvp9RiV2r8vXNKpKTjuxv37u/wAF0oHVw446uXJP79Mry38LxV1dXnju2csOt0NRSUnHdjfv3d/gIYjUecWmqPnDls/C+RdYoe1x1OivqTVNDy2e342yjqGeMcRp+O5PVK11WW7O/VpErtX5eubx9kxunw+ieIViOvUKWxWlSy897S09mn7pVJV+W3qc+vWeeyR1GiyjKuSllYTqFdVSfpq6zZ39k9YVefP5lpSZ8vmShA8VVjzhRWlX0FYi7i7tOyQq+1x1OivqSk47sb9+7v8ABv1idjFQvpmFOnUK0vLmdvXcu7JW9h9oq6vPn8zsnonV5Yeyb9e3B0OxZLa8/OjgnUJCSq0PLq79XPGyU7S7rLtA+LrVJly+VsZT0CinRVirq61XmdwXVLIXoeyfSGf6raO+0xBq8ufyr6j2e8mSB6xXKw4M6StK0OT11ey667L9+whQ1X4et64bLQ4hZ6emVOChRN0Vrv0H0jNgmXVouP1HOrfOrq66/WGPWWcrC9w44U9MqTmnSKkqSVRRPK6bR/iHvu0EKuq/D1vWlJV5Y79nPDrdLUuOIWcOJdFFXqv99vnq0/EQ2o/zuHjb+bcLcNvNLG21KKBG6N8QM8QuiVpmvXIkSHnbI/8ADPS/9sMX+rNrYI/Y+H6mX9Ie3d+HUd/ntcKuEnWePVJ1ChpjxrVzb0D19rG7qP8AdX7HRrpP/KGLhxurpOO/G/fu7/BoLkqD0LwqTu7erdEqtcbehzYirJTu3as3YeibvEhQ1efP5mGxxA/H9IIPjhY/ZJ5vqL0RNTtDu2IveXhpkPZozFVCoplqrK7fVFZHlBaZH6QlcZHeUjtsuPVcJVJM2jHd8siMF06CmyfKy0iv2+6wWtLeZ9acbzEX43VNXOzbjP6Vip/zuFvrElFfoAAAAAAAAAAAAAAAAAAAAAAAAAAAAAAAAAAAAAAAAAAAAAAAAAAAAAAAAAAAAAAAAAAAAAAAAAAAAAAAAAAAAAAAAAAAAAAAAAAAAAAAAAAAAB96G8us/UAzuHKfj6blB957bvV1TEqky5fKy+ttvf5NqoVoJo0unZf7vAxsqX8XW5xD0hq/v3Xl7PbhhmlBqp+I6p+F+m8/CztFpR7PeY6s2+6kZrp+P17Z+O3xGypMuXysbV58/mUrqnU/SFFVmdhb2meoRazb7pSVfPDb1OfXrLX5lQ/RFR+r7+7rFetKWO2TbGJjCYwyvtvHWeTDVy7iPN1G3fs1DO1dX57epz69ZfUlJlhv288et8rXXlFBTGo7fDbb29xCL2r8vXNadl/N1yKB15Zyet3X3fE+vYIva46nROy/m65LpQLlCimq9XrRbbd99odrjqdFa9joePP910p13EfpiWt6l2u/r2/EKvLn8qTSUnls6jLr1SgXKeSp06dZWu33+2311q+ZQhp+WHWFH/4++2WvedhCOlUmXL5WxkAU6in5Qn5VVNCJd6OPt6tWqYuqTLl8qLWbfdZ5T0ChAsVVdSrrSRDp06jh0j0a5eoKvLn8qVSZcvlZlDlYrnKLlZM7fXfSu/YcplPYPVbN5sSy5RQPyT6LW0M6lOxu2f4WO7bqsEdsPR6r7FX/AE4z1llOVsHV7Es6p0M4fb+a3RJzfy1c+849tx9v6y9Yr3b9Vf4M+yPNtBTujfT0Lo3t7gkyXzzyMl3NORzh+3/vERS8BBq8ufytPSZ8vmZ5AFAvriqrno+hIZNEuz7LH0i6r9EhWrSky5fK20hV1cDrSdQokqVoXio2vtt/MHfs9gz9Zt916roup+PbeQJ1daJDk9ctqMso+2eqMS+Ii1efP5ltSZ8vmRy+NSegbavV0iWtofMr7O+c/DrFCvqSr4bsLd2/u8XNPhFwc4U7aqq+SfP8oGt/q6/mD3bmI601tSdtocetvXhDgBj+RRBT55KFGVooqnOC7Iq48rN36xZxQ9PO8v8AbsukuoWDg+tqT797PDjhn7Z3Yub0YscLura6PCjKyphtJctzVyrk7bozZs29dwuGXRKhp8X7Usa1GUFao0iBnqK33SPO+Ge63SAwTGYyMMUQ4kcsFSsJtdDJC3vZIWImpseStJhiEyMjIyO4ykZSsMeva+xzhjhM2znC98t1px3RPtRavPn8zQWKaDCQrSTU96RESApXzKcj0TlaZaLb9eopN3s8NKfqq6rOJjPG27KPoxASkUAAAAAAAAAAAAAAAAAAAAAAAAAAAAAAAAAAAAAAAAAAAAAAAAAAAAAAAAAAAAAAAAAAAAAAAAAAAAAAAAAAAAAAAAAAAAAAAAAAAAAAAAAAAAAVAI7OoV+Xvv8AH1+M9msSqTLl8rP62i178fGzbSFKdPU/u+N3dZ1DZUv4utzg3pDSfft3Pnfhh7eTPKC3lF++rX7TusFozC+tS7iD2773lOwWlJV8N2Fu7f3eKrq6Tjvxv37u/wAF/XLuPodE9WjRuXfLVKq6vz29Tn16yJSUnYvDZG7xiVhXUFnnHJJ9peyUu3R1xar8PW9LpfxdbmLrqBPdV1arv36+8pihq8+fzL6ky5fKsPHlx2icpT2b2a9F9oqV92Ph+pS8d/af/QEdIXRCup//AO7snv26Q7Zx/Smdl/N1yZlQOqegs+lfTq7bZo91su8O2cf0nZfzdcn9p130dQnkllyEt+6Widgi1dX57epz69ZaUez3n8oKvQeb+a17Z4atOn2SqV9SUnls6nPr1my2LJ8+juCmq6JWeO/cNBqmr6vy6j3dqrq6Tz2dRl16qUKB8UPjxbWyNIu5CtRe/SJXa/v1vDDlfwtmlUlJ9x8sN2/ZfwtwhtBDjHx9Cp80NV6QXchs7Lbs1r9nVZbFL+Lrcm7FlQE1UypOo+zy7J9e/ePOWd2zb2SkKdstUf50d/xdQMWWUKBGXSBW1qmljsqRzaW67fV1FaKOq/D1vdu9Hv8AA5f/AItjIcXKKflCZQrVVRczuCGpLvrjIGbfw3IVbZUmfL5mwWLknigckjwoqjolLI7f5jzt6A8T+HUcdKbBZ4uNPl5v81SpFzO312vl+8n7oe6WmUhU1eXP5VpS/i63MooIj4+t1kjS1RD9MQ9fdC2y0VdXnz+ZK7JPUaS1utY83JOrrVR58W6G6XXo7rBQ1m33Wia048IOy5Cqo0zhkpKrY5VJF6KPpBLs9YjrB52eEZDnLKgoZleXkjG8N9qHKrSf+YIizZ6X5rT1kVp/ybCQ5h6Qf53fHk5fxHDjfTxgqTw+dVdIhyy35sZcyq0t32k6OxDE0uvM6Nf/ALw7bLhzirpPPZ1GXXqtLY/hx4gdYlUPDera6oukhWoluSnZtnos8T7dgkK1DdO7J3xn4jKDS18u58RV/wBI/wAO7LdHsEgahxtQUNA8rE6TzSuYVTP/AMk7DnrvLRpIX1Jny+ZU1fHLH5WHiUigAAAAAAAAAAAAAAAAAAAAAAAAAAAAAAAAAAAAAAAAAAAAAAAAAAAAAAAAAAAAAAAAAAAAAAAAAAAAAAAAAAAAAAAAAAAAAAAAAAAAAAAAAA/nE023vMB/KH+dvqMB9/7xO/tv26Pb2AMzY1B0FDM09t9s7/vt26hHUOtqTj45fW3jdsZBy69On7vXMi9+2Vw2FJV5Y79nPDrdLjfpDSePGcfpv47EtUFP8jWNXr+PfZrF9SZ8vmYOrpPPZ1GXXqrpQLjQ3p6tvZPw1SmV8w7XPU6SNNJM4zeZ3zpXXShpyp6HlFU30yOWzxPQJXbOP6UTsk9RpKWnp1BUPJ1BqjvMpHfeRfAO2cf0pVHs95a+IcKeh/RUtnhr1X9enYIvZJ6jSSu1xv8AHRWunaveUj7ZF7O0toi9l/N1yWna56nSWunoPfZv2EZ9R6DENaUmXL5SgrHG+cVpUWq7333zvFevmUIacvN+P+g9n3y91wI6/U9Ao4lVyitf32zX2duzbMyRR7PeVScuIpkp8rrVv0H0iffL2T2inaBKEDUH0hOn80W+uWwz9+jSLakz5fM9avPn8yWoOoOPc0qesc6K/wBNPJU5ZtfDTZLrCkz5fMVefP5m82LGnUU9CrTqE5JeXM7hXa9OdkS739gvqX8XW5Fpfxdbm1TVDfH8o5IqSuyE/PS9HfZsvj7LBFq8ufyujappOPjnfuwv4WdBIHoOPZ0rxWFZVQmdwqX9WvEOHnJ1TMVdXnz+Z2bVOz3fNsZJvp6HlCdIqVJMjt+Rf6uZ9Wu6IdZnbYKury5/K0CUIVfG9q5RQVtVVF7M3oa76WbrM5N/3asOYq6vPn8ywSe1RUoywlcKxWjdssOCH+tssZfs7/X2Crq8ufyrSl/F1uZmx1fKWT1PJWtJzguOo9ew97BWrRffz/8AZlTT1zM/V6jltGfrNvur6kz5fMjuMWrKrPWVHmqVCfnyGROW/ZpFXVfh63pTh5wi8XOXMvIE6etOiPm+pMrGxZW/Z3pDO497ApKvhuwt3b+7xY70hpPHjOP038djjzGMKt+WEsPxQodmGDWldz48omLP/N1n0v8AdbCxaOnM5i+pMuXyuXVdJ57Opz69Zq/jphVwY1j9C8YODs6Oitczt9cWrn2KueMgQ1dEN/zWzdjD9frdfT4Xyhc1cYcGOMP4DmtTElWG1r/JwVeCU8JzaDI/JfsGHZGeFC5nZgxeUzwsKWDKZlKVoRE6URN7Tut62ETaIvE3mdmj+KbRhNpiPOHXXPZm1pfVuU6dNTzVHJHIzWGRz8mZTwTI5eSd5GV9mFOwW1LHqzMTMTMTEYTfKZ+vdOCoqpvMTjlOzhHjhhGP1sYkIwAAAAAAAAAAAAAAAAAAAAAAAAAAAAAAAAAAAAAAAAAAAAAAAAAAAAAAAAAAAAAAAAAAAAAAAAAAAAAAAAAAAAAAAAAAAAAAAAAAAAAAAAAAPzx2FvL3AP0AqAF8a6f5a7w2dYi1efP5lXVfh63tgoVp0/EpavoMy7buuV9nZaL6l/F1ucv9INnvJkanX5ar6tJFuftMaikq+G7C3dv7vFzmrpPPZ1OfXrLpyegojTKC3++0u8WipVVBWfN/ovd6u7XqtmAulBQKOJul7e7Vfr1B2Ph+pH7Zx/SulvElWDn/AK9okV3vPZbeLhHUtR+Q83rVhno8NG56Zj59l/N1yeva56nSWFch+kJ0+uRmfVq9+yegVfY+H6l9SVfDdhbu393iujVDien846j+G2zxsK2Yq+yffs8fZ4b+s7pX2vW7/CWefircKemygzp3ZUl+nLeYrd7JnpLULSr9HvPC3d+3ii0npZ/7j7Jt+3WeC6ZnqKDzlO7Kv7bvuXgKur1T2Lbs4bsPD6XX9J6Q9t8I8eG3reuubifjquoTq0tb/TVzFp7PbLaKurpM8N23lj1vhe0lXljv2c8Ot0qlqoG+gqqhOn5V/bdXXPc9NhCOuGeQdQcQsl9FK6zT3b9d/rSf53L4pDoJA7UooaZLLlSWvM7h/WuUS9enbaXfokPU/wDny3wgCgb11C11hRWjVsbx5lY7OPzl5gvs+cNtlog1eXP5XZPR6k8rYfTy726UAU6iptdYTrEqqos1eWrkVrb9pN9fWK11DVOz3fNN1BQU9ArygnraWfN6Guof4ktvKJz8dOghU1eXP5V9SZ8vmZQ1F8ilUJ1FWSpF303nVpbvV3bNIq6vPn8y0pMuXysyoKfj1iWrKGlLVF3plbMna7o71yMvWYoazb7q0pM+XzJuaqDj6ZWnTp0ipKrXPGtqO2390N5axHSmeLqdRxKpPJYlL0fbzqZnb193vGfrNvurSl/F1uYG+U+VEapP51W0NlS+8vf6xV1X4et60o9nvOafCMY291YXRO3tyR0SpF2UK6yr8lRbDrxDnzdf9F13aItJly+VQ+kNJ9x6w3xjv3ccXCmOMajhCsSdIGZJGSWovDeT18wMYbdnHL/jChk+k32i6HRpn3n9qGmcbq6vz29Tn16zV/hJxVnUwpeUJH5LDzGzt8K8hYmp2zOhx/iXN1g6MwpBH4zJ5wyxfRiWYkfQDcRXkdwoXLWKlrfT0OSIgTq1R/QVte52h14L5xWn42eoetJV+W3qc+vWGk8RNeC1OKlPQKE6mgwTngngmV1lkrJGRzuPTbaUxsqO98Z39fBQ1UTfhO7O9oxwjqVhBFAAAAAAAAAAAAAAAAAAAAAAAAAAAAAAAAAAAAAAAAAAAAAAAAAAAAAAAAAAAAAAAAAAAAAAAAAAAAAAAAAAAAAAAAAAAAAAAAAAAAAAAAAAB+LaU9Rl4+rUA/YAAyRk/PH2+rBEWrz5/Mq9bfh93zTxDh/R56vus9c+rSLSkq/Lb1GXXqud622+95JaavzyrzS7/tf8Hb7RsqX8XW5zes2+6v35+qytlq0z79W2/YYtKSkyw37eePW+VezxDQJ0FNJRLTZvd8No1HY+H6mTq6uuv1hj1lnLPENA306Pzc1Vkj0ay7p3+MhIZmauuiZiYm8cf3WtQhT0FDWE92vctNpW2d4j9j4fqWXbOP6Vrp6cuI/SkvfZfvovEdIUv5+1PVEt++5/GOsF+Q1eg84UK0qrYe3Z8Lr7SIV6wShDj5YlT2pfrCX+Ztz8C2Dz9rRvnw+qLV6p8uP828OLPOPZ6ehSp3FwLknnyKo6+rv7B5q6vz29Rl16qVSduw3Y9csvojldQcejdHBRVFSrVOz39+0Zery5/K3lL+LrcsKd85Zzgn0T8+2bSu26xQ9q/L1zbLsk9RpJGhx14h4SqFHKkt8rZOPX1+vtH0Sux8P1Oh2LF1Ncz5HTcqUuzG8N9dW/WO9m2WgXDxR/53dPm3mY6xCqNUo5IqVOxM7guW/VLc8Xav2hh3su0D2q8ufyuo6pq+xW4+3q3Uy2CxLPiiKqblCnJapJkdvQrfSvM+QIlLZKe0hSujapq+24eHnxz342tZuRQLk9PVcoN6RU6JF2UJ1+eTuf4a+cV/6vbRBq8ufytUulO6t9Oz831uqq8juC5aRekf8AMHVrtPrFXV1fnt6nPr1llSZcvlXSFafj0aWsJ0nJF2T1xIi3LX90iFCtmxjHT/LJU6itpVU9FrSZZAl/DOr4iOsqTLl8qWqar09aUOJq/Pvb67Rn6zb7qVS/i63MDXVfjvokjv8Aqq8V60o9nvNLcdMAV6tPCdOVzw4ciQ29/wAZ6hTrWrpO27d0593Pvve+TgDw4MTqiFaZ0ijJ6R09MOFdrx84/wDzV0h0HZ1zGo1TV9ttw9nV+plxD0s1T2LO2OXHrDLDPNyhdX1woEapNkfmuvPHnqF9deeIcYN7bLe0aBzlpxxGcdNV6xlSKEf6Hc4s/wDE0p92i68BozEXpdX/AHv3jT0mUe2fjChq8ufyrIJKKAAAAAAAAAAAAAAAAAAAAAAAAAAAAAAAAAAAAAAAAAAAAAAAAAAAAAAAAAAAAAAAAAAAAAAAAAAAAAAAAAAAAAAAAAAAAAAAAAAAAAAAAAAAA+3H8TIitOXq9t07tAD4gMmhz8+fZ/1jEWrz5/Mqta5aHs0PhKbIc+QoaxbZ267i38LZWqdnu+bnmttvveSUGqsccll2e2XslovGypMuXysXVfh63syoPl/jo13S3u26ikpPLZ1GXXqs2ulBT/I1isT/ALEXVbt0eorhbK9KENqPNTUKP9RI/d7C7bxZUmXL5WP1tSdW59T72xma/J6+h5vUJFXZq8dPsvFp9w/KoaXt9F4z57/344sCOg+WVSp+S2fTbOrX2ae0UPY+H6l92zj+lSrmpwoFnJk/Xs1b+E7BV1dJx343793f4LSkq+G7C3dv7vFhtO68RTT8Ct989XxGNq6vz29Rl16rZUlJ5bOpz69Zfmp15byhQkVVv4bd526xFWTKHyOOWJm9vUGXIfj3+F5BV628+r+PjwW2qdU9bvpbw43VS5845orB+dHo1atzO7YItXV/cMvHPy/nDFaUlJ9/z8MvP+McGB0D7xFNVy07nqld9xDL9rnqdJvKSk8tnU59eszxjdTp6FLyjlXjefZt0iU+LoxiPXZVZ0tYTq6rzM4VKX1vDmbUSXSMvs93zGo1Ts93zQf+/wDeb9YzYjzVblahQoSVpIhzPXIvS2Uej8NaJHsn2i0qvw9b192zj+lV4ucalAhoWF4yhzWrQvDehel31a8Q4wRL/wCIYdsu6NbLaus2+61GqdbTRdYW+Psn2bWysHY1HB1rUUVhXVVa5mqPLrG5ny9nL2dKc4rT7NlDV5c/lbyk9IfLC/d+3ikagxtmhpmtREFbyW7ZY89lzdz/ACzf79ngKurpPPZ1OfXrNRSekNDy6/nHHPimSFcbbfQRIqb/ADp0SLs4EKK7mc5/Z7tO/XaYq+zV/U6P0SqT0sofp37/AIYbc7t3MXL4zutMlq6itVv/AKKiP5zZxdVkPGfjsFX2Seo0mo7XPU6SbnWg4htSmnT/AN+qWv37lrFXV5c/lWlJV+W3qMuvVR0u+QqqhQnV+fk3ouWlI5de/YKVsqX8XW5EkccnrSdOVaqm3TP7/cUxT1dXnju2csOt0L//ADqHdhw/bLnN9zkHw0kJLsW7o4KFFaTEuNvY1q0i+0Z5ty3+Akap2e75uSf1Co+xUPjPs24R7esnntxjQc31xUnT9DYoaVuUEDIt9LNzxfkCHf3K9dusb6kz5fM/P7n3Eb4op4kq+T0mdDSuLzJFkrOK/mDN6Z9Ke4e8RfzzwjCLzaMsesEhpdFfp1//AL6ftGnpctDv+dRVWce3yhjQkIgAAAAAAAAAAAAAAAAAAAAAAAAAAAAAAAAAAAAAAAAAAAAAAAAAAAAAAAAAAAAAAAAAAAAAAAAAAAAAAAAAAAAAAAAAAAAAAAAAAAAAAAAAAAAAAM4hSg4+m2Xy2TuvEdn9bbfe8k3NdDxFF1n39vb8Nd5R/cs8N2z4buO+XMayb3nff5WUIfkOUJ9526dc/ZqF9SZcvlVdXnz+ZlFO+p6Cm5QorSnUjlPvlp2l7xfdr7D3+N9ufhx7lXS6pra2ZthHtiZwttiML/yxeniriOUKOpD7rd9GgRe1z1OkvqT0e8sLd37eKlz/APkfOFeokSKejqlb7SsHt9rcfH9nt/wnQ7YjHfMY98yfjHcKCh5PPxvnO3UesPtbj4/s9P8Agmh3R13soQYxlNB5wn+g/p05b9ofa3Hx/ZWVnoRn9eXXfAeM1Uopp1iqkrLbd3WdviIf2xX7kak9CKKjxnZFscbReZ9lsfLLBVE6p11NyhQk29d2/uuq6v79wz7v442vfnJ7H2LHK2y97Ww/fKbjq9pzqtX87SLsoV3rlv8AEVdV+HrevqSk8tnUZdeqpWqI+PpuUVTV3nLX12a7hVr7sfD9SUELqodEc6vypXddO/f2B2vt3dxytt6vl3HZOw9/DO+zq2fei91oFFA5XFoP1adGoVdV+Hre2WqfvtDhw6wvtvlwiMEyQ5T8Q2qqynttcK7r8NlngLSj2e8q/wDv/dbfYncbbfCpKqwoJLev/wBHPEOeHd1C0pNbdi2bOG7Hw+tkWrpK7t3PZO9N0R8IVPEjPk9O4JEuby7mNFXt7ShWITtO67rlVetvLh/F/Hg89jrt88v2YHCmP5naps+WOSrF2UP61lp+b1t+oz16TFXSVflt6jLr1Unsn3G/jjzt43yTJ/vvW+FW1UnZ+VJajyFE9L2FpLvkW94k9sod0c/3SqTt2G7Hrll9GBvnCoeHxGadvjhJVYiXZQQwx6V0egDzmOOPUVpXXjz2r8vXNK7TX9Ro/VmUK41HinocnuEUZLJJlhwXIlq7KuUdsOw9bCGdNui3TqEX7h+ZOdLOD1wxG9DEkLt8MRRypIug9A+YwUUVMTU0uLPDn6x/jM6IRPFP+BM/s2vt5MRauk7b11+zSUnpFXUWUezrvn+Lw6+Q5wjYodW3OB450SpELPUVqLLvOLxkDOSI2CIoe+zMUwZFMQ3dOoBn/wAYcoIkKHW2qet30t4cbutej3pZ1eccfG3dvhVMfCag+nflUPxg8JINdOZ+ZYnK540Xbb9ctAwdXSeezqc+vWdQ1T6QUPw6jHC+zK3Bnj58vTKqxW1SVWhkc7/HVbsGXq8+fzOjUlXw3YW7t/d4uWvD8ak9Bwe+UJ60ry5lBciRIdOzbozO75iV6O/h73L/AOp3+FPd8XmwxxNThQM+eEPv7SqVK0OT+WrrMYjP/wCKZ/x9Hw6Q/ObnlQMbxjGjBhb4PTE6P0QrsnoUX1s43X7O2V48VdX2L+O60W68pNJSdt8dvfeb9ecS4+MR2NnEhFOEwY4ICiWAn10ozfUCOJW42yjcGikw/JwXpjpMOlosB+oqQjwzOlwcLCkeFKR+VhngX2qqyirovq+Z0oiI0bY30c5jRva2NpmIiZi19uExfSDVVfQ6VtYZzledGL4REzFsZtFr3mJ3WwlruLNmAAAAAAAAAAAAAAAAAAAAAAAAAAAAAAAAAAAAAAAAAAAAAAAAAAAAAAAAAAAAAAAAAAAAAAAAAAAAAAAAAAAAAAAAAAAAAAAAAAAAAAAAAAAfWg/NYXWXrAU9tEesz8PXrAf2h/nb6jASdB6KZpVGs5+u32H2SEXKuiNkaP0jyZb0gq7REXyi04/Xz7kyIfz3y/ZufZ7NI1Wqdnu+bmFZt91VRGuNqbU008lRrvVKXZtun1iyq7UWfdllM58urGqaTttdhOzHPHHxxxx3YwhundVFPWqDb2Wb3mRaOsZftcdTouj0lJ2LlO3vvyt/GQqZwoUcpH2Fae3u9vWHa43+Oi8RFBOEeqpePUU922c99p656RF+1uPj+yUcQ4cTorV95Xb6Zz07A7Zx/Si9poOo0vqtlPQvFBfTKvEr5ajDtnH9K0+4fmVKKsUFLZTq/D16i0esO2cf0otX2HH49cYx+rPELqooKasVjt02Ec5yls6hK7XHU6Khq6Tz2dRl16q6ZV4+h9d3b8J+BCrq6vz29Tn16xSUnls6jLr1SgXKPf7fAi7xF7V+XrmvqSkyw37eePW+UswM+KEPm9b022/D2iVSZ8vmVetqTq3LqPd2pRiSFVFPVXBO31WuSb9HV8btOgWlXSeezqMuvVNU1fYr5eG7dl1NlVTw48UCPk6eqpfu6tRHZrnqETsld2G2Gd8/LO/VlpSVdD27ltjetfEPPE1hPWv6vv7u3qEBadq/L1zWtegjDlSdP4b9cu4ExYafFlHC4+UOBzOy/u0e8i9QZO1YnYwp6FUocI4d0tbn1OPdKd1h95AkJ5ZMRCauKqxGEQqq3I0KJlXf94Z9ejsHz7V+Xrmdj4fqbaQPwXoHp6FKncFCuMjVoWdwJlenzJTTqtiHr3M5GPoldkjqNF1UxA8GvFPDjawxAnh9Ww5Ik4VJEujp1dv1bh3OLObTZ9i8xPVOR9rcfH9l9Sej3lhbu/bxdQUMGwMx0NYhfJL8/JHzlz1mqxZWyPl/pEwQ7mz0QiaFvnFouGfq9befV/Hx4N5qn0eod/V/G/jstZ/KdpUcSqyOnh7Jeux1aS+zXZ42nYYxtXV+e3qc+vWbykpMsN+3nj1vlLUDIU7GjVN5qPNPoSP0Se9tt0tIy9Xnz+Z1DVOz3fNpv+ERY6jwV4oUJ1FVVQ8tZ4gY1tRJ154+zuw7xL9H/wDO7582O/qb/wBEn2z8JeTnGYoUNLOqUk3pEcLxaTw4LoYnlXMyMMv5yHD8OxD9mYoMjOMMX0tByMdAiZjGJmJtMXibYTExMYbJiZiY2xMxOEvzR1yyZ5+CvxAuGP7hmYuE7OzpH7NOOGfGBFVd9EtzP+sH+KShzXZeVgznpZV/cfPLjbzwx74bL0T/AOuT/wDHydnf90dQFivpuBHi6p+a/wAZ+JPHdCTahLBOTtDzPjIh6JiiCHzI7PJjTDh6HIxwi1Qyd5kQof6T1dbGvJ1fOU6OO2dkxGGy8ROWTef1jo6LS1JFfEXn1tG2MbZiJte0YxMx32ymzw5DvD80gAAAAAAAAAAAAAAAAAAAAAAAAAAAAAAAAAAAAAAAAAAAAAAAAAAAPzx2FvL3AP0AAAAAAAAAAAAAAAAAAAAAAAAAAAAAAAAAAAAAAAAAAAAAAAAAAACXsV8LUT0pcl7igw3FIjwSwcFIZngmbjhHPAmWCZ2eSZmZFfOWgSeyxMb7Ra1tG0zui+yeTI+lmtdKgotGKGZ0PWtE6WP9uhMWvFsbRjM53yxfCMIPoEBkpTJ6ol67S1Wnov6+u+ufP0f9IO33vGWePXXjGTlQ8RTHg6DkfcRkJDU02lfQtOcY+PXLn+QSUxwQh5Iai+3TYZ7bO4eaWmnTn1pz0rz11xlzn0jqrTMTnfLDHHw3cdlpSfbQU2mU9lpz7Ze/Zde0mfL5mNYbHFPx/m85l7/E9MtIi62q+r8uo93a0/o9STRTEezLr9rZQjlDQT237fd26OwUbU1m33V+/P73+uc5iOrz+l3/AOUAqqZdQH8vTlVk07pWn1SvMvDXr+3a56nSekUkzNo0pmZyiIvM90QsS6I28/6etd+n3X9d0rx7LOk1VW5zMY75z24+zv3LXQPdAWsj6tFpXH1y9esQ+y/m65JXY7Zxbu0VzoHX5bwt37y7Jj6IvY+H6l0oF3y3J+4uw7fVuYr0dfqCn31+qc5bnfHWVJly+VI0OU5J1iW60p3yv0dWjeyVSZcvlKvLn8rr5iBhVvjhtyMoT1tUryPkNEiQ/W+X4a8LOr1Dsmqfvuzja37bsPHNyWrpK/t/Lb/O+Zwjfg7rQrwJoPjiA0udDBDypUa7l64kOapegIa+0N+z5jEL77j16jo2qfQjhnlj1a3fbjdofwxOChiPxHsKqIIgUZLyT9ORelnF4/qDN7x3txutuw8ePnbrPPEq9U12pa6LecYd2e27ijFWM1mT2Q+3pGFLO/0q7Sv7bhy+rq/Pb1GXXqtRSUnls6nPr1kDvmPen46rN6dW52eZHbLstnaXqFZEV8zaZ0I4ze0comeUS1FJqnPv4fxfxIVxtqFCznCD3a0/PGV8tKzquMh8piIi8aUTwiNKJj23iI5TKX2Oh48/3bVQBHEL09WrCiIWFSklUFq1ik0t2+wfZGbzYleEZiuhxySt0YRRmulVrmfpO9IX3JLjsze+d+o5nfsHr2vsU3+kznPXwxSKPZ7zuFirRM8RwGcQQPGEJxklafQebD5ztkeIyv2adXVqdrnqdJ0jVOz3fNKFO6qXyhrDgzcqSLuXXd28u28svV1fnt6nPr1mmpM+XzJ4alyegoEqZPW0qVWhPVzi8fcWyY+LUUmfL5mew4oPjvokq9k9dIt99dwztXnz+ZqKTPl8zAuFfA+eOIfG1C6hnSKlSuB3nkWhxzd6R9twUn+dy+KL6WUnbtR9048+r2t3S8asHYsij9G6wOoUJFSrmdwhWu3ZHy/0iYNk/ngX7tSG6fmN1y4CWKSIfwfrBj54U7hD8ERQpS4uYPh/FWtZDN0anGMIkj47jKRlC3SH+UEyt6NFi7I5jC+llZ9xicMJvEzEZ7pve8bbY7Y336X6E6oiY0omZtMWm0zozaY2TozGlE7ImJiYnCJicWj34Z+OYopuBTwck0YPCp9ijHjwi8ZONyKnxdPn54xeQDDUM4WHZqwMYeFZKREZ6SmI39EIjTr9eV1ovpTERO6Z0oxnDGJjDHfnC0/r1VdjodRaui0RFpta8To6MTaOGy8xlEbr28vw/Rb8wAAAAAAAAAAAAAAAAAAAAAAAAAAAAAAAAAAAAAAAAAAAAAAAAAAAAAAAAAAAAAAAAAAAAAAAAAAAAAAAAAAAAAAAAAAAAAAAAAAAAAAAAACY4YUL0MFmpTqDTzeykd1pkWrsKWyfWq/8CI3TEcpi/XPcxutYir13ETj/AGxaMrTMXj45WxjDdL8OsSZcYtBqtJn7Li6paNIjTVaUTMThMZ46SLSapiir9tr477Xy78/C6L1mn/mjy2VJny+ZS0FBx/honKctnuuEhKbVQc1c2pSl4S0at7ZC01TSdW59T72xxv0hq/v27x624bdu1VLqfiNen4Sl2TuExV0ez3kSutPWKblCi/Tv42Xdgz9Zt91vKX8XW5YaCn31euUp7ldHWlXEzMxH5X9p3Q+N4hPOtHZPb3+4rdYjvMUe+Jtw0lJTrlFByen5L1Xay9s7QtM5RdJ7JG7w0Vhp1ycqblBVrbpL3dRCTETOUZLSKaYnCbTw9aJ+KnrlB+j+Je4efU0t3jH1fT1NLd4x9X8OgoKefETsl2dc/bdLrHiZnKZn2Td4mZymZ9k3fygrFBs1FfZ2fDYerxPDB4nhgulBT6fX3Fo67T9xiOjpGY6evUxp/uvulr2dwp6zb7qvbGQcxqeSqN/HVLv1zFpSUnHdjfv3d/graur89vU59es7rcBGFVGXoXb6xVUqvI9e9BOt5932elO2do61qn7lt4Xv++7HwzZf0e/51rzdtvbvx/h6vIOgdnhzF6q5QkqqvLDehReinZuzcnqive+++VV1eeO7Zyw63Q/UNJSdioZ+uPnOz6ZvH7+GWxtxg+Y4GFniCqNbUkYsoQrDCK9uZ/s6/wARfvpZs7Bg/Sz/AAo62uSdr7ZryfZH1tt2bfpZwffF6h0pvOKqlkV2+nVZLuHM2ypM+XzL9DjGa5tVKECfkqRDlCu/1jPZotmPvTUszM+te+ETExlbZacYtOFtmX+5Fq6vdG/C3nfu8UTOdNFKhpUv6h4VJEyYyIkaM5ERmcpmdxFrOwr7rRaUcUM4RF5mYjRzveYyzt7eL3nfecMcLY8/2VeLp1ih1ckhJ4niBLy0pcuPYczmfeUrO4TNLRotGviJ0YiZiNKJ24zNttuUetxuhdrjf46P0euHFzwA8cCHF7C+OjgccIiHeF7i6VsbREC5FjAgg8VhRnbDWcMAnD8TlG0IRLOKM4YPPPSwjhqUzIpnpKvVNF2G8xabzhfZeYjOIxmLTO6ZtjEXmr1TV1uHdn47+7nhODWtCuUU7xFP+9wblfBz4RkEfOnETUn1qxexnz/m3ETB+L2JplizxozlMoLLMGWkrxzHWtJF/wC6JmLTa1om9p9WbzE4RpWmYiLzETGjOjM+tHUNU626379uN/Hux6G8HPhevONuhS4v8cEHtMG4xWk2evPS1jyU7f6AiOHpT/jGC/n9skMtPbrzjfjHr2njjETziJ4Oj6p1tNbPHrr97S6HQ5TqKeqqKvWlVR5CtRf1NvKWqV9wq2xpKvy29Tn16zaCFUKhfVVFX5L9Bv5u3+EtRfUv4utzMnygT09CqoKwrVJVc/PbiZ7LpW2zs6+0V6+q71tB1hjNpj4Z32PEzjHanDERwhIyZ29wdoXVQRjUeG9C9V7naHZv+ckOxBDlv7uxhZ6hrqTPl8z8q62pOxV2PW3rwh6TcWUAQ/ji4I3CBh+H4gVKlWNjLGMBFkVEf4voheIcL0/DhEUElDWekVYvIhn0HKWcs7enpDB+kNZQ2nPZaNk+3K2HDhhd3b0Uo6/sWjrCIi159aZmbxtwwmNKZm0TEzG+85PNp+HSakyHg8fg5nFCSqpxAi4SDii8q4yy/i1IzstM7bCK0uoha/0Ft2PXd8r43ytje/cyP/6j/wDO1Jlhozn7JjnjhxebMfoF+ZwAAAAAAAAAAAAAAAAAAAAAAAAAAAAAAAAAAAAAAAAAAAAAAAAAAAAAAAAAAAAAAAAAAAAAAAAAAAAAAAAAAAAAAAAAAAAAAAAAAAAAAAABKDDTygpxT/orxRn1/kkU+8jvnK4eKv8AFwnR+DNV1JfXn+nOf9kY+zS0tHLblsx27mStjURQ6m4+gmpVnXyPWReqd90pCPnEX4KCtq4jWGlGjMzETMRN9l+GNpz+GDDXti4kyp51q/qnqlvPqMfC9sbzxt1sXtHrW8xGEXtjOXPx8VhbKGgwqdNQYRzPCmZntmVpz8O7SJEzeZnetKuZn1Z35+No8PBt7DlDQUDamoDT21E5n139s7ykQ2Gqdnu+bg2uJvrCJnObzPNgcVToNhb7PCW3UKuq/D1vXvo/n3z8ZRyuoavTWb+7VcKNs6Sr4bsLd2/u8Vr4jiPo8tG92qW3aI607Zx/SxigoVJ0ymmoKA6yUzIr5TvldqnM9lpafN8omcIn+VzebRF8IX5kQUFPWlCi1VKZdR6dF9twuaSaHZswjPdefjjbaqK2rmML30c43cut0ZsGV0FKnWKKDCnMjtLQdlk9Wkt7PTSvMTEZtLS3mIiN2lE+M/t1dR4VGdEcztlo16L+0fB5Zi1UKepqaxsO/wB2qV+5R1XVfh63rDTUxHS2Tq07itst+7qIebXjbe+XBNteNt75cFTxEvN9F/t3sO+8eHhMkAIeOWJaxbvv1aDEdn6zb7rebFyxp6amSnxHZUdn3eF+jSappOrc+p97YxtXV+e3qc+vWegjgTMfEZBygXKvqNbUedm7edpazmN5WbfdXv8ATKk7bXd3t+Ptx48cvRhH9CoUM7AmTqDVVtjn7Mv9UtNoq6r8PW9+oKP/AAZ9keTxR/hpMXEYUHC0SxioUK1UGxvA8H5qvX7udG4jYP8AFN8/1l22430spI/6hn7b49Tjtyxvi5NV/cq7wjhju6m7hpG74VM5Gzs88mJJN60yP0jKU7/gZHLQQzFHSxGyb/22mMLY5+22WMb8lnS4zGVsL32xefO2ey6d4Hj9voGxK35PVqvq/kSDe0hE7X2Hv45329Wz7lZV0nns6jLr1Uc06FQhWKm/I8QqmtX5jzGW99heoOx8P1JVL+LrclHE7iziCMo2YW+H29XBqVW+Sz0Wsj61NMOl/X+i7Rd3EJdLTTpV8etpTMxEaMXx9WIyiL4xERhEbLbkWr/wZ7/g9xuJDhJxhT4pWHg38D/FO7KpQrmeu4QONtdkrJ0YTzkiKPs3pdJopjTN6Iow6abNA0+tqvtv/T8tk2iOuXwWno9qnjbLhb6X8W1VP+D8g5qxYpYHxkKHZ0dK88YwIqida+fyhN0YRGwdIo/hyIfszjS6PQ7B/wA+en3/ANm4yrqHZKGt+s7d/WVkXsfAfiiAHKF84M048raHKHPSHJTtDs9MOxDDP/tBkK7W1Jh/y+8Y+3vStU0nVuXUe7tbpocVadqR5PyO0sKqo5QyKh5qabv2l+c120hQdj4fqajtnH9KRWqDm9C2pE6hwSf3JFe3fu7db0hI5/AUNXlz+VfUlX5bepz69YiNCnp210ygn80k379nb4Crq8+fzNlR7PeeRH8JpCrfCvCojxNVzVZWY4PjBC9IrTywduqUTdKc3bdYvtU/i97ycI9N6TsVdOOf13YOw34D+n/HTi9jxng+IK2khOKs4WOGI0fMqxY3QfEecsN5AuORlm7/ALSih9IfR7ttbu+E38MfZZe+hHpv9i6j+z9Yxxxxym8YTfK0TlhMbHF//dLeKxuxZYreCUwN7eaVND2O/hUN7ekIzwTa2qJDxaRJgMnlYNv5Bywp6ZC//pNRTqbS13oXt62lEey85TfxjPvsi/13q4rqLUOsLxOjpXxveJvo6WMTfGMpvl3YPIiOxvzmAAAAAAAAAAAAAAAAAAAAAAAAAAAAAAAAAAAAAAAAAAAAAAAAAAAAAAAAAAAAAAAAAAAAAAAAAAAAAAAAAAAAAAAAAAAAAAAAAAAAAAAAAJGglApdKJUhT2+UuaTuutwiPrkZEfqHiMYid8RKi1/VRRaOje+MbJ22mfjaerJpXnxFNV0/JdW3TbPQKyq/D1vcupJmcZm84Yz/APFFEYfI4RJ6flNVREU7iIzOy0tR6SCkz0t+GPLc33o/jlhe9uF7/Bj0N+dpuo/+qQmf971uWWt/8Ge74Nq2qnNPQ1f49nUfXYNhR7PecRqvw9b1hfKCve72zPb2bRFq8+fzLTVNX2K3H29W6mUc07Uo463V1ys0++dvgMvV58/maikq8sd+znh1ulS1Hj+3s7dN/t221KQUCC/fVf7Z7J6BMpfxdbnt2uOp0VLToU9PTatWm3fT126BKq8+fzJXavy9c1iXMaBaZcoVzK6wvbOfYUiIO1z1OktaXWsxhMbs/r4+PBYaeHE9DdT9xeJ/frHtM755ykxrT1ptE6U+y31UlPQaPV3np6rC95D17XPU6ScpaBDx9NKW++m2YdrnqdJ9u1z1Okyhqajp6ar/AEW/e6RdnuHxVdXV+e3qMuvVbLQAx1CqqKuXf2zv0aO2wh9qTPl8zL1dX57eoy69V0OxZQcnp+UKE9aS/p1l+y6dlpe4dQ9HtU9sxtlj1le3f7XOdba2zx3Xw5X+E29kbnfTgywqnoM1+Tq6rUmbkN2qzfr0i+9IaTzth9PLvda/pPSdY4/TD65O3CF1J8g9rU/WiRD9CXe/fxGXqvw9b36q1Ts93zcjfwj/AAV/x/YsVUHpyqr9Dz48RhA6yZ82vBT2fNbttkKvsnbaH7Pt42j24ft7MHL/AOoWqa6irp1hnz87bN3F4y4/gdRBzw6Q88M6tK6NL4TeurqE9fd4S9nL9baprqKu2ZcOvoodU1nbfhfrLLu8FhQtSimpuT1tKlnk/kPu7vfbbFpM+XzNM2BgZjcOSqDeFda/uNt23RfYJVJSZYb9vPHrfKtq6vz29Tn16zrnwbIccM6mtwzgSJbnBDXUJuvPBWb919+gVdJly+V6HOChQKGNtS5PZ0ipLXov5lr2Vcns8SRB6AOX2WguKfsdGlufxbR69rnqdJ1D0epPHjGOPhv47XSxDTp10Nqk6hwRqsrSb161dkLKzj+rs4enr0ewUPbOP6WmUrGhQIa08KHFJlRXzhUqjt/V717Nd4jpnZfzdcmULo4b6fk6huaUqpIdy1D6OPt7yGf7Zx/SlUlJ5bOpz69YoKc0NBV06dXVb+WrrG4hV1X4et6+pfxdbmGxV8hTKk6dP5p5j/0Bp0W3aCsmKGrz5/M3mqdnu+bydfhskKhDjUxdJ2dOeVIsxc8hqXNV7/E0Nw7r0xDcfUJWqdnu+bl/9Tf8+O//APJUcDXHQmxIY+IXjfF/HE2DHdicxbxe+EjQsUKurfF+QIazjzjh6GpQfDMU50w9jELoXIzHn04wou3xN7ThpReIm04TF7TF8LXiJj/xvlQf0+iNKtnV2sYi04TE2tN8JiYxiYtOOd4j2tzvw+8Ot3DQ/BdNfCQYUSTBjvg94xISjGOCRUZ4ZubPEVGeLiIHkywTwcIsGnw4ghuKsPCLCI8Gjh7CPCLCwSPBwpX9PPSLt1dpRMxEzozHrTEzMaWcTFspmYjRvlabylf1L9FK7V2pNGimPWjR0o0oibaOjGjERfR0oi0ToxF5tpROy2MRM/5+n9Jv/wAkdtfnR9AAAAAAAAAAAAAAAAAAAAAAAAAAAAAAAAAAAAAAAAAAAAAAAAAAAAAAAAAAAAAAAAAAAAAAAAAAAAAAAAAAAAAAAAAAAAAAAAAAAAAAAAAE84o0WFRNcQvRl5uZJDs00mCWH3F5RkdglUmXfblEw516cTOlX6loJ/FpaUzERxnPnhHty2fJ1fFHHcnLt8O6XtFK8UlJ5bOoy69VGD2vrtOVCWgylou222bNA+1LF/ZOHi2WqaTsV4m+7jzz+O2y5w5QcS5Je/4bC3kJX/e9bkXW+NFpT7Pg2qQ0HyP+o7O+74ztloGypMuXyuI1X4et5xB8T5xbKXbd3eE9o9UXtcdTorC6tXEavidvd6r+qj1tSdW5dR7u1fUlXljv2c8Ot0sNpqDiKblCe/b1eOoZeq/D1vX3a56nSUohvZS09Bvr9U5y3O+wSHxH27XPU6SQoltDKiI+rUVpeqyeg9gi1dXw34W7t/d4vOj/ALo9vxwWBen485XSsnZo9nbbYIa1pKu2eeG3qc+vWUqJqUH9Glv3Wd/qEztX5euaVV1eeO7Zyw63QkZkQ6Ov3Ff3n95D6Kurq+G/C3dv7vFstA6HliVOo5LLzG8pbN9QuqSk8tnUZdeqy9V+Hre6k4nWrj8l1dQkrVeNwQ+F3rv23WDsvo9SeHGcPrv4bXJdbVf37du48e/fH0dr8QKFOx0LWnT1xrrfmJovq5n92nwsHnW233vJ+of6Uf8AT++fjLsNDiHj2dLWdmj3noLchlavPn8z9K0lXljv2c8Ot0sNj+B08VMLpWFCtVVMjuHLUOVcozPTbdPTPTeKE1tSdtocetvXhDzY8PXgTJ3x3VRRD7ekVKq9y5ahlazy+8u7VYrKOh13Q8tv8Y4Yw/PuttU13oxXfaPO/POLbdn8OPNBiyUQqsq7g38qr300/u6/YMdV0nYvHZO/xmUrtfbu7jlbb1fLubKwrA7M601XUVSqK+cOW7Luw5XaJDx2Seo0jtnH9LfvFlACeHFiVOnTq2uqLjMsinzT1T+GkzDsk9RpFHs951AxSVlDQ5YJSrrSRDk9Ctrz7knI8OMH2d/cvfWKury5/K6z6P598/GXRfFzFTgdM1vDgnqqVIfIWX/PERsHR22zOafWK1s/+x6/8EoxHGLenoVShNVK1UZIVq7nXKMv/Bd/wFTV1fnt6jLr1VpSUmWG/bzx63ywOgdXDiUtXTqqqkQ5P/0d1WF3dYoar8PW9qKSkyw37eePW+U8Q5Qce2JVCiqKlTRzhUmVD6O/h7q8R9EdgccfLuLpV/8ASH+kT3lLXq1ZOq/D1vbjVOz3fN5dfwzrS8RHHkBPDczq6rCeJ14jCUuaW84cf85IiOy0i6Qw71C99H8++fjLk/8AU3/Pjv8A/wAnJjF/GShjeEpKHjksJsbPD7Hb6OZ+kvf84d7hG9LKT7j1HdeMOHUKz+nv/XY9v0egfgBxU38KDFXj34H8X+gcduI/GRi/Qolv1c8ZALN2IC/inVKemRGOYeidZNDr2JiZiYxjSjCYmJiYmJiYmLTGcWtm7v6cap7b6K2tE5ey2W7222bN7wZPbO4sbu5s7umw0rm1rMJEuSTmeC44OFh4OERlcduDhGcpTuKXlSH7Hfz7WgAAAAAAAAAAAAAAAAAAAAAAAAAAAAAAAAAAAAAAAAAAAAAAAAAAAAAAAAAAAAAAAAAAAAAAAAAAAAAAAAAAAAAAAAAAAAAAAAAAAAAAAH5of52+owGxsP4WE2YuEpne6LHVb1FgYGDgFo2ERGLKri1DHGNKfGf2hzHXF670q/8AjGjo47JiLTPfpRP1six1X/Le74b6hR0mfL5mwpKTy2dRl16rGFx8r447vKI5apEZWy0WiUtaScI0eN/Gy/NNPxJJpXku8SP3W/ER93H6TPkq6qJmJtsiZ7rRHm2faqfkaVRuesrNN+220bCj2e841V0n361sPbume767c4X6gp6x1X2b394tO1fl65qury5/KU9BXqH9KKeo5379wi1dJ57Ooy69UpLUWUW9mVr8Z6yyWFdQFypR95EevqLrFDV0nHfjfv3d/gtKSr8tvU59esxddQT23bfd2ae0VdXSZ4btvLHrfC+pKvhuwt3b+7xWHiPlvH4/HVokK9K7XPU6RT0Fv9022z19dtvjIfakz5fMlLX/AO9b9t+/lD2SFVkpRT+udllu+mQh9l/N1ye3a46nRX5Ax7+r7uyWgfQ7XHU6LMkKHiKYrvZvp2j7UmfL5kXtnH9KboH+XckqjVLRb99sveL6l/F1uUNXlz+V02xOuqegcmqscr5dp5q77NWkdk1TV9X5dR7u1y+rpPv+fhn5/wA4YOyGIF1UUD81p29wt5nbz5d6Ov8AEpWeAj622+95P1F/THZ3u0sD5QyC1t7iWVEhW7d/d2ln6zb7r9KUez3mdZKb5OiZQnrVb/t3bafaKGry5/KuGkmP6Dk7G5JXBQmrSX0fUt7JGXu0TFXV3os/PO3XwzZPW1JQ1uzu547/AIcbOLfCF4MrO9uSR4g9OryorQPDhyKTrzN4e0RKur7bs3Rl38u61r5ON1eqZoq7/l/HLqb8NvlqCxwO4Qcsq7wVVa5+ezyq03n656PAVn+Dx8L/AMX4347I7cjFIuT09MlTqU55VNDOpT/Vzv8AssWqwhFq6vz29Tn16y81T+L3vJulBy5OuoUrPyRK1uyL1z07l2DL1efP5nUNU/i97ybaQ4+KHyma2dvTuyr/ANVZO6r/ALK6PC2YqW8pKTLDft549b5Tcx08UL6FKoUVtK/Flhwqa1d/6gn4HdtmK9fUmfL5mZNTG4Lslp06h2a63/YS5u/8TQsWqfVfIqdZNjIcQp6BnVKKvVVST6ah9E9kO3wzd9xArf8Av/dQPEb5x9MqUVgqqrY5yRf6fuI9WkZmry5/K3lJly+V5u/woWUHWKooiBM4pH7JKFny5DCJdPJ34uekhMFn7w54Zm/qD+5Ey0/o/n3z8ZcR/qF99rsudst23+MsM+LfHs/HKcjpqoldjZ39Ei9K5u5x9JMgZwnd0Wu8B59LKv7ju4fv4bsNy0/plSff+ptw39+2+GNnXr8Fgtd2zhKwIvbyVpiN8ZyXlrK0jnLXdt0jiVHNq+ZjOJifg/StXo6Onq/S0dKI0tHSj1dKJynRmZiYnhMTaXlw4bzcjZeGZwsWVDRYaZsZ+Ezj1bW9MZS8hrTY1oko02AR2Efk0eBRkVlxFpwTMftOlm9HFpx9XdheMItfbhF843Z4fzf9INH1dda6nRwv/q6U44/3et63L+6J25zHs1WEhVAAAAAAAAAAAAAAAAAAAAAAAAAAAAAAAAAAAAAAAAAAAAAAAAAAAAAAAAAAAAAAAAAAAAAAAAAAAAAAAAAAAAAAAAAAAAAAAAAAAAAAA/ND/O31GA2ph1BTuuLJiIjuN4lZ1726JSO4aiKTt1DnjviJt1s/lx3W9XFD6WTa9tm22MfDGL2zteIa+OlAooVpSvM5W76+0/Xl6PZ7zp9HVRNF54bt3V7+y1XkpSuRqlKegMjRoprTLQZHf8St1nK0452u9Z6sxtva/C06W/HDlldakNPLZfs9/bo7ASavPn8zaCD6eutEjvKwtE/hdq915qjb73k43raJ0a+05xM/CH8p1CmgptRHv7LviLRFVdC+XqOsr/EvHxDtnH9J9k8PD911oFCddQlygj2d+0vXdYCsq6SuopjuvF898XtP0UlPQJt9W9untK6rq6Tjvxv37u/wSaSr8tvU59essNPQp+JVGZpNz37dtpxeyRu8NFa0kzMReZwtbHL+2Vhp6DfV65SnuV1X2Seo0ln2uep0igQ+O3X919wldj4fqRaur4b8Ld2/u8V+QtX3EfbM5+ueow7Hw/Udq/L1zX2goP7Qr31+3TdpErskdRonavy9c12Q/n+0v+qQipiY4OoFBrKwnUe3mf2dvdO7Qap2e75qmry5/K36xSKFHHNdXLlXo/X7brdpTs0DqGqdnu+bB1f+dz+LvBwXmNQuqqdR9LPKB8h52btN/XZ1dUw1tt97yfpb+mVJw67vhHtl24hVqUNUHpU9XqvIeXX3bnaM/WbfdfoKkz5fMulAg5YlUJ5JVaRdfd12726pyFXVfh63pVHs95qrwmkNQYVTxIq1UTcPMS9l1mbsri7hWVn+D3x5KvXH+BDkvnG4IaHI/mqXmhvqX1t6p7fGyUhnmDmr/wDcOssM+c+1F8Rw4ndUaVwbm+q1u5bUfrjIG3fWI6LV6p/9u48LfC/7I5oELxCvm/oo8jOHLUO9lueE7Jirqvw9b0qkpOxddfu2WgB849G15QraXJPOEVV1DlUnDUwW3Z6dItc/AUbYap2e75uoGKSFVMR1tPk/lTSueMuIkS/KrS4vHffBeb2Z/qIxU9kjqNF0ikq8sd+znh1uluTQYpE6GhVKVDek8x/Ti7zv9XuDskdRopXa46nRSI1Yv+WKlKitkqaV1tS+H3SuIVfZJ6jSSu1fl65spfKBvhxtVXVpWu5ctqPpHRbLu+Ai1X4et5R/fa6d+OHwtbdO9ofFT4VBTVdNU+VzqU/eXvGD/wC963Oof9j1/wCDzd8KHGazxVFUes8Pp1bo6RZHDPkNEtXPuVnF4/H5DUNxCwZu5qfOno9DtvX8w895Do2qaSMbzlfumIw3ZTnO6b2m1n5p9Idbff8A9r79vltvxw5u8F7EfFGOKPDhdnUJGvK0689LUPNMOtB+F+svZPG+llX9+3dZY4d/fvdk/plqmu7Da1s9vdfu+r1AYlcRmKH8HzisxjcK3GK/O7tB/BzhYo9WRK8ITa8KI4xh45Q7D8NkWDhGeFGsU4UOwdg4JYJ+VhRKRbRV+juqe269jPhheb7IthnOE44RlEzhOm9OvSui1PqHXujEXnStozaZj+3StEzFon+6NGZnRi0etpRGjM6MTMx/ng4woyesY8fR5Hb8WFhvsdxdFcYPciIsEnuIXtRED1hYJnI7KWmpDOcpGRWFMyH6ejCJnHOZnf18X4RqdLtVXpaW315nZsjTx3XtfvhgY9kUAAAAAAAAAAAAAAAAAAAAAAAAAAAAAAAAAAAAAAAAAAAAAAAAAAAAAAAAAAAAAAAAAAAAAAAAAAAAAAAAAAAAAAAAAAAAAAAAAAAAAAABuPiMe4fWwirh93pzJQa8zwJ3+SdhHdbPBl4Do/opV0EUWl2/GIm3jny2YbHB/wCpmqK+Nd6OsaC2Ojf24zHK8Tu82FRxA/EUypwbzrSWzzMvXPRdfZ2HIst6Q6qtN9Xxe2Ntk22Z35Zdy/8AR30svMavr8JvnpTaIvPfEfFi8OVdPTKm9R9L5usld7uy+wZekz5fM09Xnz+ZE61GaJxUJ7vJOzu75ersErNqaOZrKSNO95iImeNr437/AGJ2xdOiimoUybUctN/3eIUlXHbv437+Gf8AEuc+ltFaZr75TMZbp2fC3tlfnU/Ok+rTaV3u8RfdrnqdJQUmzu+Vi9PTqOzt3vK6y7QV/wAV8qkK5RQF1+s9PXslZ6/nSVfDdhbu393ijVdJ23+e+8W6879QLuPt8Ze+d33ahMROy/m65KWnp9Cfe4rbfEy9wjnZfzdcigoFFOfHmfXfonon1XeI+fZfzdciaq0zHq5MoTob6z395SPw9oldknqNJQ9rnqdJdOI/oKt2y8PZftmPilFPT/LKvhdfq6zs67LBXpVJly+Va8qp655xWvhO8/j2a63tc9TpL7sfD9TaDFWh4+hSqPOtJ6erT1aSsMtUxvNU0nHxzv3YX8LMbrar4eGVu/G3jdvhi5rCBya+T8lJd9Clddbbt3sHRtU7Pd82Nqvw9b3fTghLk6HIKerkqqaHKFdr3o6V0/uEfW233vJ+qf6Y/wCD3x5u1sOU6hc2tfKPMyyf5j2aLbvbrGfrNvuu5v6uoJVtQn81qOTq7Z22bLPhaK9Iav8AChanDMnKLeoqp5D5Ctr2SnZxeIj+burV1bCEGry5/KqdbVf3Hdv2/wAX3z9XCl8p09O5PzxD/ouvE4MejJzP9ne/o71zFK5f2uOp0WUQA+p3ytcnV/U/LERc7OOcZxL172ahT1m33Wo1T9928L3/AH34+GSUHWAFDrTJcj8lquWG+pIvq7OMrH6Ij/2w9wjrTsk9RpLDi4gdQgpqyn5KlSIWdwQov8z2Zu6/1enqukM/WbfdX2qaTq3Pqfe2OoGIhqiBBTP0P2crXZPJF/meHDOG+kP2QL5vWlb85dRCLSUnls6nPr1mypM+XzOglBEZoUVXcE6RrLnjlq1CxE05HLo3l47PnT9j/XoMotV+Href5vt78r9+OPUrouxjN8OM1XbzqqWvZPrqKbrq5/16PYKus2+6tKTVOffx/m3hxQPH8YqHVnSqMoJDqliGydvv1ih1tV8PDO/fhfws2eqdUzRTx66/e0NQcbcflA8NxRGChwyX+L2FXiIXxdUf1cYLNN0592khRUf+dPtjyXutqzsVDryO7ny379l3lriqOHhdjagOIFDwkSPsJRxi3iCpMq70lm5/KRdP5050w9Dv7feI3dXV9iov44eGG/8Af8v0lJXa6rur8Yid/WzHpt+C8xHxhEcYQuoJn805vXchI84pzzif9Gg+2Y4PV9u11rzrz+u+z9fap/8A4Y1H11uyap/7pa4V8ToKHElwK4fiDBwoYNkPHVjEbkiw8PCcuOeqWGcXrK/4NhHh0Bw9EEZYH5WCZUsT0OEUyI5foP8Ap7qqIidYz3bIvfHHLK0WmJvGlM5xD8v/ANYvSCdLT0dWxtxvnMWmLR6sTebx62zZbbaPIaOiuDgAAAAAAAAAAAAAAAAAAAAAAAAAAAAAAAAAAAAAAAAAAAAAAAAAAAAAAAAAAAAAAAAAAAAAAAAAAAAAAAAAAAAAAAAAAAAAAAAAAAAAAAAC/Qy60zI6J1OB/N8o5b9ltl0wVet6PtlFpaPtmJvhNptMTjHtje3ihWgJ8ht0l50Ut9p3677BsvR6r7bQ2wx38+tnsvh+c9bW1LXXnn9P3752NVXWgUIXj8xyXwlrnp1d11oxtXSdirf5yjzwdvpKvttDOOO62PfljN9i2RSnM6dIuJPVjNES4paTnIiLZ8DEeJ8Y/daapqsZjCbTbCMMNsTtiPG7+QcuqKywuvXfbs8dewEX0ipb0W+Z8/rh7PbZKD4u+W5PfLbOzR1H7hI7Zx/SxlJSeWzqc+vWYvT0/wAtr37LT229QUlXljv2c8Ot0rJ+RIF2oKf9G0y9fZPT2bB7UmXL5UerpM8N23lj1vhk6H8x2F/1iE5V1X4et6/oaD/349Vvv23T2GJCrXSnp/kdGr3X+qw9esSFepePPjtM5ylt3t1ab7BHWCwrnU6DlFZkq36pdukxn9bVfV+fU+9sajVNJ1bl1Hu7Vrg9jcYpeFShP5rLl2/q9piLqmj7b8bd/hl3eK01tV0NFQ57Z7/5yx4Zt04AoMhs6Vv+lW15asnZ7vhrHRqP7lnh4fDz3y5fWffcsfH4+W6G8uKt8T8cVf5VW9FnsKfvnaY3lJV5Y79nPDrdLL1dJ9+8sd+/Zfwtwl244Oa7iKCGHhPW1Sq2dduyPr0iLV58/mfpj+mOzvdwocp+YGtRWPqP6FZKfdd7RQ1m33X6ApfxdbkXoMcSiuOad4T1VKV6JbzVk5nO89+24UPa/v1vDDlfwtmmNS+HBjjZ8VSOA1DgoJVBsboXhvrq3IX9Qf8Ahbq9YVdX9xz8OHPn35sZ6Q1fYreXfG3q7iOxx+35NKruFaJWx5QQov6ueNP/AHinpPOWEbxSsEmSAFyiupU6fkqVIWT+RIednE+jf2e2eu3UKes2+60Gqdnu+bdKB6u60OT1Cd25pKfMnpZxZz+oId/2inGPXsM690Sl/F1uSNB0OKKem5vTpFWSVzxXql9Y/Zvo7+sxfN667pdpFOvqSk8tnUZdeq6HYpIcTMbaloDT1pW7LjcD5D9sP3h/iHPAtfWJC0q8+fzJQjhcVA2qqwoSck5w/wBIyl9nrfV2HeKOq/D1vWlJly+VCOXC83cJKqmuyghRIvu77bJ6xQ1efP5mopMuXysDXVd1qrfV/wDUkXhv1aRl6vPn8zUUmXL5WgvD8jHNbg640W+r1pVESHJ9SQr5uxs/2j/eb7O9DrteiUrVNJ9+9vjxxy9sb8GN/qbV/wDI93nx3923m5a/g58UmK/H9j4JPjAcKqw4soHZ69zG+usJuOMiI3/VeXzeiLxsFp6Q9h7Dsz253xvnhna1+F3L/wCn1JXVtdsjL+PGZw9r07YucUkP4uWFUog6tpUqTm/kXpZx5/nIu+d59owf+Dx8L/xfjfjs/RlX99vq/rbG/vnZv3P88v8ADCY5fx2/hGeFA/ta6kcIahSNqLFFDOFhYPk8x4mWVNi6oMKR2nRnhMLvTUeGRSMqUjIjwTIz/Qvo7RxR6k/09HGJveb4Y6czo6MxFovE6PqzxvPC34t/qDrWa70q13pROH/qToxMYxE6P+6LxfGNLStMey8YS5fi7Y0AAAAAAAAAAAAAAAAAAAAAAAAAAAAAAAAAAAAAAAAAAAAAAAAAAAAAAAAAAAAAAAAAAAAAAAAAAAAAAAAAAAAAAAAAAAAAAAAAAAAAAAAAAG1EBRCqpWNKvRU5pDScgOd8ry7Lb+o9ok0lXFFlvmMrZYWndbrhx30t1TRxXWmMcJ4zeMJvtz3e1fVz2mXVmsIEh2WrZSlaUisI569YVetu27MNn04bfbhayqpKOtooiYm8zha1sPbfbj9ESRHy6Rkn0/dd16bbNIpm71Tt97yRy1FxCxVZtt06J2dtms52j7VefP5mprI7ZETGN+pz354bo3JRNbXUiZRO4zLvPq0Su129fwjG098MbNH6szE5xMxOGjsn6wtQ8ppT6Oz2iQL9QHx9lnr9l/ZskLKky5fKp6zb7rMqDT2+wWyhq8ufyqvj/o9k9+3edwkIvY+H6lTT06ffT9/st0EUWrz5/Mdj4fqWFcuT8SqPv9stO9oq6vLn8q+pKTy2dTn16zA3VcoXU2T0/wBLn29pnov2dgoY++zfd+rrx+OypPuPHLv/AJ4XtblvjizhVvhWHErf9K+nFZPLHbaff1jqGqKTsVBjs3ZY2yxy5+1xH0i1tW1tdhFscN9t19+zyjKaSnipOhWqk6dR52u6759vb26TFXV1eeO7Zyw63QtKPVPbfK9/2y62pQgDGanQravWKqqV28i30FqKWmwWlJ6Q+WF+79vFKq/R7zwt3ft4vQRwLI/yrQ5HUVR0dEiFnqKIj/z/APE9V1g2Xa56nSdG/plV9hrvs/jt4/SeE8MHpYQsbg1Q2w83yrjGzuFdsamm0+kV0p9WwUPbOP6X6CpKvLHfs54dbpaRvkKvC6MFTPely5lDIpTsus0z139egUNXSeezqMuvVX3a56nSaM/hV4AcKfgQ4xogb051rFO+QfjgY1n9XM+X828Yn+y0QT9wodcf4EIvpDSfcd3j1tx27drzO4pMcTghiprUKHDkqPz+uofSOj29egYPtf37PDLLqO/yYOr1T59W8PDi6RYso/Tur95ura8rIfPUU8ktxZA9WzT1jUds4/pVdH9yzw3bPhu475dQMVdPXm0nD6I7c4ch/wBAW2aZ+GghHdE1Ts93zbkQOh49yVqHhOkSqi8xWo5urS4s/wCzvjB9+uw5inbSl/F1ubpQrT5DbSb051XJK4+W17KptxZv9Is3c5vvMR1oxeMnxPXawpUVpLUcnefZKNx2+yfuFDV5c/lX1JSeWzqc+vWa5075T0Dklq9TS6C+tXX/AEBp1b3ihqvw9b19SUnHdjfv3d/gv1BT/IpV9/6DrcrvtF1aRV1m33V44j/hZYjcIchWF4frCthVK8sOBV3+uMgRLm4/7Cgvf572Wno9SeV8Pr59zjv9Tau1d9n49+WOM5dXZl+CMxSYv3ymxoRA7w/FiV/acakYwe+RRDD5OLHGD4cKGrYiKdvSmIYinGEFB6Qfh70X+n223DrY7X8IvHfC/BY4PmNnGuvp0qtixZ4uneL0BLCmbmcOMMoch8iK0zOKTh0iIrekoxtJSdt15qPV/lha3W7g7HrarjUuo9eaw1hs2znFvhbu7rw/yt4iiR1iJ+eohdFmGreXxydX11V4eCRYat0fqTCUPGGcp4M6SlpqbCOUy8o6Q8EzI8GX6UjRwm84ze+6+lnbhFsMcn4aqquaur0q3b/qW0pvhjeZvEbrzNuGOLHB7IoAAAAAAAAAAAAAAAAAAAAAAAAAAAAAAAAAAAAAAAAAAAAAAAAAAAAAAAAAAAAAAAAAAAAAAAAAAAAAAAAAAAAAAAAAAAAAAAAAAAAAAAAAAJQxeutPxTmzlTHgkpKuynYeFg3nO6f5Vtmm6Y8RFr44z9IjyY70rpb+pXzGOjFtK1rzjOljhnMTaMtkWiM5Cp0PH9+rxn7J6RAZbtc9TpLY+UCehRzT2ylb2GZW7dtgddc0qjqr12+O7fv68JvFzqn4mms+7fX3bJDeUv4utzKIcp69v7tVmqw7JCH2X83XJQ62pOPjnfuwv4WXSnoPltW/baW23rH0RaX8XW448uO0TlKezezXovtB9F0oC4i2z1e2/t2zH2pM+XzK9fqD5f46Nd0t7tuiVtXnz+ZVWUFNt7bvbZ2yPTISHxK9aq29/v0X9gh1dXw34W7t/d4vn2X83XJhrsu+W8bdp7evRK0Zerq+G/C3dv7vFqKSk47sb9+7v8FXi/oKCnipK4KD5K084HqMiOfuOwStUf52j3/F51vMxq+17ROGlG+0xNp74ie5srT4zVFAjVJ06f8AzhZv2+vZfVfpD54X7v28WCpPR7KdYdbptHw7kDur4oXUypTLT9+uycxl/v3XruoUlJQ3634ezu8M2UwrEaig5PWOrx79mrUIvaa/qNH6rPsdDvjl+zvn+DKjl4dXhImUKFdaaUPIdy8SPrmOtejtX22hn49b+9mNUz2LXnw8N3d48Hp2jHhbRg1NqV4cFKRUwtKLJ5ss8lNLczynl/8AZi6/2SEqrz5/M7d9rdiv33t39/PuwQPAH4ULFfEjwl5vhN+qfN/Iedf/AIYFVV1fbf47rRbrzi0npZQ8MfrafDd8E8Y9nWCOEZwV8fELt1USNmMHEFjgb1yJbf8AMGJYlLtmV89ooaur7dhaJiYiMs4z27PbFrXbvtfbaDGItOE32xN5tn3c9zwBoXVQhyWocOS8hZ9O319XuIcxrP8AOj2z5sx/2PX/AIOgnBzjhPlhrrFbVVO+p72zF7SVflt6jLr1VXWbfdd1uDYuJ1WNfKEnK12UUKL/ANpHV86bbOu0yFsv/R/Lun4S6qQA1N9A2qqwnrUub13Ic1cos+QOkb/+9O35gx9m0IdV+Hre6LS/i63JuQyoEatOoUc6Tygb1lzK2Ub7s2bb5T/eXqFWtKPZ7yOXWfEqqwnVqldR+mobHE/tF+yE/CR7BQ1eXP5WgYHQQdxCzJ6hwrVUuJah9IkfUfqsFD2X83XJeUlXw3YW7t/d4rWhdWanbXRwUKFbW1tOWK6tWobr/nF4xhskItXlz+VMeeL8IiuTxHFUZxQ4VRK1Q8bPXkR5CN2cWfL+bZZu/wC0WsX2qdnu+bg3pv8A9Q74+Gk2N/BJ8KhPA7PjGb8ZDOkdIydo4d29DDDMhyVmaz5fzkyB150xDEf4wrPedD6RVcc7bsfpj9M8W7/plSdtoe3/AAw/by2ue34eP8KDDePOHUXBRxRvbQ8M1FFCF+xvPMMUlA6QsbtC2DgkyQLDz7hGdLENGUTYdLF8bKcOh4qlWUMK0dDhU9KkU0dHqPQf0erqSft6vt60xaIvERfCZvfO8XmYvGExOEWvlv6r+m1FXUUej2r5mYjSvpzabxo4zERMWiJyjG8zo/7rzMS8sA6M/PwAAAAAAAAAAAAAAAAAAAAAAAAAAAAAAAAAAAAAAAAAAAAAAAAAAAAAAAAAAAAAAAAAAAAAAAAAAAAAAAAAAAAAAAAAAAAAAAAAAAAAAAAAAACrRr1COnoFFBSGWEnwp4JWkWD+UZmW2cy6rJaR6xhEXnKMf428PY8VFPo1ehpRNpwtfK1sYthj570vscbp6ai5SRkqssuu1TK2zZ16DHxYXW3o9a06vvHDwmylfHyg4lVyic7JEU5mZylIpTn1bBHiJmbRjMvGqdU5Yb7Y577T8L+2d6OjpuPSGoUTsORWX22WaZnb1nYYk2xtxs2XZZibx3TacvhkujKoNHT8Qd5995l3ay9w9KvPn8yNWUs6UzMzjvvuiNndfwZ7ybeQ+LFLVT0x0C0quo80Pqv1HbqmW3tH3mbRM7out4i9DEb4iOeC50C6dN5xtK/Tqu8bJ6h5fBlKG7tL1kJFJV5Y79nPDrdLO1efP5lTx/Eerr03bJ+3quHxWtdT3Vjq3s7JS1jO1dX57epz69ZYUez3mGrj46mq/Vd4X6fDYKloMl+RUGQ0kz75de/aJk0szN507zPW56/5vt8M/wB+pWt8fFHEqkzeem8its1ez4CLSUmW7DZ1GXXqrSkpMt2GzqMuvVRlROjgnpuOTrVJHrnhGfUc8I8H/wBEXt4mLxl7JX3ZYmMNGLb4mb/v4pihZ0rtElp6egmqIzKZEZTKy0tMj7NWkUdZFrxe9pmL77Rmi9knqNL6vRf+CvoG9dTcorZKpchqWjfTp2jrPonSfcd/WeGPd3bmCo//AN1d8/CWbfhU8QvDx4S8SsdBimbMCKuDBhIMLBhWDMWjxgUju4O0P0eHR4b9jkhykKC6PBis8Gk8rBpeLOBqGkwKOkocOjw8EjOVrb0erq7/AAPDbO/HOc7ZxvjJ0al1reu/5hOXtttziLTMTa9r8cbw4hwdiPx0YlsYSVoeYPjeDX5KvyfkVaxvrVlLtmVs9vbr5fV6p15RV2y2ydnhPDH91/FXqOtoe72ZbOVr8Hq8xAxjjAQ4h818YCd2a36LGN3h+pTJqixuZ4jYIlzif+7TZbrtMaik1Tn38P4v48Eqkq57D/O7fxz/AJlwf4SnBQiCFXKKIwg9nVqoXSc4VL+rmfT7fZIZf0h9Hv8A2/Dxy+lurqvVOtooo4ddftaUN4nHVwQvCWrzSVtcTfyL6u0bZ72jMrx304L0cJ0NC1p25QkSpeZv9E5YLo3dZ0p+cX+JbNIsFv6P5d0/CXf+AF1eg9rq98Qrs4GNFJiytrLT86YK/wC7VosHRey/m65M7ipCbqwqk7OoaXRK7IXg0KL63cej+cmjq1dwp1o0jdceGY6x1h9wcFbo6JELxUUS1dKLIMZ4c6SG/wARf4h7rRFq6Tz2dTn16yh+1uxX7727+/n3YKqHMZrxUs31DerVOnpBciyGXR14yBDUSHD+cNmc2n8X0Ynd1ihq6TPDdt5Y9b4X2qdbRW9Y3+Hsn2bGB4xseCmHGdLlBQjyo7Ls3kK0shdHOf4azef4ilb00l4CL2Seo0lrrbW00U8euv3vLiPwk6BnXZejBPVFTW7f5OUS1CxZJh2MPm3jEYIikUyzLimIoig/GDGNmf2bX4u8WwvqP7lnhu2fDdx3y4jras7b8L9/hl3eDzv494+jiD6AoFh+P4qbGFawtTY+Qu0Pb61NHR7Aw4ZLyZyKJoZnD/yR4X5JUhYGFhWFIX2qKOZ/5hjecI4Y77xnMW2KCr1rXUlFGrpmYi98JxtGzPblOMROUzZo/SUp4R2d/hq6rSF8y79AAAAAAAAAAAAAAAAAAAAAAAAAAAAAAAAAAAAAAAAAAAAAAAAAAAAAAAAAAAAAAAAAAAAAAAAAAAAAAAAAAAAAAAAAAAAAAAAAAAAAAAAAAAAAAAAAPvQqDOhq8rzPt+J9ZXAL7+YRpVH9u7L9+u28R0X/AL/3V+Qrjp6FNvrv9RlPZMR5i0zE7JtyUNZR54ePdt62wLqdRxMrq3L3blYJCVSZcvlZQiq/EJfNJzt17Z+2Y9aSk54bOpz69ZQ1f4b8fNfqCn+W49Oo+Hb4yn4XqTPl8yhq8+v/ACVNNcfUXrEopM+XzLEvp9m+q/s8DPSKGry5/KtKTLl8qqY2qvU1YUauo7vZo1dYlUv4utzxV1fYvHbG7xiWZPiGTbyee09u3SUvUL6r/wAHn8EbVNX9+9nhwxz9kbsEDuqD5H3fDfUKGl/F1ubykq+G7C3dv7vFi/H8RTKi17+zewWi0ZRDj4nQ0yWsp+TW3ztt8d9pCsq6SZmZvMzN7zf9u/wHWjg58OH8RDOlb8X7PVXRXzcuelqHT+ztnv1bR0XVPpD2LrL6Xtun685q9U13bvtDbls4RffnnOfsdLMUn4TuKIOcmt4iiF3aPGH9Cgt76WQ7+8cPfab36Rsv+IfuHjn+r9lXqqrru3eHW7LZ3tjGrhQsGNtGqeGd4SVVXzgxrXpCU4dzj0HccMxT++kc/ZqwRe19tx+sRlPXwwWf2t9+78sOVv3vsybBQrWHV+yu4cqVfTv4jiCJdHZ4FLROhqvw9b291TV8PDO/fhfwsm58xZM74jVOCdnrSVWgZ3BcjWoclNDiz2fZ7V6hQ1efP5m8q9U9toOXU/vHOziPwk+CS4YlsajpFEP/ADDix8PIZIkOSsnPB/OJgze32DG1eqfv3ln4ePHNF/wePhf+L8b8dm2nBlrFAsa8ot/na42/+qsnPER/N7rv7PAQ0r0e/wA6e/4w9E2IGnUU8HpaunrSpYhZm9d/VLc8W/OKHvszZ16gda/7Hr/wS1FNOTVDapO4JkiVLUcoLq6xvs3E8v8AR3+KTikvmdLT3x0qrq/uGXjn5fzhi5BxVHEQUEbQa31dW6Yr4sgfN9cjRPmdWToPiP6gzhL5swt6o+zvxeXh/wBl1vc5q6uO3fxv38c/5hYUMfw/A9azwb4eSuiRjZ8X7GyLchNTT0j6SFm7nNL5lwtnF+L6MdhfrueYkWrz5/MUmtq6ix68esoaH8JrHFEFPjOSwvEChXWoh6Hrq7kFqdjZ4cf4ahuItHRmKYL06OksXBSUnls6nPr1kWs1t9+z8eue3vUqigh+nxVxmoiCH2l0fmiOIPxoIYYZWNiaso4t+jUN4xGDYcFxTD0OfjBjIvn9/lE6BmQ+KU8qnCNp1NLjD4xQ4YSklLGzeRhYKosMsnSwjosEzOeCRmZTIrZ+TPyTIhptU39WcIt62l/dbG9owvutjbZe+1g9cW7fju8/DC+69uDXoWSrAAAAAAAAAAAAAAAAAAAAAAAAAAAAAAAAAAAAAAAAAAAAAAAAAAAAAAAAAAAAAAAAAAAAAAAAAAAAAAAAAAAAAAAAAAAAAAAAAAAAAAAAAAAAAAAAAH2Q/nS7f+yCNVf7I9v0ZlQUCfJs1GjXvLUV4jqr/v8A3lhoKbiOUdkpXaPvvvBbLp/Q/wDO9oI6/UFY/SNz+6eqyYKdlDSt+SlfaV23q2necrB60mfL5mf1rjNt9/JV09Px85+a6ZaPj9xXyEXtX5euaOoyoOPpuT6j3t79XeIaV2q2eH/2pSY6BOiovOKqmOe20+u2+ZXWnLWc9VSUnLDZ1GXXqsxV1czO2Zm+28zPnh16qlipc30CNURWpvp0rTM/Xb4GfYSrq/Pb1GXXqpPo9SThnfDZytfjv7mtDq68fTaLrN9XeXUKukpPLZ1OfXrOoUlJx3Y3793f4LFQ3l1n6hKWi+0BJzrSdP19eq2yfsu2ER1+hx0OgWVcykkOddRyORkVky0HK47bJyOQjodV+Dv822jXGLhyVvTqFbWlSLmiIEK5avyW7ZHLtPeWohedq/L1zZfsn5uuSWsXOPZ4aX5U4N9UyC0rsnvk+anYynfP5oQzbO4r7Ji0pNbV3Lw2Y+3PZvRavVMxbOL2mNmGMXjdeYmOMxOTr5weuEYodaKsN7gky8sXZPY0S1c+urS3M+jOL9Wc9C/fv/Yjp3adr7ZQcvOd/df6JNJV9i2b4y7+Xda1s3V7Flj+bqdYqb44T5BdGm1dXcu5p9I82obh3N2If1p6PTzOjTp+ebVukVdXSZ4btvLHrfDqOqvSz/3DnP0iOtiZIqxfwfj3g90Z8vpHRKrY5LnpEhypzx9nX/8Aem2coL/a4UNXlz+VsvuNZQ7Mu+/nHw9rUGAMTrhBzkqh+KG+qqoefMnrkVeYpZYu6PfPe7w16BQ1X4et5qmk4+OVu7G3jd2GxO0/EUKVOvZ1dVV+YrVrG+tTto6vssZyPMbwFW6UlrGpQKF0ExkahnkaxjeW9DXea4ss+oP2ZK//ABL2iO+VZ/gx7J83nixqOsYJ48YW9wiBpSuitdm/HFd51dnE4c/lIiJgzelZnpCxYu4Ol+0v8mss9xoHE6ur7FW7+rcNnDehLhC4zW98jZ0Tt7OkfirzRkNahQk6m4s8RsES8/l+y3SHF3o6hXpPbOP6Wh8AMccYzcZypOoTu1VVrniIHxc9Icqwm3fjGYDxbm/7YpzpiHuzuMV5R7PebaYzUKjNt+Z6wkSHD0VM0Hrnpauyq0t34xmCJYk+cOddsU5rf4/zavPPe2OvqvPn8zy449nWnfMasYL6f+fhOZlr/JwcHAkXfhHvYNfRzPZIt3e2dK12Cqr+thu8Zj9kRiSjAAAAAAAAAAAAAAAAAAAAAAAAAAAAAAAAAAAAAAAAAAAAAAAAAAAAAAAAAAAAAAAAAAAAAAAAAAAAAAAAAAAAAAAAAAAAAAAAAAAAAAAAAAAAAAAAAD7oqUyprevXuc5WzIBniGg5GSflV8yLRfPWVktBa5bBHUNXv9vs/wBrFl1Bd/fpfCU+/vM9A8xNr8YmOa0pM+XzLpQU6inpqwoL2dtvhvLwi1X4et6/cT21vbO7R276gVa6IaBPoOW/Z67dWgR1XVfh63rp/Sb/APJFehro1fIU1YUXd99umwyl3C41Ts93zVtXnz+ZVLojT6CNKewylv8ADWNBeIzmzzSUczlEzls6nPr1kcuroop6Grko9ZeO/jZn2xo6TLDx54x1tlgdPQe+zfsIz6j0GJDUKcBUUFP8jo1e+71Wnq1gKtRTGhV8SnuSGZTtOZlLtOU7z0j4Wm198vhabX3ylBsc6BywmzBVU5o8JEiPBwleERuh4LTgmZYWCeCcjwTwTswiO4ykZEPup5iYmYmJi02m++M47k2wPFShjR5vw/W8lxCvyfqyiz/1BEWwrO28WlJV8N2Fu7f3eKNWbfdbGYso4TQrTK1ChOryXkNnb0K1lXPuVsjw59f6M5i/+sGDY0+wN/zIEukq+xfzOWPDGZ64xquk7b1vx2W+my1m6WLLhYRw1PDC4PChG1tbS+dKnplQ5VaXFn+beb+bx64WiHeQ8UlX5bepz69Z47JPUaTqVwbOFQztLw1w/C8QJEsGq0LxkN6Rc65us8OdJIiKHc5vtT0hiL56S+bUJfPzp6H+b7e/K/fjj1LUeifpD2KuvjHs87Tl44b4dXs3G614cGeq8hNv5F803GXSSHc3YhssPOLtzlhEUNXSZ4btvLHrfDt2qavtt8/Hfuz6mzM4Op+IrShvnVVZk311Eh/zBcer7Olnjs6xl2ypM+XzNn0MYt/Em4KOa1VeeOWoYqyU05Ynqiazq0eBCO9nlD4W0fvGLnHM/N/JGFKkjh4iBDE61Cx5Wh38XObWbr9EUPfxDEZZnXx9ANvVedq/L1zcG9Iv86fZP/4oRdYxyVBKV4iB4hN0zeyPD7GtqOdWUWcujfR2If1pguFohzwt0Ytf8oX2ACq/D1vRKX8XW44FsVJ44irJ8UuCtha1cK4yHB8yKu+cTOcfYtYkiJgh2y0s1oesFDV58/mX1N/n8/lhEuOnGaohyD4ycIXURw6OmXIwb4qidch5pcWc38okMs4bc5s9OjtmjNrqCkz5fMVdX57eoy69V56HpeqdHNxcF9MalWsW4S1ZhFZ5R4RmRnPScsMsGZXERGNkxq1AAAAAAAAAAAAAAAAAAAAAAAAAAAAAAAAAAAAAAAAAAAAAAAAAAAAAAAAAAAAAAAAAAAAAAAAAAAAAAAAAAAAAAAAAAAAAAAAAAAAAAAAAAAAAAAAAAAAkOHKYyouPOnMjI7S1GWgis7tMu4zGtomJmNuPktcRfI0SQitn699NvaItJny+ZZaqm0aUz+byUiGnUHZx80vWd/rvvOd2q4ez2q6WLccf7vW78vHwX4qfj6HvluV237wROyR1GiujT/eN/ZLw7RHVdXnz+ZkQr1SxNc+cRTXS0+26yd3sFg0FJqny6t4eHFi658UU9NWDut+/4eFhiRmtKWktnOWc37/38MVLx6inpqxd9+8ju7xITFUhaq7WrbrS6yt2+JSnpkdsd61dXb247epz69ZVU7Hv2b6pdtvr2uep0kXtX5euaqNjUHTTTp1d1qJHbO3SfqMz7Q7XO/x0krtc9TpLXQMbhT8nq/bv7Z+A9kpvRiQ4OrjFlOxIIhM2JKsQO69A9YXNjUTtgkWDglEWFqwcHBIiuIiIsEiIpELzVWqorr7ut+6N83wjZZjda62m33Cb5Z43t7bRHdnGDdpPwUG+nhvI8PuCTnddnA+ImX0s3M/2dL9b++/OXRcNRV6p8+r+PjwZekq6/rrbH1xlF+Nvg2RxB1DlhSprSVWhzgqVRyU0mz5A6OdIbYQnmtO33irq9U+fVvDw4tRqmr4eGd+/C/hZVZuKEMNtcUKFCRhJoJncGNbUcq5QeIclEkOHEUPF9lo00/xd1iNV0nYvHZO/xmT/AL/3V+xZR+8QrTMMQwvVGp+iyK3hvzL/AKxzczZ+z38QnGEy+f3S60RP8Lr/AG9eHw9nom4JWPdPFSxUz5YSNeV3xnb0LLlwjycz5Azlh1/iPOb93oig/wDhr8XYVX4et7ononrbPHx/Z02Y8n5eVN6iqJVStdlDkXNWUWffZOd0xg36CpM+XzJuoEKhRQuidQnV5UdkGb+WiQ5Vyd3HKJtPQ4Hs8yf4TSFTXYyH6KM4FdVh7z5lLLuSXGMMYzBi15ghyHomIui340oezwzx+33S4rBcOHelf+fPtj5oaM4nWpO+QpjaUvChpzXacXLxGEVPTKuyU7Q7/K7DRdHdvSHF2Uu4V6AylBTOGILGsph5SwRs0NWL6OYvJkZ1y5ja8YDXB8SMPoLCzkwcKEjKM/xhQ7GJ554OFAUfZtWYwoEM5HHjGYi8Rec5vaOM2iZtHCJndEvt2uep0mhPCii5Q3Mz2uQJmtjRxZC9QSIWKLHtya3HAwT8vDiDy8MjwKPPLAiDCwjhLDI8CjIjw8P8nBwhKpKTLdhs6jLr1Srq89+O3qc+vWclhfKEAAAAAAAAAAAAAAAAAAAAAAAAAAAAAAAAAAAAAAAAAAAAAAAAAAAAAAAAAAAAAAAAAAAAAAAAAAAAAAAAAAAAAAAAAAAAAAAAAAAAAAAAAAAAAAAAAAABkrWuPiaudUvuO/1909Voi1efP5lXV0t8Y0r5437/AAz8MMh7p8KmNLQ09h4JlbtMzlZZKduvvCkz5fMaqiJjS3XmMe63wUiKgOnosKfmxTmR3zK059peo9JiUmTe83zvj7VU36e32iOjsyQ0HEXbZevt3LWI7O1efP5lW6U80imnvmZERWFednjPTaPEzaJndF0ajj1tKdHfMRzmESrVHHGXWe5S7JiZoRj7I6827VNChp1ByuK3fRMfVHXSgq6GnPZ6y29eywR0P/N6/wB3Xj8arj5fSKrb4abrDs9oPounJ+O5OoSFW7zr1vh23a57B69knqNJIXNqoHDzdOoSKldhly73at7g7JPUaQ2DgCnhencmA4gcGlLnCuyfy1d6NL+v+/b4X39J2Ht2Nu/x8M7/AAsh1fbsN+PU9/V2wURxjC7VTMKdwxgQ9kvXXr2fpL9n9fzdl69AvKur7F4znF8o5x4edDqmjrsO7Z7Z/jfxllMO8ISAEDw1KUEfuyRIlQzwVxkbUTe7kZkZldPouRlsMpXzHn7Xod/hCzpPR6u65x4Y4234p3hXhGM7qzvze4OGVYXdoqZ3BciW86urlz/6f6TT6/UFJV+W3qMuvVeav0e7vK8Yc53eEqWP4xxPvkNRQnb1CtU/NK7J8KMyIuaW6D8vnp/emIbzu6xV1etqHns3e34T1CL9k11Fb6/DHu8WtPKIjjZUocG9WkSpPQdR5qdjP5t7y7xQ9r7d3ccrber5dy07H2LHK2y97Ww/fKbuoHBJjFxQ0OdDO3zfo3XQe4PiL6pywXSTL+cO2Kd9IuESkq+xV0/TDzjZ9M3oSxHR/n+8VhQnaWt0RrsnrmVav9HZuP8A0imWzN7R2mQxNXSeezqMuvVfoP0U1tNbQ3nZz7vDG+eeMWbfRVFTgxwrlBRW1SqovDghWokPO8OvH7vW9t0fZg9oitlU/wCBy+aXmT/CPxUop8YTWUPt8WqmFIxs7gx13Lzq7ZHiN/iXOH5zfOaFoKiqHoi/F9GMvtL+LvGTpFw4l6Qf53fHk03xcxGohxtSp4fUOzCqjiKowh7mVjytlGD8wYlhuHWAvshmtGmcMOdDtUSxd1ivUHa46nRRzH8R8Q8Km+KIwVwGwq+j6F7WseVXbI8RsH7M2l0W6H5nfMEuiNn2+BOc2eEnFNEvWIW5Jg4bbQJGZlb8BCpwspYbjSGcSE/v+Dhy/IPjDwZHoORkZHIym0eelttuw3W8bIVV5+zZvaaizRAAAAAAAAAAAAAAAAAAAAAAAAAAAAAAAAAAAAAAAAAAAAAAAAAAAAAAAAAAAAAAAAAAAAAAAAAAAAAAAAAAAAAAAAAAAAAAAAAAAAAAAAAAAAAAAAAAAAH1Q/nuwvWQC/uvy9Cl7i2a5XeIj9c1XSfi6zWGhNRQGfkke8ylaJC0ZQ1fIU3+o+q+749ojquq/D1vZlQU/tK3ftMi6y0kI7L1X4et6lfJU9Dt2Fo1F77wTNU7Pd80YiwahUFx9OfyBWeM7OvxumPhFtt7cHmLbb24KqoqLaxZ1+2+ey2Uh6dr3T80fV6drnqdIoWtOdtYn8Ds9t3rmHa56nSSl0yGnp/N63p2798j9Ttc9TpCramWgoFZUyjCSqiIzkUzlPXK6euRT9Q80tXF8MMsL38r59XE3UOLM0LZE8TnQJVaRoQwe4ICM5k4FEZw2dhHdbhGZy04RneYvuyTbt95tuthheYnuvMZbZwxsq/tb8v6f3dDYAxSp6eFWvk7S1JeZ4g8xYv4iYNP2WiG4+zQZ7ukpJ7D/O7dwy/iWXq9bffvPLx8OGTYKg4K8HoYqdFKfJLY1pHydSekOn7Ofwtmt4lK8Svsii3eMJVJrau5bfb8bZx1LbSDuBpi/j9nSp2jFOkdEqtjeHBetW5ChVpJ4ssOcKbC9x2h9w/MtKSk15W7ZwnrfjuvtvvWt8/Atp4ipkrhD8UQnAb9UcoIYYZHx9aso/7Vl65nnL2jL1eqaHns9nwvlPUL6kpNecs/Ll4zzc++FvwO8aHBspmFPlCLIya3bLDcuy0h+bs82i6OxCXbYewY3WtJNF/0/wBnty/bG20//uPf59R//qwTgzY2ophSMCUqDVJZkZrlq1ER8zEZxH0eIjM4kMzwZ4viMiPP3ycOzBwiM6ylqrRo5TeIm0YzGM6Np3Tha26Y0tqLV0meG/Z7O/Pr1npX4FsRpyZ0qhPlZTW+cFz0tXZ1O2WLPtDDOjstLO64eNbfh93zbz0Iznu+Z0ixt07PQYt1SiKHBZCzWrvW8xNVsSMHad4q3UNbVf3Hdv2/xffP1ebvhX41HCMVkZQ/D6h3YVSzGozwe+V1fkqE4zzcgHOSI3/9mfm99i9MS/yk/PcxcOI1n32u47/je+6dznPB2MaKMXMVJYgeIfSP0UQ9jGeIPyKiXMWSYz5giWG4if5fO/OnNb/J/jiP7fQ1CWiQr+ut/chsDfMYzPT0MURgnUK3R+RruXInqFWJqyczxHb0ih6JrPHX1BMWmY3YYTExzjCfbGCwcusYkRFFMUuTnQEdXwsP8gthWHhH2yLTdpGgpItbj60qdhgAAAAAAAAAAAAAAAAAAAAAAAAAAAAAAAAAAAAAAAAAAAAAAAAAAAAAAAAAAAAAAAAAAAAAAAAAAAAAAAAAAAAAAAAAAAAAAAAAAAAAAAAAAAAAAAAAAAAD70P54us/WAvq6g5JWE6c5HZMynZPV32afVHi18ctqLS8M8PmWugoPadu/YZl1FpMSEpVIbaasHd23nt298p9sdWVU4aMcb/H9uSRqDT2+wU7LVX4et6lfKfkarV1lO/Zb494sM0zVOz3fNHNB8ts1y0at/VMSMmoyZk1NRUFDWLNfbPRZ3bLRDqvw9b2fq6vPHds5YdboX6o8R26Ltsu3sl2iGjnEJ7Kxo9erZ95EYJHbOP6SgoE+nku593YC+7XPU6SqqKegppKNPt37CunpHa56nSbQQrGML5tukP8kVcx/TfrEru/sG0pdbfcfPLrdwyY2rpK7t3PZO90ExER/i/Qo2tveKoqVLELO311auuZ9GbpHp+bkhstU6263/W/jwsq6vt2O7Drln9HXLFIuxfuryliBOoSJVcJ5HryL0tlFn6Syzd/w92kYtKur89vUZdeqtNU62oe3TnNp7/3t5t8KCP4fp6ZL+LdwSRQqr3L82EOVWluzjP0B0Z6Ia5aj7xQ1X4et7o1J6Q0PXPCdvjvTJCqGHsmpaCr6Mn1I0NzPDl12jbaMvVfh63ujap2e75sXx/YloXx4YmYoheKG9I6KnZj5jW1HnZueIc+b0tBaLT1zENK9IdU0NbQ9bp5z5PLBwoMQLPBzawxRCzOrSujTkeH0JMs+memIvCwhHq6TPDdt5Y9b4cb/wC/91v3wJo+T0DlBrM3xBEKphVocnoal/U8RsE4if4i/fTo7+L4uv8A4yBXr7VNX2K+Xhu3ZdTZ1ox742y/3usZVhwWNbp+Llny5UkL61ZRZ4jf/T8RRD03zZl0i/j6Jfxd7RXt5rbW3baHO305bPC8vPbjGdV8RxhjkcHhwrSp3fHiMEKJChgQ2k5P/SJgiLF79mYpzW6H/wD8eWWTKr8PW9zdoLHERt9BG0UZZzefelTw3oEVe5pzw/r+/NDNfOnofL4kPoNV8bMeqGVnTMzNNKqiFvacJ8WyM/5uCeFKR65e20x6UkX9f2T32h7VeXP5WoYs0UAAAAAAAAAAAAAAAAAAAAAAAAAAAAAAAAAAAAAAAAAAAAAAAAAAAAAAAAAAAAAAAAAAAAAAAAAAAAAAAAAAAAAAAAAAAAAAAAAAAAAAAAAAAAAAAAAAAAAVTZQ8eowMHaZnbsLvBHqZmP8AT9s4z1vZdToeRnV9GizXZPR8bdor1TSVf3/Lxz8/5xwYb/Tf872CwXy/UFBo9feWnrsP3EI6rqvw9b2UUFP8t5xyVJZZptlItsj3KQjqurxvb8qldvzPm8/Hf23bQNVZ78sd+bGEP5/tL/qkPtV58/mX1Xnz+ZIqenTnQ2W9W3rnf95HcKljar8PW9UCwfRbXTk5VjX2d1m2yV2oFhR7PeYtQOqj3Hp2e6Wkuq37dknqNJadl/N1yXWgfPOqwn9Rdfr3mPZF7JHUaKroVihdJQZ2pEJ1Ils+cDI5bCnYd1m2wSOx7o9n92ZOj6s2mcb20ojGY3xsiZ4RNuLYHFyuqOS3jKHKq9k9ctW2tP6yWnYd/ssFpS/i63KGrz0dmeee3PL4OqnB6z4jA3RnTxA7Wc31Jax5VacsfNv5vaukPfndYNRR/fc8d234b+O6WNq6T7/n4Z+f84YOvmJ2DoooEbXFDg4K0r+a54b0KJa+Prq7fZrN3OLOX7LRr0ijD/8A0gs/xKqf8Dl80t56PUkT/wAw7vb8b4555OkUDmooKHlDgRKla7KC4lq6xu+HVMpbRl6vPn8zvPo/l3T8JS1QOregYUqd4UJGtKkyxy0itnDnzi6/jtFSvaurobdY4dZZON/C+oIPe4WjKKE7erdINacjt/ImNiamlueMvxLEkOxBEUQ513xpm9/gIWDiPpDV/fusN8479/HFrniyxV5nUOfEHuCuF0sWQq8YwUL0y86u3oCGs4rP1X+cUH5nftLPGT/KSUiztXSeezqc+vWStU7Pd82xdPQOEcU2a7e8O2QYhXZPfGVkXMUKuzji3hyzIEOxDDMKdJj6Qw6U8xo6+12Lv9QhUrhqs+YslGKuG4yiiKGc2GAo3Q4yM6lyJD83YwiOAekRQ6XQjNnPSFs3f3+zai79SICFg+VXSdi27pz7uXfa183KzEtwco34UOPFzb4OQNTXDMJonlwZCWrX10wSg7L8SQ3DkQRDhEZmcLmflTjA8EiwSIjI8LyjLBPOqaTtt8tnw5bvGzlfjCdVDpG8UmRVVMUUPhIkU5k3TesOyRERzLTaemQsFWwIAAAAAAAAAAAAAAAAAAAAAAAAAAAAAAAAAAAAAAAAAAAAAAAAAAAAAAAAAAAAAAAAAAAAAAAAAAAAAAAAAAAAAAAAAAAAAAAAAAAAAAAAAAAAAAAAAAAAAAXuHS45xS0GjCM5dhl4TPX2DxfGY3W8UXWkxNFMbon4pF4j5Hx+Px16JiAxvavv17dWz39ZXR26oTRUxU5Tqys7C9hWaLy1eqTe8RG7GJ4Zz9WypavtczM4Ttn2YWniqGtOnpjlp1deqW+u4elXnz+ZGrKqYz0bZ7O7O/d4r8hoOI16PjOfbK4fFVVm33X6dPzPd6zAo9nvML4/5bw+Hw1aZCwaBmTUup+S7/DSeyzYYr2frKTPDrZ13wyigp7eU6O74b36SvUq6h46h4hRYe3229VnrkK+JtN4zjGH2pKvy29Tn16zDadDV7axO/tlPR99/fYL7tX5euam+mJU/wBGM7t9vXpOy4WCYubHTqEKxKnb1H07uKW/V6/NJM6UxM54+ERD1q8+fzNoIAp4XoEbCnUJ3ZUqVn0qJEu9I/q7/wDEO8rLLtlDujn+7L1efP5nXLgdMahCj83y6lV5Hb16Jb+zjBEsSQ79k/nT0es/i75+GNTqn8XveTLf51dux4/tlym+93gxLPiZ8Z6xWEiV1dpFXWVc+84s5Zynb+5faFXV8N+Fu7f3eLqPo9/gz3/CG5EAIa8j/RWtUhNwXWZVacjl36LuwVdXSZ4btvLHrfDo1JV8N2Fu7f3eLWnGnjNTwP8AZ/Klb6PxUVRYXWE4zZ8v6Dn0mOC7DL9frxHY30h1t58b/W3dZqVQRHB8RrUrjEFbni9jhn/FzFC1cxc3QfEbD0cgHGJEMTdL4ZhbOn9dLPmjoHrV58/mZftfbcfrEZT18MGHUGLkmOmfoXcIPyCldmNmxgLluQ7W54hzOXOJ/LNmFM0MZkLZrQ9/KD8xI+/4xJR5i2ggUNZt91fUez3ktZjxAhRtbBkfpREMKwe4Iongtdkpp6RsBQ30dsLNnotfmXq/GJi2LoRmDAle1DUH8IU6w/AGJ+F4Pg9viFLE+OOKsnocXy18yUTczw5KJMYnR6GeiGdJdHemPsEGky5fKi+kP3LZ1u8v3wbQcF7E6p4KHAtxjYwHCH4TaooV4q8cGNCOInhhC+5WN5hvOWJMwek3zmhbNbN2L88YLzE+114i1dXHbv437+Of8w3nonqnsWo41hM9ce+/teE6mpcOnpsKnpr6YzMzKdlpFMrDuMu0ahyV/AAAAAAAAAAAAAAAAAAAAAAAAAAAAAAAAAAAAAAAAAAAAAAAAAAAAAAAAAAAAAAAAAAAAAAAAAAAAAAAAAAAAAAAAAAAAAAAAAAAAAAAAAAAAAAAAAAAAAABdWQzoXdup9BKsDr/ACTwfVPYCPVaP3PTn8uj4aWj9JSr/Tf832Cvc/Wx8QnTpJ9Z9Rnqu+Fvb9qTPl8y31TWdjn24T3zljnn1kwRtU4SOnOhO8zmZ7T9vWPZp6qJrItsjDG+dr7I7/HNmFPTp+Jmn39/aenvjqFiy6sSsrdV7ddnbdcJC0pfxdbuuoUx0HEXa/VLwu1aJAmKqgp6v132b3dwI7MmOn4+/qPZf33WdZ9sfNnqyLTMT1jC6U/5m+tePb2erTIHikz5fMtfEJ+J37vZr2SBKYvkrj6b139vwn4GJC07V+XrmzJrZECemSqE6hXWp8hWItEtOw9paD6xZf8AL/zKyrrJiJi+F4mYttjLPLb8IbVYpIcT5Yq7e3q3Q0mR2/kR7e3eJSEqkpPv3ljv37beN+MKCrq/Pb1HX/i7NcHrKCGhdGdwg+rZJm3mtyHlXJzzOJdnzpzph7rKeobKkz5fMoaSr4bsLd2/u8XSLEQ6uBPEGs7On5LFiF4qK1ah6JxF+sT/ANGZFmscvcX4t74vZfzdcm79Hqv79u58rcMfbzdLKjx7PlGH3hI1qqk8VFa9FlXJ2bhHnFLZ83f3+/yiCG6P2v7jbwx5X8LZORvCoq9Owxkz40G92a2FXG7PEOdC3Fy+83cwdHX7GJ+rJz+x3TuAukv2D+YIj1m33XOaurzx3bOWHW6GBQBCrcgeINeIwrb815DzgQrYYy7FTsWLcmCGvxiZuxDnXnf0LhbphjBg7RAP6hiLV58/mRaSk8tnU59es/sfxHB8DtsUQPD8Huyo0kVZwQrjBxfQq+OvNEOQDm3Dr/nFDOe8Iavxgwd7xUtU1zp8aqeDm1hiB4iBWqa4h9OIUS7JWL23NrmCHcXuiKc6YelnjnzAkAx9+wc49Fe9e1z1OkmTgsYuY44V+PNh4VEURhD3NOMZnQQri+el3pHFvi4YIlhuHWDpNnvCETdKel/8NRdpsEOs+5ZYb9nx3cN8NR6PUn21XfaGzru292bfL8JzFTLid/B28J7ILe0sKN2xdFB6JChRFgzwcY0QQzDZlM5kVmkyMtJlYZCio4vXxG+YjnpOyekf3L0Um0zlNtuzy47X+ffTfzt9RDYvz6/QAAAAAAAAAAAAAAAAAAAAAAAAAAAAAAAAAAAAAAAAAAAAAAAAAAAAAAAAAAAAAAAAAAAAAAAAAAAAAAAAAAAAAAAAAAAAAAAAAAAAAAAAAAAAAAAAAAAAAAqENPV1ian0EejrMjv2+ACYqezlF2+rX7SutFew4dBx9D3T3O7fYAwN1QJ6DlEjt0Ft07Z6xIaSkq74RG7C3793itVfUcTV7d95eF4JXZJ6jSXWnUJqeh1mW/tu+IPipav8jWKvs8Z/Gc9m0RxS8np9njOf37Tt0CQkMoY50Cy/cu7bpleQjqmry5/KulPTl5td7/hvePn2X83XJV0mfX/ktdAfEI5d+9vf2SH0WSqoFyegpkuzVv1WT8QGZNXyFN5x9B8ytLRIt/dbcK9N0DuqbLCVRlBWqNJzeuWorjZ97BMpfxdblTV0nns6jLr1XSLEtjGiBDTJYfUQ/VWBW+c+ZFXPudji8RGWbUO/avO8opzWL+T8it6Sxd+4I1FL+Lrcoqur7Fs3Rl38+6975upUEY4k8HRIqyO8NLC6Q9CrxGDHXWP0jF8OP8N5usEOw9P505rQ9EenMHP7O4i/k3jcWiTSa2z7+P8ANvDi3mfMfyiDqE4gUQura892P6augWKYTcc42DOSHS6TQpBEIRNC3SD7aZiR/wD8Xf4wyzIIReyT1Gk1P/EVdvjn/wD8tacY0fvD5B7XA8QQu04r35WuZ298RRoT7ADtkeIukmX4diGJpQhE1vTD/wDUmcpj4vFXV1+PXVo+uEtfcZrq4QpQRk8RRC0JwbFGL1jzwiqGGaTU0m8Q50biKPvxewz0QKKThaHYdjDoX0Bx+QDDRH9iBnavPn8zx/m+3vyv3449S1edcbcQQOszHUuDtzSueIfY1sF81NLcz/aKH4izZ+c2ZZyjHF9GPTv5zdRipSu2V3Dl+yEoVQxRwy8ajnD8DxA7OqWIcsuEKosYL5HTrnm8Q50kPN2IYmzIOJopzp6YS6d6NA9u1x1OitaSjrq3j37b93Hg9aEDwcngCA0sLM6dW18hyh6cyrlHOPpJEUQdRxTo/ZraMZWf53dHk/S3o9qmhoqHrdHKfJxJ/wB0CYzDhzgiwdABFVlWNbHEzYRoa7PmbFywxHEcQnKUvnVEcOX2XFOZjzqmL1vCNG8+yZ0dH4zCr/qDWzGpNHV8Yf3Rac4wvN7bYwnDG9+EvGaNQ4iAAAAAAAAAAAAAAAAAAAAAAAAAAAAAAAAAAAAAAAAAAAAAAAAAAAAAAAAAAAAAAAAAAAAAAAAAAAAAAAAAAAAAAAAAAAAAAAAAAAAAAAAAAAAAAAAAAAAAAD80P87fUYCT2VaatvTYJ34OEeCcjuMjlpuu79d4+ExaZjczGtaW0xMfDnt+PfsXMRlcpaeglQ/6j23/AHl7bCM0YxE733pau0247+pz69ZgqyiwqWfk0BkaUjI9pWHI9J3bdgkxMxlNrtVEzGU2utnHU9CR0M5ER3SnfqH3ebRMTpXtF8rX5Zb+Hm+9Ov4/V2Wy39wPno02N4xtuv8AuqqCn31euUp7ldHey68dUViWsTOW8vV2SuBH8jj/AJVTqKzv9XddadtxC7Llw9n1+FgqfjzOck1bvldpv7/HQD1mLTO31Zz2Zv5xB8TplOctM97dWm6wE9dENOooKb6Jyvr33lfaUhBq8p7/AJWy2LlCnNtSqE6iqq/p3IfqfUXVsvLULSl/F1uZfW1Xw8M79+3ws2WxSRi4IYwygzp0irnyD29Cir2Smlxv12RNoO66Upi+pKv7/l45+f8AOOCqq6Sh7Dx/m+zr23h1BxV0EcUFOqUVhprTs9xhB5rUXNTU3Rjl/wDk7YJFFZ/PSFrrswb7MyJDUUmXL5VFNtl5wjOLY2x2zhE3iJ2xjaL2jaCgxnODq2tcDxA4RC1xkrQvFRy1kKFeh+LnObFvkDGJ+rUU3HjBjGC+gOYMTQjjE/ybl0Ei1m33V92uep0lJQY1E7rCqWgcFGMJVmQ+PDhCsMLVz61Oziz4uf1ih474qgvszBgErf5OIIOARXrSkq/Lb1GXXquVnCT4V6h1RG0N7iq8yi+DopQIshtTU3sxv9plmyUiigoXh2HSlBh5hTwikUCERwEWTqvwrTsk28raV9uO7DbjfGLRONtc4Hg6KMeD1V852mF4XVPrO35ZeoqyU7Q8zxHe/Q9D2qC/nhjBlohozn0IENaRSRExNom05TEWnhNpibTwmJ3TD128FfFk3wBiNYcW8oTdGFpyO4V2GF2dTS4vEOdXRCJdzFHVfh63uyeimqfuPln4bOfBtBQU9AhR5Pb06RrS/oTL9XM+rq16zLrFDV58/mdQpM+XzPJ9+H5xnoYvxiYpcV7aeEpVYtIGeIvfcHAmVRecYkQ4NJgYGFbLCwc24bosIyOcjwSwiLyiwRZ6owxnKcL7JmIvbum1/bF8Jcv/AKhVkRXxQ7dGY0vZa8xO3C1++7znC/c5AAAAAAAAAAAAAAAAAAAAAAAAAAAAAAAAAAAAAAAAAAAAAAAAAAAAAAAAAAAAAAAAAAAAAAAAAAAAAAAAAAAAAAAAAAAAAAAAAAAAAAAAAAAAAAAAAAAAAAB8/wCj3/5QC7ta4kSuZmZ0HlH5VlkvvnZ6rQyRqqkisi1rTE75nDb33x9l9iQ6Cn4+h6re6Xd1bnXsZV4er3+arpvzJ9ReoCl/F1uYE60HEU3yEzSq7tm87Dlr1CQ1NLN4mJzjCPZu7pyWKm/PH1l6xIS3wBIfagpznI79+rVud4Vh0p01KWEdyYjMj1lOV1h6AfCYmIid/WL8y4/5eXw3lfpltkcfJ4yXRBLjuU7nOz2iQh1X4et6pQ/nuwvWQFV+HrezNqQpzpuUKPoMu/bp7j9oUlJw3/vl1tlV1dXnju2csOt0Jaaoj4iqlWJpa9k9dMvXp0eGjTadq/L1zVdXScd+N+/d3+CY8Va9QhWKnhO4Zr1v6a9c6Xad7bdYtKPZ7yrrNvut3IHxuKGOCXRQoTq2vOxjNehZHrLvSKzo6/8A+Foe0/P7pdqF9SVflt6nPr1lD2T79fxw528b5pHT8IWIEMSNbw8RAkVOkPRxy56rxRU0uMHxGwRLDeXyzmhSdkLRDEUHz/UGzRMRe2dtw37d98b+WeCVS/iQ3j3x4FiyeFUPuCiHlSpJHDO4ZsEgyUUOfaTL8OxBDPzZn0ig/M4z0xaYq6uszx3bOWHW6F9SUc1sXtNscc92M4cY75jbMXi/g54lovxqxtk+nhdWqaoh6QLnrmGFYTgtn6N5xR9EUQxNFZZs/wAafrLqFet5tsi0cZvOeF5tGzDKN9oemLg2cDvFti5glqcG+qOlbQs7g+fjOhSBIqyidnP8O9FP5M5/qd/43IU9XV547tnLDrdDq/o/6J593XnHjudDnzmrk6dQr5IhZ2+pLV2Vjbmf7OFv7Rn3UKT7jxy7/wCeF7W5Q3jUxjQ/irgOKIwjhwyDC8JsbxEEUvS2/I90iItJz2dumuqonS0o0dGJnSmbRERMzMzpRERERjMzOERGMytKyr7DQzrHx+t5tfDG/t2PC/j8xjxBwg45xxY6oxwSTvuMtwd3FEgwrcFAz4Jlm9D2FK2UGQsUOkeojltGxpaTsVF3Ruz+l43fv+adba27brzqPrvx2Y7Gg4JQAAAAAAAAAAAAAAAAAAAAAAAAAAAAAAAAAAAAAAAAAAAAAAAAAAAAAAAAAAAAAAAAAAAAAAAAAAAAAAAAAAAAAAAAAAAAAAAAAAAAAAAAAAAAAAAAAAAAAAPzTfzt9RAP0AvzM5ValKhpjM8DCsI9MyvKV92q4FdW0UVkRje9tvd1tukL8/8ALy+HZ2X++R17MLWoT8fQmRySn7Nkvh1XAsKSrtOcTnjEYcd3WEsFp0Zp8LiaY5GRmZHpt8J7LZCfMROEr+mq40pmYibTaZi+WMzsxtfq61W0R6zPw9eseUl/ab+dvqIB+gH3449vcQCpoKf2lbv2mRdZaSBHVXHp+O8Ph7dWyYC/V75Hzjbfv9+iQkKnskdRorox06fjuUWJbrNO/uMe1Jly+Uq8ufypuY8YydqRpVCdRWn5IuOo11D25ev9Zzs1iV2r8vXNQ/ZPG3vfWEoUEcJ1zx5xkuF6izt5Et52ycUv9me0WnbOP6VX2Ph+pVLseCkmfJzPTq1TpUsn2+icjl9fynMopu67eoRe1z1OklUlJ5bOtnXqszxc4iVOP6KlVOoZ4sdHQ0U0NSQseSW+w4kLOOIZykULGfTEiI+jekjKTsk9Rpdfwl9sm1tXxbGdLbjhEReMsLzsv/dpRMzFoj1J8F7gk4tsWbCwxR+LeHmuKKizt76iy5n/AJu8w9IukMTfanOki9d0ECLVfh63un+iWqP/AKhrH2Wv9O+MfZE7W81AurCxKncFBVVIuyghnvO/e0xRuoUv4uty/OrrUW1KoUVvkh+ZGhm7OPjKwz0e0U60eYn8K9wy1GNuMFXBWxbuBOkLwmuP8cT2iP5xRhbm7AP8F6S/X4/2IFtqmk4+OVu7G3jdyX039LP/AKfb6dW9uGdnIN1aqvQpW+2q65bNO0pXWDROc0lXljv2c8Ot0tJXpFkpzWN851VWZT7PC6zUKdqFtAAAAAAAAAAAAAAAAAAAAAAAAAAAAAAAAAAAAAAAAAAAAAAAAAAAAAAAAAAAAAAAAAAAAAAAAAAAAAAAAAAAAAAAAAAAAAAAAAAAAAAAAAAAAAAAAAAAAAAAAAAGTsz15J8RTzPBO2fj39ttlg+Olo29myfqq6qkiYvEzbHGZ77Zd/HJl9Ao47xnZv7dIiqGrz5/MpV1BQU9BV5cp92jRr2md9gJVJVzhOzHG3PrulgbrQKE9MVAoO0rSK/WfqIu+4WC/pbTG6cIn2Xz4exbwSQAAAH3449vcQCpoaBRT7D7uuevfWJAyhqY3h1pqu3p619PqRFoP1lLQfqBWVdZRRvi14z/AC2mPKbZRmylkgeMHtyyfk9W2Vv9N5p+Ft/heJnZfzdckSs1tQ0W28zu2eEey/O1oiZPaocZ0+S2d4yulqmWG+Kr9E83eoty0iVSUnls6nPr1lXV1fnt6nPr1mxmLLFkoJ4VKMz3Z+jJWx19jhhEhYo/yi8fu9Lqn4kLSkpPLZ1GXXqqGrq+29dfs9HXAf4LCeHKZqiDGBinrTo0xU8ZCxgxouN1yiz5Azkh3o9ExfyZ6fmXPP6PoalOwKvKe/5Wo9E9U9uro4YZWvGe7Gb7Z7tsOqlBT5KoXRRWJVTm/wBt3b8D05ery5/K7dSZ8vmUi6sIVtX5XWra9r7fbL4itaJyt/Cd8OBwxAwS14n8V7grS45McbHlCuovS2LuD78/v3pjT/i+7cYgh0lJx3Y3793f4Mp6WekPYr4T1PU4bdrziMcKp2OhrCit1pXzhXVmzVP1z26bd5SUnYuuv3fnurq+2/x3Wi3Xnhr7573+oxHS6X8XW5qNjSQnQxEa7Q7pKNeXb5ReMiLeYqKr/docJn5YjzbHVkXo44Rfx+qOBGSwAAAAAAAAAAAAAAAAAAAAAAAAAAAAAAAAAAAAAAAAAAAAAAAAAAAAAAAAAAAAAAAAAAAAAAAAAAAAAAAAAAAAAAAAAAAAAAAAAAAAAAAAAAAAAAAAAAAAAAAAAAZcxuvy3KNM9X3H4e6PPtuq6uk479vf+/gyjiDp5KOr23S0fAzEdRqVc1J1tDb51rv1b6O6wSEikq+xddfuwNagUozIlEpn93b94+8zEYy0GhUzpzaJtPvWUtPQHOZX79Wrc7/KQ+ICoAX5roKCmwk9ZoOTTOZzO+dtsynPXrOzSJCLVTuvGHh60M6oGrlv0Oq/2L6xnMpeN1lvWChq6zPfhs74w+vsjfE34tIUf8vJK+ZMapqLmTLRGWUGg52SMtFl1mjQL+j2YW/3bb3jeo9cVcRQxMaV7xE6URo29XSmZvo48MfWyxtEYS2pfMRMUNSNzoEz+rdGtGuZmBCtrpNTT0ikWb+cJl0ZtiGHTMjKQv6ukz79nU59eswVH6RWr4mLYWnK8TbbMTeJ3zE4bLWwZ5ir4NjwvWKofb27GxFDXEKE4gli9ipiytliHH/NvpFMzhGcF33/AGlK8Rey/m65LSfSKurr2iNHP+2L2jLbMzpZzMW5Tjh2u4KPBzhfEvDbXFDe3q0ptS6MG9dDFRYnV2OMLOYIih6Jv2WiH+T+MZzgHpcPFXSdi3RaIynLZy77WvZe6qpa6ZmZznPLG+ftmdsxjM4xjd0saqvQUKo6uk5WuyiuemVD6R5/9P6d4a1yFFV58/mdY1Ts93zZ5T+Z1fzXJP030Tm7oL5snO/s02Cpb6kz5fM0k4aPDSxf8FiFc4Hipv0ZuyB5b4VxfV4iiyInmUzvMihmFrZYwYxvM5ERGZiP2Ph+pG9IfSHsWEcZxm2WM2mducb5nCImZh5a3aI4/wAdWMh+xwY0HfLsZRYuJwv9H/ZqHmCHbCzZhaC4WI7NBWWmcxqNU0n7Yctvw93a/Put9b1tbEWi2UZ3icMZnDflEWtEWm8/3TUutPxFOqTp/NfoPvuvu0zldqEqry5/KqqTPl8yG3yn2a9HXtEVaUmXL5WtWMyh45IlcP7aZHPaRkU7uvu0ihq8ufytPqibd8RHO/nZCgir8AAAAAAAAAAAAAAAAAAAAAAAAAAAAAAAAAAAAAAAAAAAAAAAAAAAAAAAAAAAAAAAAAAAAAAAAAAAAAAAAAAAAAAAAAAAAAAAAAAAAAAAAAAAAAAAAAAAAAAAAAAABmDK6ccdXpzmR24Jlp2erZo1j4TExPwneo6yjtjGU3t1w/nBmFB8vKVmuW27f1THhVqVdQUB0MiP1WHv2bQeIqpmbRjM8dJga1rUFTzIjuP3y9vV3jzE4TFr38LNNS1MaVr7Lbf2vn16y18TT7z94+6WUFOc5Hfv1atzvDMkTVxFDWKfXYU5npnOc/HwEhRTVxebZbMdHzbB4uYcZ6enS5YsS1HkVSsPtn47SGgo6TL6+cdbZYL0i1tN8YtON74TE7fZ43bpMbUndEjYmd6CswueR16+05N0jKHMvn9rzLNYiPYZfyk3C+pM47vmY7W1XMXi9r4TEaWExE3iMMJi8RMRGF4idHJsWxsahqpmtgyerjyF+Z3BctZYqYnVpcWeI+jURZxftTmvLchKZ/8A/mH9ufH2ctu74ulmJVjZ4Goau3t6tKwuzGzuCGusfzdjDQXRn+HYO17BIanVH+dHf8W7kHUKinWNbenUNKpVzPXvrUsj3/abZMUdV+Hre6lqnZ7vmmR8XKEFaTJ05K3RWbxXir/o7mDbpPwFG3VJly+VqZwxOGVB/BQxZMMUOFTfYyiFDPFzBaN8k7Rm74JGcOv9tma0F/riRzM7CIzO2POH7dftGc4LXWvpB2OhthGeOlOFoib57bROEX0pmYiImZh5anWI8YGP6Nn7HBjgiDLr9EK8q+tRS5uZ4cP0DDszPNmFxYUlHw37eeMdbZ2ON+kOt5ra22MRhOF8ZiJtOdom022d15ZkxlxElFXSX9V0/Ue94uGUYu+Li/SC8dG/vmK9cIldqe+sKNRSP1Sl3COsEERtTyY1FBqwsHrlMt7fcKqsyj2T8JaKg/36H/y84QUKxpgAAAAAAAAAAAAAAAAAAAAAAAAAAAAAAAAAAAAAAAAAAAAAAAAAAAAAAAAAAAAAAAAAAAAAAAAAAAAAAAAAAAAAAAAAAAAAAAAAAAAAAAAAAAAAAAAAAAAAAAAAAAABk7Y8mRHQ05GdNMyLCMvA9thlonLQPjMWxjGJylV1dJe8xe2+Zy2/vfKctrMOOPb3EPVRv5T/AN3PV16O0j8SLYAta5DQU9yfXLs269WjVKYJFJV2tjv6w8vZIhY/luT3eJW+HwvEik2e8VetvPq/j48GeoYdNcZIE1aUq1eESApFMi1FL2dRC07Jf8XXJRRWW0o0otExMTERMWvE39vi2BgCHMlLEuUFHJVaKfZPv1Ho8BfUmXL5WM1tV9tvw9vVuol0EQuydqyqnZ29pqsb5HcMi1HJTSbwXSSI/wB2bO3sIhqP8L2d2fh1wYPtnbcL3vhffu+mcW7k8YuKdPTo0qdPXEro7ZYb66ik1NPSP9nj+c0vYWwer6NvoOp2/KLWnTtDSlVLELPXqkuyVlG/Tr1z6+r2q8ufyrjVOz3fNulDqhwoFrXV2+sv3PFRerMk9G/r87BV1efP5nUfR/Pvn4y1W4bHD7xf8F9hVwfD6dpxjY7XUnhxZIYNeRHDpZBLBy/jDwTOcNwxM/mZgzOPinhHIsEzKrrPuXtnCMMLZ7IwjDPqdTGtIm8+tMRFrzeL2vEYROlHrTjf1Ym9rzhETMeZOK4xxg4/MYTrjOxsRQ7RRE8Qny9YtXk2YJtGCeEWQIekZ4MNmRGZYMHlZIzMrznEo6O9sM78Ji+e6Y+N8Z2QzOt9bTozOjhhOMRMaWjpTo3iJwmdHTzmImMNKMYwzzslyjikqesJKrLJ/Iu2Wrw77hoWTX4l3I1VvJdC2V8/XqvEcYa+OlRmnUedK99NnwukK9bUmfL5kNuq7bWil16JTv8AjaI6+pfxdbkOReu5uJPpnq27e26XbeVXVfh63r+jz0fbo/BFAq16AAAAAAAAAAAAAAAAAAAAAAAAAAAAAAAAAAAAAAAAAAAAAAAAAAAAAAAAAAAAAAAAAAAAAAAAAAAAAAAAAAAAAAAAAAAAAAAAAAAAAAAAAAAAAAAAAAAAAAkAI4AAAAAADJGp1+jqDst0dZ2nPquPrIfCYtjGMTlKrq6Tbj7Znvt58cmZfn/Nz0Tv9ureQ8KM01ir2S3sun4doCqofzx1jt7rd+vYJCHVfh63pQhx1UVxMnyhVUte+hERfDq2kLSkq+G7C3dv7vFR622+95J4hygUIVrW4N6hIlVaFq32H2l7td9SZcvlYurq+G/C3dv7vFtVCqD6M8J+VK+cCRLUPpGWrqn1DTKNstACFwyk1vDgoI1RIcnrq71/dbYPaky5fKN0sWVBV341HJFWlkQokXjZLfxVeXP5VhqnZ7vm1Z4Wn4Q9JikQLcVXB5VtL7jRVc3RrjLIjdYWg8zLCM8LyjwSwYkxnYBl+VPCzEgPCw8DBo8DCI6TDoqCsrJyiN98Moy752bo/wB0zGF+q0Wjo0cTpaU2wn1dGJ0b6U2nGZmbRoRhE3/u05mNDQif7p0OGDqveIqeH6KIocHaKIoiFcbg9vT0uN1dXF4M7c4e3tkQiIc1nG0bIjRm3deb88eSRWOgT0FDV09U5X59YXXps0+ohbUmfL5lBV5c/lXT+mloqPn2i6Xxv2j2KTLl8pTO1Roatt3sLV2dwjpyOXx24/zhRyudl+rwLWQr11SZcvlRI6uvH9ek7DvLf2bI6+o9nvIriZYaimoKIv6PB8rtOwitFFVTbHdN/wBK3oo/36W6MPb18WLCIsQAAAAAAAAAAAAAAAAAAAAAAAAAAAAAAAAAAAAAAAAAAAAAAAAAAAAAAAAAAAAAAAAAAAAAAAAAAAAAAAAAAAAAAAAAAAAAAAAAAAAAAAAAAAAAAAAAAAAAAAAAAAAAAAF9RvOFg4RkqwTUGVplhe/t1aesOx8P1Kyqo/Xx0ZtGOM6WGM8Yj2+DOaCn440s1Fxyl8fcXxjqKYmJtOEwudDcXUfrEhHZnCtXNZ5vv4yPR1dYtNU/i97yVGtv8HS9v1bkQByimJTyuqpPpqIyajyx+z0RX6tXbce8o9nvOTa2+PrdcO9sZCjU3oXKscry8r5vqVR0HomWoi2iQjtqkNOzsaJW8PChIwwu0wry5atXc0t3jZL39tg+1H/nfZ/88pts8ObQfHxw7XiKGFTivxIKFUMQcrRZPfY/kbXFkZERmUofuOGIXusI9JkZkZER5Or1t268avvjhfjOMWvM4W4bNsOk6p1P9n20tYzE6UTEz/pzEzaImYnR/wBSf7bTMxH9ujEzaZvpaExETz5avkOT2bN/VrtEWky5fKsazb7rPEFBxGjkt/XtnOd+wTlezFDV6Dk9YSHvMrdVhfESFOutPTp6Cg5R/r0vRPWfdqn2gMNdV3EUqrlGmzr7d/ER19SZ8vmRe+OvEmqUVjZLXskV989op19S/i63IvWrtM9lhe3xLsMRavPn8y+7JHUaKMqemOmpjpTKRmZH3dXsFCvn9AAAAAAAAAAAAAAAAAAAAAAAAAAAAAAAAAAAAAAAAAAAAAAAAAAAAAAAAAAH547C3l7gH6AAAAAAAAAAAAAAAAAAAAAAAAAAAAAAAAAAAAAAAAAAAAAAAAAAAAAAAAAAASAEcAAAAAAAAfnicLeXvAXKhp1FBdbft79/UHY+H6v2R2UUD5f26erb6hHVNXqny4fxfx4JGhWmN1WJU6e1UrXchs8brPfpF5S/i63Mvrak7FF92c8Mu7Hhhe9230ORHDDVQps543h9hql1dXH2kcPbbzn928pfuX/UML538c++9r5exyar1Rr2u/6dqKZ7r7tm7ZyZo6cLPFRByRSlhFA7Yw3Q0OTzXJCOFmkistMsHBPCukdhHMjsvHir9IqGjx1dbS2Wid+d5vlnO/ZacpttU/0617WTEazn/wBO+P8AdE3z3aMTp47LxEYZtXsZuP8AxkY6Ob394yXC6Q+QQaiXGUKNxX2SM79N5kKGrq66tzjuwtblecI8Lui6p9H6DUk20M4mJ0dOYnR0sIwiIjS0oiLxfbM53i9kcUFBxH6XLr+/wLSPD5soQofNZcqrfWfjfbo7L9Fgraur89vU59eszxCh4ih83/zhtKXrnZbO3YPtSZ8vmUK6UHyFaUcr/uRevtutuEoWtcu+WV1hR4e/fWI6VSZcvlYa6rvO+T77n46P+DU1eXP5V9R7PeRK6r+PrW/XKz3EK1qKPZ7yOnSnnREV0z2fHX3W7CqqrG3t8l7S4X9nnKyCIlgAAAAAAAAAAAAAAAAAAAAAAAAAAAAAAAAAAAAAAAAAAAAAAAAAAAAAAAAAAAAAAAAAAAAAAAAAAAAAAAAAAAAAAAAAAAAAAAAAAAAAAAAAAAAAAAAAAAAAACQAAACOAAAAAC+I6BNRYRU66mlqIpmfvt6uoW8YZzffM4R9IfCccotuiMZ+srnlRpKhq+E3Go1Ga0yK7XI5GPTtdF/4/H6ocUlbM/77bcIjDuiGHcdhby9wq1mqq4r/APp8Lu+I8XjfHOHjsscP/vh/KGmnSzp6Y7O0u+RFr69o8vKT0KE+SqU8uWdnb1b6RfUlJ5bOpz69Zl6zb7qRkKG6r9vv9Z27SMWnZI6jRUNXV+e3qMuvVXTJSfRyWX3++fYJXZfzdclX2uep0l+Qzp/OC0S5b7t9eshMVdXlz+VfeP4+mrCnzX9N7OotvwEhFf3jyqdXUS/tyI9/GXfpI6wLl3y/J7e+fu9s9sxXrykpOO7G/fu7/BHTqv8Akfd8N9Qp6zb7q+pKTy2dRl16qL3VR8tf3H7i3LYKuq/D1vaiky5fKw5fT8fTbNB9e/uENfPgI4AAAAAAAAAAAAAAAAAAAAAAAAAAAAAAAAAAAAAAAAAAAAAAAAAAAAAAAAAAAAAAAAAAAAAAAAAAAAAAAAAAAAAAAAAAAAAAAAAAAAAAAAAAAAAAAAAAAAAAAACQAAI4AAAA/NDTHQmZkXvAVHKKfZ4zn9+0rdABQ8RpnPxvs7fHVpEgX+ga29dQkVAoqymdyy7s0TP47BMikmstpRM48ZiZvsxx44xFu5FmptONpttiZnxxfvM99pz5AlNyLWiPy5arJFvrD7Hr9/XN4+06OfxRHh8IutdM1uSCmkuQq0uxWjwi8DlM+r13Rpp62IytO+JiY5Wn4vpo/wCvST/t04mMo0Zn1Z7r6Wj8H9Quy1swvkKXC4ryjPCTeVPBMjneUjlpmZT09YU1XV0Xqxo+tFs7xGVp9sxGMPFVS6FZFpib4WmJvaOERnx4cM59hWIqB1SEoUFMysXSt+67rmffstU1fbZm9/Z32677MD6RUcxNtsccsdm/fw2Ys8odHKK1PXZr3L1izZVVUGnt9gI6qOg4i7X6peF2rRIEcp6cqChnV/C7t0ns753gkUez3kcutOo/1r4lq16DldrFDV5c/lajVOz3fNF65b8j4WFpK2yd1wq6vPn8zUUlJlhv288et8sOW0xnREXuv19Up6thTFTOETO5fUtJaL+zZ1OfXrLII6UAAAAAAAAAAAAAAAAAAAAAAAAAAAAAAAAAAAAAAAAAAAAAAAAAAAAAAAAAAAAAAAAAAAAAAAAAAAAAAAAAAAAAAAAAAAAAAAAAAAAAAAAAAAAAAAAAAAAAAAACVSZcvlAeoAAAI4AAAAAAC4tPH8cfE09W1WnZt136xLpeeOfcjVMxGej4zFsYwTc1UDjg0VYoG9rfExZYLaXMUy1GUjKeuei0ab79OMXmJ291u/d7GQ+56GlbSnT/ANOcL3tE4aUTlhMWn+6PzRvyzyHad4riaWcKVUkXM/IkT3KzIJlOUr9PVpK4WlHs2ZbePj3qmsq6Giva0xabTa04TNrYRu34RM6N9jKsCCkTzQpKB/YWhWTklLDJWlYsFucvKI5zwnyHSOjwyslhYOFgYWDhF+ThEeDYJX2RFbjlNrZ47s4vvt4xO2Kv/i3SoYtGlfR0ZvGj639szl60aGla9/8A4zNs87oGe4VUYrIjLAULq2nSrybnpHcZa8E9BzLWXlFcVhmQzFZSTqSuzw9uzGfjON9kct5RVX/FGo5r7XmbRo2vhN8tuyMI2TO9LKFcnp0emq7z2267RfUl63Lzzt18M2Bq/wAPW9faCf8AZP7l4aN5XXWylXWbfdPMKGr+dVTu2z+II7F19OnoKHzjV2dt5du0yvsi1efP5llSZcvlRy+L99/HtnpFXV5c/laikpPLZ1GXXqo5XU/y333fA52zPYK1sqX8XW5i9PT8fTap3X2Tl3+GoU60fERwAAAAAAAAAAAAAAAAAAAAAAAAAAAAAAAAAAAAAAAAAAAAAAAAAAAAAAAAAAAAAAAAAAAAAAAAAAAAAAAAAAAAAAAAAAAAAAAAAAAAAAAAAAAAAAAAAAAAAAAAEgVAsEdTivSARwAAAAAAABcGn86X/N/6xiXS5z7fKUSqyj2ecJQak/yN3eXvPc9o0rMVefP5meNS5wp6aShRWqpLw9+vq6xbUlX5bepz69ZQ1dJnhu28set8NqoAQV5YkUOFU1rtf2a1eu3aNlqmk6ty6j3drl/pF+LuaMY6IiVRBjNjdef9I9UqItcmIuILRoPAwsKyZDk3pDVxWa71zM4xp6Ux7IiZjjnOjMW78Mne/RKh7D6L6kic/U0ZtnH9+jozo24TH+pEzxzyZ/i0dSXMeEn8mSpIZ/k2zwdBvpzIjng3Wbb7BZaoq++3Dxz2ePcyvpZSffomJvfbb2f23zm2EbrTG2YSJTzobU6eqpdZlr+obbz0+J3EL9jpxvMzeZnG+c3zn6qWnM/NzPzvVft31yAYa+U6f6OV5aDu956dYq6r8PW9eUlJx3Y3793f4Ildaf8AR99Onxt2irrNvut5R7PeYGuUaC37y7b9sryFXVfh63tDEXmy3irfcAAAAAAAAAAAAAAAAAAAAAAAAAAAAAAAAAAAAAAAAAAAAAAAAAAAAAAAAAAAAAAAAAAAAAAAAAAAAAAAAAAAAAAAAAAAAAAAAAAAAAAAAAAAAAAAAAAAAAAAAAAASqvLn8oCKAAAAAAAAAD7oKfiKbZpPq39cxLpccePkM7QOvEU1vbfv33Wiz7XPU6Shq6Tz2dRl16qUIOpyp3JKnUcmtZ+uU/DeyYvqX8XW5l9cW7FpWm8Xi05Xi2duLeaB6dOhoUlXT+aZHIv848wZt7NJ+vQY6NSf4XL4OI64/z44Zc3KOJ6TjYkiCmn508uuF1eU6UtJs1Xblwio/zJjdpX5xpR5P1bT/42jO//AE9GOWjoSyrF1ENAyPZUS8jqaqRYR6CPQd+kjKzZtIStU1XYq2NK+F5icrxOExbDbnzsoPSPVcV9DhGMaMX3Wyvzmc72vGxs5x6agoeT8qVdfaencyG7cj7J9+t4Y87+F8lhXU+gvpdt/wALdewEpHDr+eK6tS37b56L9oz7UUez3kdOtP51PfTK7q09t4jtlSZcvlYbT058cdmm3e3fWKGrx8flXz4iKAAAAAAAAAAAAAAAAAAAAAAAAAAAAAAAAAAAAAAAAAAAAAAAAAAAAAAAAAAAAAAAAAAAAAAAAAAAAAAAAAAAAAAAAAAAAAAAAAAAAAAAAAAAAAAAAAAAAAAAAAAAAAAAAAAAAAAAqAFya/8AtH7BfUmfL5kWrz5/MlpqdU6GmS8n7ZXbZ65X7RaUlX5beoy69Vjauk478b9+7v8ABt/CkYmihB+iisLDNqZHgiKVrdPR7JTKe3RvKSr/AOR68ndtwm3HrDvu5hrXVE12vdRaMReZm0YRjfCI3TnfdM+3DmVT/ncLfWOIv0W/QDYrF3FChzSZHUecpfysE5X4MzkfbK228jtst2Op6y8fZ9p4xOGPfumeN7ucelno/FJ/zCN+ETM3jh7bTjnn7YjMF3yB1bby6pW9hn8Ct7xa1efP5mYpMuXysEdf7P53L79m9oq6vLn8rTap2e75oadP+0XtFXV58/mbSl/F1uWUUK0AAAAAAAAAAAAAAAAAAAAAAAAAAAAAAAAAAAAAAAAAAAAAAAAAAAAAAAAAAAAAAAAAAAAAAAAAAAAAAAAAAAAAAAAAAAAAAAAAAAAAAAAAAAAAAAAAAAAAAAAAAAAAAAAAAAAAAAAAGcQ41Gupksinrsvv912kX1Jny+ZV1dXw34W7t/d4pkasWKldyiaTlaGfLeat52+G0xqvsnh4fuxtX6Q9/wAJtH1ztnxZ/GqdTCGJV9Tp1GCZOj40MJ1QzIiwSmZlYZGdsPaLzOWsffXH3HUeF4vlMWvsvwyjbsjZgpNTzR669OPWi2l/6ejOlETETFomZyvET/dOV8ZnjMtJBzB2EAVqRcoRKaFSnpjTqU5n5OERHMpHokVumZGV95lcJdNUToWi8WjKdmlG+1/G+d/w4FTaq0fV0oi1piJiYi2drTbZtvntT5DsYJ3uh4inJKmcjMyJJKWCZYN/bK/VYR6Rp6PW3bZi+dr2m3PZeI3xv9rnWtvR3sWWUTnbLbF7TaLxGV5t8cffb1XX7Qq8ufyvTVOz3fNEzrTnT01l5St1aZn3b6czU1M6UzEZY8d3d1/4t9SxMx7cInvW8Q0oAAAAAAAAAAAAAAAAAAAAAAAAAAAAAAAAAAAAAAAAAAAAAAAAAAAAAAAAAAAAAAAAAAAAAAAAAAAAAAAAAAAAAAAAAAAAAAAAAAAAAAAAAAAAAAAAAAAAAAAAAAAAAAAAAAAAAAAB9/6VL1F6iAZhC/pNJ/fS9o1FHs95Qa1y0vZPx0W8bLQUFGg42joaLApJ/nMCjwMHD0/8PBIsLxHRqb/A5/NDiWuP8+GK8If/ACctf71Uf/5JgCr9Nv8Aoeh/8vOVt/TL/wDeVT//AEZ//wAug0PHJXdgAAfZF/OPt9Ql0uc+3ylEqso9nnCW13ob/UhfVn+D3x5Mx/3/ALqHKb+dvqIZZsn6AAAAAAAAAAAAAAAAAAAAAAAAAAAAAAAAAAHz/o9/+UA+gAAAAAAAAAAAAAAAAAAAAAAAAAAAAD//2Q==	\N	f
16	2d09f7b91e5448f8ba3d4be1c7a0c707	\N	1	1	{"asset_status": "ACTIVE", "project_name": "Project Beta", "asset_condition": "Good"}	2026-03-08 16:27:55.267453	Test Asset 5	RIYADH	TEST BUILDING			Al Ami Ibn Turki Ibn Abdul Azizr Faida	Al Murabba`	12612	24.66459596286102	46.7077515025057	\N	\N	f
\.


--
-- Data for Name: department_field_definitions; Type: TABLE DATA; Schema: public; Owner: shayanfahimi
--

COPY public.department_field_definitions (id, department_id, field_key, label, field_type, required, visible_when_blank, editable_by_roles, display_order, created_at) FROM stdin;
46	2	asset_name	Asset Name	text	t	t	["Admin", "Worker"]	1	2026-03-05 17:04:07.949425
47	2	city	City	dropdown	t	t	["Admin", "Worker"]	2	2026-03-05 17:04:07.949427
48	2	building	Factory/Building	dropdown	t	t	["Admin", "Worker"]	3	2026-03-05 17:04:07.949427
49	2	floor	Floor	dropdown	f	t	["Admin", "Worker"]	4	2026-03-05 17:04:07.949428
50	2	room	Room/Zone	dropdown	f	t	["Admin", "Worker"]	5	2026-03-05 17:04:07.949428
51	2	project_name	Project	dropdown	f	t	["Admin", "Worker"]	6	2026-03-05 17:04:07.949429
52	2	street	Street	text	f	t	["Admin", "Worker"]	7	2026-03-05 17:04:07.949429
53	2	locality	Locality	text	f	t	["Admin", "Worker"]	8	2026-03-05 17:04:07.94943
54	2	postal_code	Postal Code	text	f	t	["Admin", "Worker"]	9	2026-03-05 17:04:07.94943
55	2	field_a	Unique DEPTA	string	f	t	["Admin", "Worker"]	10	2026-03-05 17:04:07.94943
56	3	asset_name	Asset Name	text	t	t	["Admin", "Worker"]	1	2026-03-05 17:04:07.95962
57	3	city	City	dropdown	t	t	["Admin", "Worker"]	2	2026-03-05 17:04:07.959622
58	3	building	Factory/Building	dropdown	t	t	["Admin", "Worker"]	3	2026-03-05 17:04:07.959622
59	3	floor	Floor	dropdown	f	t	["Admin", "Worker"]	4	2026-03-05 17:04:07.959623
60	3	room	Room/Zone	dropdown	f	t	["Admin", "Worker"]	5	2026-03-05 17:04:07.959623
61	3	project_name	Project	dropdown	f	t	["Admin", "Worker"]	6	2026-03-05 17:04:07.959624
62	3	street	Street	text	f	t	["Admin", "Worker"]	7	2026-03-05 17:04:07.959624
63	3	locality	Locality	text	f	t	["Admin", "Worker"]	8	2026-03-05 17:04:07.959625
64	3	postal_code	Postal Code	text	f	t	["Admin", "Worker"]	9	2026-03-05 17:04:07.959625
65	3	field_b	Unique DEPTB	string	f	t	["Admin", "Worker"]	10	2026-03-05 17:04:07.959626
66	4	asset_name	Asset Name	text	t	t	["Admin", "Worker"]	1	2026-03-05 17:04:07.97023
67	4	city	City	dropdown	t	t	["Admin", "Worker"]	2	2026-03-05 17:04:07.970232
68	4	building	Factory/Building	dropdown	t	t	["Admin", "Worker"]	3	2026-03-05 17:04:07.970232
69	4	floor	Floor	dropdown	f	t	["Admin", "Worker"]	4	2026-03-05 17:04:07.970233
70	4	room	Room/Zone	dropdown	f	t	["Admin", "Worker"]	5	2026-03-05 17:04:07.970233
71	4	project_name	Project	dropdown	f	t	["Admin", "Worker"]	6	2026-03-05 17:04:07.970234
72	4	street	Street	text	f	t	["Admin", "Worker"]	7	2026-03-05 17:04:07.970234
73	4	locality	Locality	text	f	t	["Admin", "Worker"]	8	2026-03-05 17:04:07.970235
74	4	postal_code	Postal Code	text	f	t	["Admin", "Worker"]	9	2026-03-05 17:04:07.970235
75	4	field_c	Unique DEPTC	string	f	t	["Admin", "Worker"]	10	2026-03-05 17:04:07.970235
94	8	asset_name	Asset Name	text	t	t	["Admin", "Worker"]	1	2026-03-05 17:04:09.986831
95	8	city	City	dropdown	t	t	["Admin", "Worker"]	2	2026-03-05 17:04:09.986833
96	8	building	Factory/Building	dropdown	t	t	["Admin", "Worker"]	3	2026-03-05 17:04:09.986834
97	8	floor	Floor	dropdown	f	t	["Admin", "Worker"]	4	2026-03-05 17:04:09.986834
98	8	room	Room/Zone	dropdown	f	t	["Admin", "Worker"]	5	2026-03-05 17:04:09.986835
99	8	street	Street	text	f	t	["Admin", "Worker"]	6	2026-03-05 17:04:09.986835
100	8	locality	Locality	text	f	t	["Admin", "Worker"]	7	2026-03-05 17:04:09.986836
101	8	postal_code	Postal Code	text	f	t	["Admin", "Worker"]	8	2026-03-05 17:04:09.986836
102	8	project_name	Project	dropdown	f	t	["Admin", "Worker"]	9	2026-03-05 17:04:09.986837
103	7	asset_name	Asset Name	text	t	t	["Admin", "Worker"]	1	2026-03-05 17:04:09.997112
104	7	city	City	dropdown	t	t	["Admin", "Worker"]	2	2026-03-05 17:04:09.997115
105	7	building	Factory/Building	dropdown	t	t	["Admin", "Worker"]	3	2026-03-05 17:04:09.997116
106	7	floor	Floor	dropdown	f	t	["Admin", "Worker"]	4	2026-03-05 17:04:09.997117
107	7	room	Room/Zone	dropdown	f	t	["Admin", "Worker"]	5	2026-03-05 17:04:09.997117
108	7	street	Street	text	f	t	["Admin", "Worker"]	6	2026-03-05 17:04:09.997118
109	7	locality	Locality	text	f	t	["Admin", "Worker"]	7	2026-03-05 17:04:09.997118
110	7	postal_code	Postal Code	text	f	t	["Admin", "Worker"]	8	2026-03-05 17:04:09.997119
111	7	project_name	Project	dropdown	f	t	["Admin", "Worker"]	9	2026-03-05 17:04:09.997119
112	7	t_field_1	Tenant Field 1	string	t	t	["Admin"]	10	2026-03-05 17:04:09.997119
113	7	t_field_2	Tenant Field 2	number	f	t	["Admin"]	11	2026-03-05 17:04:09.99712
149	6	asset_name	Asset Name	text	t	t	["Admin", "Worker"]	1	2026-03-08 15:17:13.015861
150	6	city	City	dropdown	t	t	["Admin", "Worker"]	2	2026-03-08 15:17:13.015862
151	6	building	Factory/Building	dropdown	t	t	["Admin", "Worker"]	3	2026-03-08 15:17:13.015862
152	6	floor	Floor	dropdown	f	t	["Admin", "Worker"]	4	2026-03-08 15:17:13.015863
153	6	room	Room/Zone	dropdown	f	t	["Admin", "Worker"]	5	2026-03-08 15:17:13.015863
154	6	project_name	Project	dropdown	f	t	["Admin", "Worker"]	6	2026-03-08 15:17:13.015863
155	6	asset_status	Asset Status	dropdown	f	t	["Admin", "Worker"]	7	2026-03-08 15:17:13.015863
156	6	asset_condition	Asset Condition	dropdown	f	t	["Admin", "Worker"]	8	2026-03-08 15:17:13.015863
157	6	street	Street	text	f	t	["Admin", "Worker"]	9	2026-03-08 15:17:13.015864
158	6	locality	Locality	text	f	t	["Admin", "Worker"]	10	2026-03-08 15:17:13.015864
159	6	postal_code	Postal Code	text	f	t	["Admin", "Worker"]	11	2026-03-08 15:17:13.015864
160	1	asset_name	Asset Name	text	t	t	["Admin", "Worker"]	1	2026-03-08 15:22:46.625904
161	1	city	City	dropdown	t	t	["Admin", "Worker"]	2	2026-03-08 15:22:46.625921
162	1	building	Factory/Building	dropdown	t	t	["Admin", "Worker"]	3	2026-03-08 15:22:46.625922
163	1	floor	Floor	dropdown	f	t	["Admin", "Worker"]	4	2026-03-08 15:22:46.625923
164	1	room	Room/Zone	dropdown	f	t	["Admin", "Worker"]	5	2026-03-08 15:22:46.625924
165	1	project_name	Project	dropdown	f	t	["Admin", "Worker"]	6	2026-03-08 15:22:46.625925
166	1	asset_status	Asset Status	dropdown	f	t	["Admin", "Worker"]	7	2026-03-08 15:22:46.625926
167	1	asset_condition	Asset Condition	dropdown	f	t	["Admin", "Worker"]	8	2026-03-08 15:22:46.625927
168	1	street	Street	text	f	t	["Admin", "Worker"]	9	2026-03-08 15:22:46.625928
169	1	locality	Locality	text	f	t	["Admin", "Worker"]	10	2026-03-08 15:22:46.625928
170	1	postal_code	Postal Code	text	f	t	["Admin", "Worker"]	11	2026-03-08 15:22:46.625929
\.


--
-- Data for Name: departments; Type: TABLE DATA; Schema: public; Owner: shayanfahimi
--

COPY public.departments (id, tenant_id, name, code, created_at) FROM stdin;
1	1	General	GEN	2026-03-05 17:04:07.032078
2	1	Dept A	DEPTA	2026-03-05 17:04:07.891957
3	1	Dept B	DEPTB	2026-03-05 17:04:07.910107
4	1	Dept C	DEPTC	2026-03-05 17:04:07.917815
6	2	General	GEN	2026-03-05 17:04:09.606268
7	2	Tenant Dept X	DEPTX	2026-03-05 17:04:09.977208
8	2	Tenant Dept Y	DEPTY	2026-03-05 17:04:09.985215
\.


--
-- Data for Name: role_types; Type: TABLE DATA; Schema: public; Owner: shayanfahimi
--

COPY public.role_types (id, tenant_id, name, permissions, is_system, created_at) FROM stdin;
1	1	Admin	{"is_admin": true, "edit_assets": true, "generate_qr": true, "scan_assets": true, "view_assets": true, "manage_roles": true, "manage_users": true, "manage_templates": true}	t	2026-03-05 17:04:06.673073
2	1	Worker	{"is_admin": false, "edit_assets": true, "generate_qr": false, "scan_assets": true, "view_assets": true, "manage_roles": false, "manage_users": false, "manage_templates": false}	t	2026-03-05 17:04:06.674859
4	2	Admin	{"is_admin": true, "edit_assets": true, "generate_qr": true, "scan_assets": true, "view_assets": true, "manage_roles": true, "manage_users": true, "manage_templates": true}	t	2026-03-05 17:04:09.253596
5	2	Worker	{"is_admin": false, "edit_assets": true, "generate_qr": false, "scan_assets": true, "view_assets": true, "manage_roles": false, "manage_users": false, "manage_templates": false}	t	2026-03-05 17:04:09.253598
\.


--
-- Data for Name: tenants; Type: TABLE DATA; Schema: public; Owner: shayanfahimi
--

COPY public.tenants (id, name, code, serial_counter, smtp_host, smtp_port, smtp_user, smtp_pass, smtp_from_address, smtp_from_name, smtp_encryption, app_url, created_at, initial_admin_password, imap_host, imap_port, imap_user, imap_pass, imap_encryption) FROM stdin;
2	New Tenant Corp	NTC	0	\N	\N	\N	\N	\N	\N	ssl	http://localhost:8080	2026-03-05 17:04:09.252359	\N	\N	\N	\N	\N	ssl
1	GoAgile	GOA	0	\N	465	\N	\N	\N	\N	ssl	http://localhost:8080	2026-03-05 17:04:06.669456	\N	\N	\N	\N	\N	ssl
\.


--
-- Data for Name: users; Type: TABLE DATA; Schema: public; Owner: shayanfahimi
--

COPY public.users (id, tenant_id, role_type_id, full_name, username, email, password_hash, is_active, is_superadmin, failed_login_attempts, profile_picture, created_at) FROM stdin;
3	2	4	New Tenant Corp Admin	admin@ntc.com	admin@ntc.com	$2b$12$skBdvqAVdhtOjbNrjwlJtuQTDJuF.z3FbiiAMGYpy/Q0klXb7liM2	t	f	0	\N	2026-03-05 17:04:09.607259
1	1	1	GoAgile Admin	admin@goagile.com	admin@goagile.com	$2b$12$wQqFq7QHWXmjkAKDefNJXul3smD9nJehOFCelIuHTkaD/Km8mnQsW	t	t	0	data:image/jpeg;base64,/9j/4AAQSkZJRgABAQAAAQABAAD/4gHYSUNDX1BST0ZJTEUAAQEAAAHIAAAAAAQwAABtbnRyUkdCIFhZWiAH4AABAAEAAAAAAABhY3NwAAAAAAAAAAAAAAAAAAAAAAAAAAAAAAAAAAAAAQAA9tYAAQAAAADTLQAAAAAAAAAAAAAAAAAAAAAAAAAAAAAAAAAAAAAAAAAAAAAAAAAAAAAAAAAAAAAAAAAAAAlkZXNjAAAA8AAAACRyWFlaAAABFAAAABRnWFlaAAABKAAAABRiWFlaAAABPAAAABR3dHB0AAABUAAAABRyVFJDAAABZAAAAChnVFJDAAABZAAAAChiVFJDAAABZAAAAChjcHJ0AAABjAAAADxtbHVjAAAAAAAAAAEAAAAMZW5VUwAAAAgAAAAcAHMAUgBHAEJYWVogAAAAAAAAb6IAADj1AAADkFhZWiAAAAAAAABimQAAt4UAABjaWFlaIAAAAAAAACSgAAAPhAAAts9YWVogAAAAAAAA9tYAAQAAAADTLXBhcmEAAAAAAAQAAAACZmYAAPKnAAANWQAAE9AAAApbAAAAAAAAAABtbHVjAAAAAAAAAAEAAAAMZW5VUwAAACAAAAAcAEcAbwBvAGcAbABlACAASQBuAGMALgAgADIAMAAxADb/2wBDAAEBAQEBAQEBAQEBAQEBAQEBAQEBAQEBAQEBAQEBAQEBAQEBAQEBAQEBAQEBAQEBAQEBAQEBAQEBAQEBAQEBAQH/2wBDAQEBAQEBAQEBAQEBAQEBAQEBAQEBAQEBAQEBAQEBAQEBAQEBAQEBAQEBAQEBAQEBAQEBAQEBAQEBAQEBAQEBAQH/wAARCADhAOEDAREAAhEBAxEB/8QAHwAAAAcBAQEBAQAAAAAAAAAAAAQFBgcICQoDAgEL/8QAZRAAAAMEBAkIBAoECAkICwAAAQUGAAIHEQMVITEECBYlQVFhcfASNYGRobHB0RQXJkUJEzI2VWV1guHxInaFtRg3QkZWZpLSJCdXWHeGlaW2NERUYmSWwtU4UmdydIeXsrji5v/EAB0BAAEEAwEBAAAAAAAAAAAAAAAEBQYHAQIDCAn/xABIEQABAgQEAwUGAwUHAgYCAwABAhEAAyExBBJBUQVhcQYigZGxEzKhwdHwB0LhFDNScvEVIzRigpKyCMIWJENTotIlczWDs//aAAwDAQACEQMRAD8A14b6ER53gMQQGIIDEEBiCAxBAbj75JABFNQfu0a0WCAdtDvAYOJGGQolgQlV6nU0FrdekZThVLUADUqSLHcWuNQH09cZokR2TsSVtGXGyUaENI0wExRHlUVQCguLwOk8WopwsNwCKMbTflOugaksNBKTYgg+QDSPOCq0merIeQLiV5dEdtMceIpmIFQCoBku7O5oSC4oKOCKd1jF1djcCnhxlzFAggZixJpsAz5rmhUC4YA0iz8SMfWIFybqr/ZVtvNY7J9MtVrVBJ7PrmzXCSylOSOp9OXxi4JnaGXIlJymqQDo5YMwN6U6Uitxljs4yBlblaJUOqqiru0br2c5/ZSYtADGz12bqDW2lqQnw34m4iWtmJAOXy3ofHcm8NVZ4/cf4cw6Xq1efdXZol0sqTMrLXil4qdNDQrKpFZW8BI6++IOzF4QcdeeGX6LojIBjOM7GTiVkIUSElTakgOka9HJY7xJ8L+K89koILHu6AkWo9N706RdaG+OIYSzkraqNbzYpNuaq1nbM14HpmzFg8JxHhc0rMlYCFFqGwPMO7U123h7xuM4fxaWwmoJmAEhx+YObkan58w7oqwrxT8aLOUbIaVUv/dUaYTmvq9X5Rf/ADqR/PNzT7h/4k4vhgRKUk5UqSkuGLEgFgzhhfW9YgXEPw3wnEiqalQeqgQauz2BJc60tvEbeqvHggAW1lBNeFWP5BYqAJoBWVVD3GTKCr6qNfm+sOgNuprj7P8A4k8NxipaFzkJJZ+8KFrG1Kt4msU52h7BcTlJXkkrKU5srJJcCg02Fx0BaHtCvHZgfEhShDcyw81hXFS81hXFkq9Xq/suqquPZ5YXy9mhvtm1mSl8L4qgTUzkEsFJZQ/KaWI16U2is5mA4pgFlKpKwAoj3TTQgsHtTSjXi2jOf7RNAAQD3QAwrYbO+1KU2jZcqSpLqLECthXXXehBA8Ggu3AzsYSGQS5u3gzfT4aoFYTCqLkgEVFQajS4p8aQGchYPdg8aigA2gNmCAxBAYggMQQGIIDEKIDEEBiCAxBAYghYYhvcC5aC7DgXLQQGIIDEEBiCA2FWPQ+kYNi20BufDx7TNmsCb0pVqEi9tPCNcP7xCqGgrStH9SH9da543i7UcO8XGKiiQuGPl0QDQoLoXwsdo3XnngihGMyK4WQwfkAPC67RrZTltJSPiAuuOOvPvCDroi0Z7S4r9nSpKVgO6RVw5oBcfHdtYlGBwyZikEArylKiEXypZamLKYBKTVqAEkMDFFDXBCGAsJ0vDtGvPFpcg0uWINMPviLz75aVlQlbxy88I8p5954RF54RmIiIiMxEWqheETNJKiKkkChDHSpHp6xZUnFKlpTlzA5QCWJJoLk6nU1ipFN8njWDI1Jl4Y+6KFiQLeDVHLeFgmLnCpLA1Bp5Bn8/pH76OGoeofNlQxKSzgWo40PkAD4dIwU4dB9zxd/Cxb+jwdboPZKNUjKPe6eI5GOZxEoe6GIt3W6Ntyp4R5+k7eP7LJMdheHTkFIlJNKnLy26feoW4HFcQkrCvaqCXBAzaPQGt7fTSJISETFiiebcPzVPmr3VPX3zEfBoBxDs1hZ5Xll1UCHAINRTbofCpif8P7R4uQEBUyoIqSCG/N5gaOG6Rb6G+NCX3GVapQ1+lSmdVaONtmmbVtP7N8T4KtU5E2YQFFQAJ3ejGwDfAk1MWPI4xwvictKZiJZJSAQQBVq6b1pbZyRFoVgawPxok3k3jIQ0SsaUqHNRr/Ooo+tipVE/tATnXdqvaR8I7bcY4cUIUuayCHd6hJ2poCDsKHaI7xfsrwjGBSkS5YK0qZmuoFrX0fqWa0QVgeLZjIQTCssSePBVH6Ff+avjNG1UKooKhvKUBGn/AGr85Wurgf4tSMTMly5qkiiUklYSHAAN9XHKoilOMfhZPw4XMluQokgJqySXFjQVABo/WsOSHuOXD9SLb1SxaIVVi2Rp/wAlcbirJM1Nx/qAqp+r9Yf6tKlry4L2o4ZjZIVnkklJH7xAIJGlXvvvrWKh4r2Wx2CmqDLABtlVpXy5vytFvmcjMlqJKVoLkkAKBoTTWGrItNClVKVBvAbaMQGHAuWggNhxuPMRljsfIwGHAuQPGMMTYPAYcbjzEZY7HygNmO8F2IIDEEBiCDDEERbi+R+h/jIQ3K4kInD81Gs61KveqRNfepSa7OjrZnwHFZc0gBQL2/W9DdqV8o14jw2bKGZiGq2m36cvOJiZfiV52IdiXJF/DfTTdqGEWEVkKgqpo7ud38mHO5gMoTYdB6R3gu2YIMMQQGIIDElaQhdasQ43d9K2jhjSCoZQxOwY/luR43MUpxxcOAyUmLaifThtimqoqKkqszsloVwoVdVDIQmIetZfQsUIAEuaJzsk1T9r5xM0VIGZruWe1DS4AcEMCwBIImvZnDlSAVAqNCHdhUGoIL0JDBqkKdgUmhcbDSslJVv0UVaPrXT2atN7REISw7+m5/8AtE+C2DZbU2tyanSIRY9kgkOQai5f1J+cHtCLBvGFSg0fcZyGBlsKkbh0ivnHD2y+XlHo2TgZbHvH/cPkYx7VTuyfIPHn6Ns4/tMjMpIJBKaEi5hSMTQUTbdoJtqZCCCGRUNeNhii4qL6KL+FbwGZsVw32gLpBvQh3GlDbT5CHvC8SKCnvECjEKPJ3HqwYEdYeCbXCgTczItw+qbtuqwZ9F+sQaLYrgHtMwCEuoGyQbuBb71G0SjC8dAy5lkimZ1aa6g2AFbRbRB40MrFJgFVfWpT4lU+8LtjQHHdjp+GWZqc6RmKmSVCr8vFqeUT3B8U4bikJSuakuACCXqwvpS9XaLnnCxhfH5E5ExsQaAj9Cs1HmlWFVbCUB9VGs8oCeQdGhu3D+J4nhKkpVNnDIpL/wB4uwNdeR+NjHLiHZHhvFkKXLVKUSksMqakgsNavyiJS3FeijDfOWIrjLVqlf8ANsxsDU1VhVZ7pQEaf4wEfP8ArLlXIBuk1w8K/EbBpUhMye7JTmJmK0YWL+I1+MUxxT8NMdJ9oUSCQ6iCEitVMQwPI1enwM4bjNRAhuWyxosVqP0K7/apJpU1jdCs30jVS/huQqipyX9ZUslLdUms7hn4icJVLSDPQCWFTu2hsxv8y8VdxLshxWRMU2HWweyCzDwFvFtYW0fjs4p62MhLU3jDwrrW32VyqKyk2/apUccz6b7r2ksrtFwqea4hHeY+8wqH3by53iNTeFcXkA/3CmDl8r2oC9zza0WQLTUvMhCrcPKjXaUm1b+W3tmzpKn8KnMRiEUsy3Ojfm18drw2TJ/FZRynDrOlEEN8GtXX6qbOCpEqf+7mAvRwq4v5no943TiJ0g95BD3cXtWtRveC7J/2QyTexp0JHUeHMONYUpxRmszA67i5a1vvlAZXCqAxBAYggMQQGIww2HkI5CsTPGhUGKXFoqUmdfVWqs1RASv1V9LfbSa0jsvFqJ7O8XmLmgLUwJA7xy/rY36+FidoeHS0y1GWAqhqlj4d06+V6tHXmm1Gn1smypSJvDwNSo1Kq1KjWc63KjULejZ+DW9hJntkIIIU7VBB22cPf7EVDiAZM8jKpNbkFIFW1G39YUvj9nZ+LPEKhUDoIDEZgUGnp8GIIDYVY9D6QQYZvlLORYrY2etTXlu+3xTTXUtIbVq61F33jPvGQoKyxoYV22FeLZH6qr5e1UWMWYDSy27JUql9sDovqXthNaYpyzE1N72rXQas9NYt3shhQqUmlwCajYgHwcip11cxnREhRl5aZKtSKTDyoqKio2NQNTU2zSVFBUU7NvVvavVcXCKKYNTvBn01IiejhBV7oB5Bj83ivFNHaH9WmpkW+sA0SpUVZVZVFMK1+bJWq6pratsqqiyfAlqKX86dQXtqONIuFI3cEefvRseCTGLy1M38OnnBdLR2IFqnBUaKSUU1WlTUDMa1KIWKl4M2GoFRpMXREAEDwQAXR/SB6YPADwCAdB2rantRSnvAWpRxalOUJjwWp/ulGprkuxZ/d/rcUhNKMZlAGImtW4BFOZWaAljWUF4pPVQalchNSk2qZDZmOwA2tdG0JSEAFgdrMxb2muUhwDtRwH6inOAcFJ/9FdN5ZHqmo5inOHZ/CMg/zaZK3JU151qpWlRqkzaqh97e2BEl/wAhZQON0H94B4n6wnPClgl0N1ziHaQxGR62lk0rUqqgt5pVRUbfuY9HRu3NkcaBIHtRUtc69S3nSMf2YqvdFjYqf1h2/HO8T8mdU42WtnWguP4gTXera6PsLxwODXLc5VCvN6dRSB8c7xPybpnkqBPdoCQXffe3J6RqQsd0UJoXcF/CkGfSA1j1j5MjR7LHpUgpq5DkW8/Dl5RzWnH4BQWmeSCQUssFnrvzNOmzh2ptVKBNmVZFmHmpV+WjdLzaK8W7KonKVlABW401BbbzppEr4N2nx8kozzFFKSCxIsCCS1dPKxc2sylcZoxLZ5SYAJrMbDUpzSa6fLRLrk0CxfYLHYTPNROOpSyhbTXc12DxaeE7d4DiGSUuUEkgJLirgAHRq/F9TFz4e485eW+/jUNOdirvNSeyV+sNDRefhOL4JYSmZNLKFAScrHkWPR9OkSnD8O4LxKUZikSQSglyUjQ2fy5UfRq34+2PqXw3LUBEktgPi2YycFs6pWNKUiwlUAbL9ImpqbeyqsKjU4IlQoMigzqnVl7LfO6oPbP2oZ5kce41h2/vJpoK1Y6er/ZeInO7LcFnFQMqT3ioAukOA4o7db+sVvg/jNfAvx+qr/FKa4lq/NvesPVUv8XvOs5fP+G669T/APq6pdXzMFnaT244zIIKpk5kkH8+4LU0oz0ENU38POCzySEyATaqNXaxvyMXYV6VxgMW9N+tqEsWjXHnxbCrOq/ShsVJX+EnDpAD/OxAGyP9n48EqaC5O5LZX7Q/nXdPYv8AEpeOmS5U+aEGiWWoIO35iCbc2bkYqrtn+G0vAylzJErOA5BQkrAFwSUi1ddHNLG0SPWKPiQm0qtkSfFSqSqqKipVJU1KRzUblRrzUbapzDVu1jeyeIDESkTEqDFqpU7+RLP9WvFFq4ecNOUhSFJKSQQQxoWsz/Bt3hzM6iw6CMQXbMEGGIIDEEfnxw7eoGII4cPiNvb+DeXZgKZySkkVqzjQVp9i8Wpg0FMshfeoQQp1MTr3n++sbdfBI4zRhnXFdWuH6a1hWOqzOqT7ejba1vdkeJJw8oImEFxl7xe77l7nz6xBe02B9svMhAoSQwtro3XYPG83xG3t/Bpo+bvb186xFWam1PKAxBAZwggfH7Oz8WwagjcGCBQaenwZEpYw8pai1QfC5YebHS0aGUZ01OWjHSwJPyGrFutIwkWGMoXxI+FCKywtw8qFKlcF4zwDStvO5s6bJSK5obS1ShabW35osahO3GNSvEFQNUlTNr7p0D6fZi6uxclUuWnNqGFqA+NWu7+cUCxl6YhiOicbszMhKjQqguUlSBKCo2EJhFRfvFLpqrQkM3RTJGqUsnUcA22L4ZSEJ0bx3HrxQKU5ks6WS4oz/wCpweYHmItvh0pGEJMxi9woOBmYn3g3ukWcaO4MVEOsY3lYnJXi4mOHPZUlS+KIfvFbz3KNjiApWBtEIsN+U667IlTjxSWw+Vzo2uuhyRF8XReebeF4eacxUqZUPVT2FaFgwcaAig2MOM/jclCQhKZdiEgJSAEj3aF3YMknU1AS7CUMUvGRwCE0No/p0xw4QM0oljOM6CLDY0e5JsbvFJUVGiSKxudEVy6lxANIKxQSAZCLKjIU6qm5bvEEsdnHXrqA0Ncvi8pKnOXoQm3JwNudTpRo/wAQnGiR8Jsvk1Fo/EqKVSa5fAqhE1N62VIlU1UBoNsjlSiVlYy1iIsCSoF3Nwr3jU7nvXoz1LNDjL4/h0oV3ZbsVHupqQGc0rQAPYBgzR44s+MMZxKx+C2I6jeAHIolK+QqXKBfB0EolgK8qIfpUHXnv033cmgAAcDlAqjZ94XeS688yn26wU1U/ujlR2dqDuk1epvpCfhmJkcXmE5EElSkBQSHaqiMwA7pCSakl9bAKPwk8UUiolmUQWThCl3cmQKzZdqmqSsDV9TmhU8ZliVKTawRdTRKZvnywEOU6IuEjoiAuCAhxKySHUWFavW4Apdq6M4OsIeN4mVwmYmWySCtCSGSWUohg1WI94uxAKS5BBiQIVvINOYlRVHx1VRVS6tSrhshhAmVJoclStXhUqDZNJYryUVuVKfAFFRVW+/7LAFGAKHlA6Dgy1w/EVoUCZi2ciqlfxZWqTrQVJJIhwm8PkzpKVgJAUEgGj5nytoSSrug63BqImCE8TYvGMJ0FFlaIQrVhOqSwTUzN4UgaOKxJugbiUmgm8PnXnwNnhdKg5TiZfeB0ZgCOevaTYXjGVIClFyA4KieVyz9W8LgRzF9nVrKikZSxLizgB2s9XAI000ix6bUafUhaVKRN4eVGpUbTqo1KQ8O7boFplw7iCJgABA151/W/wAXiHq4bOlqVmzFibvoS17ggHpDjofk8axZbigZpoSzA8qg8+VG6igjdB9kTRmIcWZvu0KdDT8b+zpl5i0YnDrKS5JAs5LetrC7C3OHnDYhCSLC1QB8WGvz1pDkwOn4/C+Qb5WadMaxOEddUgh6uBT56B76X1lGFxq2CRMWAaBlqDPpQ+R1hbwOn/8AKjWfV+UvwZOvDpSCyEhtwB5vb0+T37NcwDKpdh+Y0fxG39IpPE74O6D62MhM4bnxrBY2+iir2sQADMLkqccz6vZpU7pMgmmUlxlS4Ne6Kk+D05X6VjT+ysSspUJk0AEEgLUR4gGnMDaLj/Bp4q+M9AGJBWZIrGkQPqrKjT29hWbJZfZ2K5hndLlXJyeSJzyQEMoQVTtog8uMrQAXXqW7ZdoVcB4nJnBSpYzpIVLWZSQQpLuA7pIJGV0l8pzEBSVXx2L7MDjfCpkqYlMxXsiDnRnKu6QwzF0lwDXNQMA9RemD9AEAcaGKeLeWz9VcVCo1xk4BFMrCc0NVYBTH2HpUM+ZU2emqXiJaASCIp8ICMx5Psr8F+2UjtRwyRJM0LUlCWdWZRa4rWjCocOWs0eOPxm7JzuyvFp872OVC1qY5WF2dgDuKnfSxvI3okUAG0UW713r5wGIIDEEGGIIDEEcPFDcG4e9vMCGURWnq2kXAtAlCjHpbTrvC4lVIoEQpCpbJvD6pNUqbFRqVGstvRqnNnLD8RmYWZKSkmsxAIvTMHd7UO/VqM34jBpxEuYVAUQoiz0SepNeWsdg2LdHBPx+hKlYkFnvXNSqKrqoVRUOdSkNk9/Re18SFpmSpRSpKiZaDQg1KQdCaxUc5JRMmAgpAWoVBFid4nVuzEXBHhHJwbEGAy+MwXYFxpBFSsd6O/wDBuxb1+tvT86VVkqlRs+dRrmndpEOLWDtNMGFw6jmCe6aFWU22J1p8NHhfweT7aaklJNatYVanzr5UI5FYGRcGGsWkFFoxwI3NAhavipUm5SAiBodJSqjVKr4CwLjo4BDKhUPAAztABAJut5f7R4tWIxKkg5nWzirOpuehahL1D6xdPBUJkIQaFspq2vkwFaiztURoxjWQRw+LIqoYcKspLQVRSlwNAeKnjZKRbQJWqSqK8P3gNXHnRJzxwRB9GKIZuik1YfA+685y3UskV2clqQlRUkukE1DuQ7VJ6OQLnWJRxDiigkBD2AoCdnc1qbUNtbRistqfIkyq1SYBVSqKhNSqqjaVa7vsW7Zr1MhmYOXg3QnLq+U1fmxIHN9dCGhtkzJmILklIYu9H823+zSITwzORlWRkFa3a91gT1W72Rfs52Hm39PlBNBAIzMK+JbUPRudDrHo2wwwJYihLX0PU/p8mybOmJfKos4FKXuaaj5QeLTUxTZiVKQtw+qTUqNSo1KjXQUGpUa1uVG2oOLmWf2Um7BmBuNr/EE7dCIe+E49XCA73qzhnNTrz2azhoB8eGCkUhqpFIYVqaqk1NVUamsudzU1Nq2Ng4tDTNsHhSWVQOEm3Lx0qdQSeghu45j1cXmBQJGVSVVf8pe+ot13aHJhsTVB6pSuEwDmpKr9VRUvHO5qqkmk0mVf92qpVUv1unujy8DlUSAr3lNfn0A6F/WJDg+0S1ezQonuhKQD/lS3j6sDY0i42L3jsepOAK/hvV9ar8qNf8VduaijKrnUTX9Wj2tVFZ87gN25qlrQCwLJBL7MPk0SjDcTlzUgFaK0YkC7AOTvFrsWxGK9RYuMP41oh4DiKZs4u34qJY1dedKo5CWxVVRYJmPKddEnie4RlguCpAAXVgLoo5aPPuC488u7PcSWZ4StYAe6jlcPfQc/I1DOk4hw5Ps1TEpBJKrMqxIFRSoDkXB7qqiLPo9Yp5bJsqUibw/NWoZFJqUGpVzqUmpV7nOkzpTvS1vYQonIT3gsEBzmGv2BFZcTC5U0gBQDgmhuPg/3zh7UNPxu7emXmHbEYYBJYOGfm9n+WxHSOOGxCgQHJsD97bfV3UqGn439nTLzGN4nDpzHMGD/ADcA1+dKjaJLh8QoBybENQ7Wsx8uerw5Cen44nq3zsnYE2nGSQlJIFGuNq0bw9amJPwziSpi0hTs7VevV68jS1odtDT8WcDPRoHRLTCsZOKFqHPR6V6DxtYPFm8PMuZLTZ2rannVzr8KRMcJVjkStitSBzVYVGoaaqNde2e3ZoamfxQ4Mcfg1YpIIUkEghtG+Y/qYuT8N+LIwGLGHIBSo1D0q9hqK9G8IszjsI5QFqJQGMgicANTVf4q6qNYqVUUzrWIsKzUpqmNMPSq+t8pUL7RI6f87kigddiz/p37YT+C8SRg5k9kmdLR31ABlLysAT6tttEO/wCo7shL4vw842XIKjkXMJSgmwB/KLPfVttbIJVVJ9bpsqWybw6tUqqioqVRUalPNRuVmpTWxUbBo1b9jfU7DzUzpMqYlSVZ5SFOCD7yUnQkax815qDLmzJbF0LWljfuqI+UKzdrlhU7axoUqFSCBuQRBhiBjsfIwGIGOx8jBhiBjsfIxwvEJrWRd3z8eLtF7eWZcwA3cCutP03+3t+FH4/Z2fiznKmAiwBGlPP50Z/Q+dD02jU74LXGM9W0WvVupMP9lYqVVozUTqr3UbXyH89LTzsjjwmYlK1k7ZlE08bdD8aRBu1OGExCsiACX90AeNBd9/jHSU1qT1ifLBQzgVIGnhzvSpd+Vc4aQuSs5irUMS70bR6fekBkUL4DZBYg7EHygFSBvHM18NtHfKSJCVgCWmGakAU5VKv9ajXmr/cPgO1q1/EDiScTJUhC/dDUJ0DMCC46bUOoiY8DwuUoJD2o3jsOtRfxjEaHprVpl0WW26w7unW1GYNJM1ZUc1TVVS/i/nE8CihKbg8tnc9KN8IvrBrGGIoUl7yKiSYPPwuKyo3fQRsIicPJOqpnD8PxGYiJMAAL0HxEZ5W8pGiPzTFtpqzTvKAcgBy1WYXYbAeAiTYFaSgBQTYCrGoDN8RTSwuIzUirEZQRaiSqokKTnU15qKvohKlVqVSfAs1rJKi5Jq9S/wBtaDGLCQSkAaBqHqGa+3KI7bqLDoIZSSbkl+cBtk3HUesYgMuFh0HpA53gNmCE9uUwClBroOUFrUj6ofk8axZrWkKzhhXMLDVxHRExYWg5lUUk3LUI0eLpF+Nhh6dxSyqASJw4zKFWaKheOqpUugJQBSgDM0dVVVpU0nYeKetDUgfGckklCpQDKSpEAjU3hUyUvOkqSyiosSGDg2BqfCzVvFnYTjkpcpKCQot3ipi1SctasCWGgSBUNW/pBhZDDmC0FsZ5zD6uS6rQUK0nHytDUR5ZsalJUk0pFhx0QB4VqnD0MnVeAhy1ekRBZA7ykxJpTwjjIwCUImLUKgHMqzkCtSwc3qBUmzw08VwKOIIMwJAGUn3RSmrOHAuXIABLtWLUUNwbh72svDY9E5IDguHvSoFrUsWrQDVzEDRgV4SYorFiRUWrQs3hSg84W6DR9xmriUpU1TgG4ZjtzbTnUEQ6yZwIAozmgYV8hXbeFLA6fjf59uyxmvFyzks4brYdGqzc6w+4JaczMAbaDevxP3d7UNPd59Q+A9QhpaE46WxWW3IceNmt8H+E44fNqgZjUosrw3Db8gT4u3A7uke4WivFcAOKcMnyzUlKgHaoDixsPsDaxuFY9XDOIyJznKCgkAk6A6dW56mxjUTF7X+WyKqwy51SuajWVtblXuoRDZq728q4pU7sdx1OIdaE/tSFOCRaYDpto2/OPVElEjtlwBcgIRMUcLNTVKS2aUQAxG/J+bVis+K9gXqTiTGnE5MgACpAGoRUgCATEPUDFM1NgK0oVTtnBJdZVw8G2WSWQMgAJAH1O/BLtxh+0+Bw8pU4LIkyk95eYhkAf0HTV3+UP4s9hsT2P4liJipSkpOInKHdYEGYokMNK0ZumsXja+53ssHOKgoKzaHmKXpez1paKnHEDjpCUlCUhNHAHS7MajQ8rBgXbm713r5x1yjYeQgMRggMaCx0EGGI4xwBok8q0yq28NOufR3W6G8ky5lvtj5Vd4tiJsp9HR4s4omEprdj4tofL7NyDBCamBaZFRkWyzTon+HbpBnXgmOVJnp7xS6meo1rU2+kNnEMMJyFOlwQ9vTnTwrvHXtifxwL4/QTSqk9P9qirNSq+1SrWPiAtfnApv7TIBzBQyP7zhylxa1ajqLOIrfiWGElZISRW7M/UcvhvFom7FKnLJNzYHeGqItjNFRPwThuqokKPDxqpKlVa/tX3VO3pGbcZ6skqaSQCJayHLWSTr0jdCVFSWSoupNgS9RyjhXjBEZQRaiQv4kKTnVVKo1Nv/KuNFg7G84ca4ivEzJoKsw9osb1zEUroanSnnanC8OhKUOwdIe38L+FXAPwiLqHDqt26PLr4k0ekshy9XNyBRvk5/SHPEHKQEkXBDVoTXyb6w5F4qqyLSpN/SprWpqM9BVzUNn17+6A1snmEFmIaurtaHjALWACQoOBdxUO/jQG3OITpqDjf2dE/IW1XvH70gxswlmBLXF9W36n47wm4HcO4O4G6ukajzEJYOtskhwXo4r4xljsfIwGXJsOg9IxAbMEJ7clkUqNdekZKVC6SOoIj6pvk8awZsWWKn3JY0eMXgUPyeNYtmWsYgFJTS3lTfT5Qr9rMwygoGhA8Lddx9BF0oeRdGJA4luLgY2JVAR9KzNVVrOqlcBtEETRBFP6QzqVNkJsbJ0QmHPAiABIACL8VkrlTEqQSwWk0BZwoHTy8HJic8FxSZyUpWygVJNSN3S7N7ptfQktGrpPQF8OIkGsEww/NVVZfwr+lMgDU2qk1SYavVqe2I672RNyD+i6tadcCx5WZYKwWCQKjQcvm3I3ZH2nwIw6StCTUE0G/RqHp0qYlrA6fTx13zCWgN8xBp77NK0OWLh7A6b9OXhEFwc1WcuSL+8wblXy69YU6H5XGoWZsbLDKyszFm3FywsbM28SPBzCFprqBSldX5D59IeuB3DuDuBoVjpQzGwLkPQUtV/O9qxNsBMUMrd5iCLnYn7GsO3A9H3mgnFMZ/Z05MkAlKrkCneJ1Yi56XrFscJwSeJSPbKIzpCSlyxsKXHzfxc2HgcuARK2KTIbSo1kVmoiGk0GzRss1i1JfiVwJHEcMcXLDKCStk3LV0a8Xd+GvG18PxCcHOcoK0o71AS7A959WIO7bQp/CeFkQYcQkKsbKEhgJUvoBPGhUqzN0RE0OICRSqsnXwSkACKYPixBRCDSGST0gABEGkf4A9t8TwBSZS5pSpK8iQtQSrK9AxL95hytekQf/qU7EYXi0n9plSEnNLKlLQl0pJYzBnAoygQouHKQSGZsToS420UC1bFSkytVQmvvXOpqbVvfmk14s6G97cE7bTuNLlGYsgEoqosGcAkE0Olr1FxHzl4p2bTwhS0pAJBPdTfchncN9ho6ZIYxGT8WkSVLdN+9edfqg1uNSm26zQP4hdUo55aFJIU6El0lxYPZ4jpBHx+ESG28aqseh9IMMRwj+ebQ0/FnAz0aB0S0+SUe8PH0MWxE6pw1rIt2T2+Oz8tLOUvXw+cEO34jb2/g2JxJmJUlwLlqNXRjp51jqcqwoHUVo+hHi3zjUT4M2Pwwli1kSo8P9lV/IqD7V27L7fyCz+yfExhZSULXowdR2q29K60iD8bwxUSW5u16OaV0fnfaOlxrQ4djJ0wEhAUCKFgWFSLj06l4gk0KQo0o9bMdH2vceesY0/CTQBxwMZAxybhtgCVKoLJXO2dVVVJqbmv0salQd/YM7Yr2nmYoomskjuKFO7oS31sOhMSPhE8JSMyQ9LgH5PStX2YsY5Uj7AatMzUtvqs1qoLtM56+NDeb8QSZiyTXOsGrv3ib6hxE1lSywNe94P5GgHx6QXoaDjd2dE/IGyYSGq13YsNPhDrIlklLgFimh67avs3xhk01PIsNTL6V5qv5qEp7LjVRD0sjc7nzMSogDKwA7osAN4TcMp9PHXdIJaQ3TAGwz03p5wjmAEBw9frCbgXNhTvBsDBMXJU/81PKjcmhKZZl94DnX701s0DDubOkfFsiWlDOoUetX10c05xqrGFDJCLuHIc7X0+35/DOOCcEEuQ5Iq9GprXVtrcoTPl1ZxqdDXX7EBumMxCUuCwqK0G1GH10flGEyFzlBSXoQosHsxAodubX0NPGi0faxt4skPs1iitNyS3n9RDjj8YpSACiyQGYUYM7s/izx7NqrDBTsTZ2DaWv1r8oRYSWZqszavW3pzPrvHiW81h97uFk+DDFQ5//AHEdsQKAbKPwhyFp4YJsyKlIW86pU1KlUVfaqVNik1Kp3j7q1W6W1x6QUmg91Qdhsn6nzMOnClFLEEhlJN9lL+g8htFmokR4MIk42apj6ia1zSbCMKys2zT7ApeRRkmaydASf1kkJoaWDO1WiLo/pNHeFzf2KaorUQ6rEmgBLPVtSQzUNQwiwFqTxKUQkBRyhL3okFgakVNQaFmBByh9sEgoSBapxLLROui6WKgrK1SWA8AgLpWaZ1EBAbQGd4DaAhaE2tnhfEE4uUMqgRlcEF3cUq7Mxejb1oYrjjWAOGmggAJUpJBA0cMXAAqGY7tDsoNH3G6q92Z96mNZP7xPj6GH+XXBu8GhHG6LpSqrUs7eUWRwCstL1929dRDtwPR95oLxIBSHUATmIchyzgNXlFocKJCwASA6KAkDyh24HeO8O8GrXigzJng94MoMa6KDeVIszhByrlqFGmSySKG73HnGkBAVF8foAqqHCjzoVL9AqqFiqlrNSo2Sc99RmojOembUXwkTMJ2pw+Va5Y/aH7qlJ/NSiaBqM3wi5O2RlY/sniAEIWRhjUpCnJReoq5qWu7neOJZFU+Hlpalay51KiqqjXTnUqmUmvfaPi30W4FNCuAYFSVBKgmWSpLgn3dRXmK00FK/KPj8pWH7R44TA6c0xkqqHqaJNBSnKjx02/BdqMwMobxALQ5qKlUVGxVuNUmU1r+6r/zb1J2JxIm4EPVpaR3iVEU0ffm1qijxW04B5hyj3lUAH8VvlGn7OprilNbvAbflb5/GG2bcNZy3wgMq9nz+H6xyj+etQ3hvHubyKj3h4+hi2IdiQNatMtOizVZLiQ+LOMsitRpqOcETq3RTKqSC3Nr2t0gwxCnCgzOK0pfW/OlLawVwNVZNmRSZT428WWWA2g4nMwhBSWCVAm5oCC2uxdr2bdDxDCpmaAvroHLB2fzfeNacW/4TRQQlLatW2H5fpX6KNjXOpRdzSa8Bqa0OB/iDhwlKVAAskd5xoxp4amvKIvjeDISHCbuaB/MXOrvWt6VRMdj4Wb1tIk1hxAHADVKlSqKqqVKqNrDWqvokqunb/OLb0tnjnbfBzUKSEpJUlSQRupNLc2bnTrrgeHZCHBoaODWu1GqbswrGDVNeO8O5qRnqzqUoCilqUD1JLeL/AAiZSZaS1hQa1OlK0q3XnDaOaw0YBmoOzjRPTezYsGlN/lDlJQAQaOCDcP1OpO23LRtqTWZYfORUbfZX0SAa/pWzVoZHD8quVq90WrvCYY83Gn2Ua9wsAgEWuCz3hFMoA9KvWlK1j9pqfNs9XHUPSA6gtbXFY5MtPvJcC7saVpanxeO+EkrxiglKCqoolJPoDz2uN4s3FnFQiDCXFvS0bojSSyqXy8Kkql4VvAFaE6VFKKxUibL4BnVB17LlIgngAHnRGa3lyQSiUjc3ix9oEghytI7pehU1QB4X63IiRo7MBac01GRRBZwRUJUpyCKUBvSg1U0Vboafjd29MvMJxh1AS0qSRVALBiRRzvUv9vEA4okyphSnRRB8CrwuPsw90DDlXRbW6WhvDnAXjRUqozeKiqToCVlIg6JsZmpqaiLuZE4SFJooXngERcdEXgdfEOQMZ4zi1S1EZmZ7kacviB6PEm7N4M4lIBRnJKQXBapAuxNAHbUhnF4tHjaYiEQcXJ4VImcOM19Cz9J40XpSWABokTR0BeNQXxWUvZoJa8CTihmKTfe/RCb7wALHhuNLUoAkkj8xOz9G8hqzRJeM9lxh5ftChThIL5SbtU5UludBqSABFHMDwisr7ezfPVf09LSfD8QUtFXdjWgOz2/q9TdoSqQvDLLJUGLFwRamorzJcP8AEFvNYfe7hZTgyHLkBzv/ADfWEk+rMCe8TBnDPo27u6bA46WMWxIAIu1K3yQuwBySlksGSSAaO3tN+o8xvDtR9OOUhV+1SrbKqZbufeNLQntOpWCKVSgdKgG9K0p91J1mfYCccbMUiaWOZQZRajmlW0aw1FWjYTEhWFZIhfQ4t9gDUTUrmEgyWX9bGwgA6ZLkrVI3hLlJ8JWgIzHsBj/2lDTFpJyuxUHatwaioIsxZgRYd+32A/ZyFBLAFJcVoWYnYFiNqONovBQaPuNPlEZZlR5jcxAZP7xPj6GH+W0E+m7aHb2iDQjjZBXQg1VqOcWTwAES0uCPduDuIe2B3dI9wtB+IkezvZRflURZ3C6LD0qm/K/lDtLbx4/lA1bcQDmYGuSPWLK4acqQrYg+QJi+eKKayBVlv1qlTXo5pNf3UVdHU1NY2WmR2kwxAYmaklrsSNamng+wMWvhJisd2XxeYZkiUoFT0DA61A893eOMyg5yNZ2e1Sq351VhtotnfPrub3f2VmKX2fwhU4Hs03BFgPCzWj5kfiNKTI7SYxUogj2kx8veGtCz1fq7+fQD8F3FRPltawl/pV7VFRrbzqVFFUmpT/sKejwb0p2Axf8A5bLnAIA7pUAbbO+n67VDNcBRINz1NY2Jaf4djiFGhvXwOvX4w2zaHxV8oUGW5R/GPh9Y5sdj5GP561DeG8e5vHkWvBihp7eO7UO/aEhbLnc+ZgidU2a1kW7JD3dIN3gcixaC2GUGcqyGzizdt/Jhgbh4wqoL1ob1gUNOX3b9FuzbslpvZAe6S1Km1NeUIVXPU+sRuqjzADLNpbxt8euYMEk3JPUkxqwFgBDUZObnqfWMwVpvlcagbEbJJcVNxqd4j8+wGstHuqZV+ysrDay/TVWmWu9m+b+bw+UTHBYoIACqlgw9al266awnc57jUp2jbPtDx7G+b+av27MW+2vtBjE/tBSEhsxYAbkjYfGlddYl/F5VBciVslIjma6xby01Soi+mknjAlUfDYsAxcARKlYD8N0I+QGopr9PJEXlPyaMAdfecfkANG+KyFTw4UWs7kEk3AelnYgF32FZrwCZ/YGVaky3YBJmJLFSmqUqIC2FUgElQcBSASTcaOMc1DjsqOFqJWkSsV1AoKH6/dFWKhJRlEpdN6NWFJOBqrUuWRgeTAhk2TGpm66AuSeV4no8oHpOjHpWH9gSVFQq7EPQMXdzqABQc9okXEOLHjeVCEykpJICkqCS7MQAEpHuuSQokB05W70Q1jvYoxhivrIspEyJmaQVXZq66g1SL7ps+VvPi8amcPlOZAHKE4B0JJF61xWJPkgL4PJxUOPSvg3F0EiWpT5ipIrYh3BchzsBpYMkmItxnsbPw5CygnM6h3SbAkgl7lyQBU17pCSQ1YBG0RoLqQtiwmIxwIgybGqXMihKuxqcVomhshDY5do3FWlygmQapzOpni34t1QSB4Xyw9dAZjJ7XjeETjhmRMBpmDEOQ1CKlwaubMH1jPBMWrhKkgpluly6glyliolOoBypJNUskljQi2JbjaRgMBdKzX4SiFoPVWBZVUKsVlVRUdfcALXc9QKS0uVb+mD9lwBO1oxKw2JlF0oKmLAukBhoaFj1OtoluJ7VftaCkZQkpy91GchVAFC75f4SnVyWiO8IxV8X4wTMVojKWKsd62S6WUy9dOHcUd+CcLTM2onQqxKFBUbFTybJzhVnr5Qn0iQJ5xLu8s0EKAaN12kcZxlY/GyVJQUUJALZSGO5YlmNSGsa3iPYlKMWFLFO6tRHsmfM7BigF05WASApmKsxUCc6cD5tq23mrp7eLbNssRLolWYgkA63I6xWmJnTMJNUlIBOZTOKirN5fEhokiFUJIoRsUhqm4SpI1VSqqo1NqqnaUJUqGtq1Na4s2/pfSxDpAG2MxCWBU9Wd3rz/SH3hfBJ3GUe0yqGXvMKWDmzbFg0NIhp55K1b9KpXSI3mxT5CGoQ0yZt4+EnArJAPdo9WcHWsLeFS1I45JloOUBYScpYd2hLBnYvpqTqY0hxXDsU5H1Ll0hEqXqUVKBGVzpoVlQRASojqDlJczCcwtN5SulFOxeK9nj1JzkDOQA51fUUYAGzULxbvbzA5uB4cskqUgM47xUBmoqj90KLVoDYRrzgdBx+N0w3Ts06bixc0+zBdQ7u9S40GpBZtn1eKY4fglJmJzJsdQ9jaz/GHtgdBo46rpBLQO+YA0Kxs1yp1PWhJ8R5WLU56xZXDJXs0ooAKWBbr0+FYdpbQdvb1X9na0RxszuqDmrhwbMR+r7PrFhcNlupJHLStTYdAPjD2wOg8fHTLplLXLU0Kx04BSiWDOSBV2rTkzV5eEWLgJavZMznKQDX+EgNTU1OwHWJ+RK4wCEsE8ZONhkFkK4VqpUiF2dUqk1YbFRT/t0pKtI7WraZglcU7RYabLBITNS7Vf3dbfI2LXixU4+Vwv8AC/iCJigJipU3vFgoOtbMblnodNzaOQIowIU4XJYuGYiVlZUViIjaIlZSIiIiM5jOc7b5i3uDhEhUvs/hkGiwgKJYOSWJs17tvePmNxjEom43HzXCgZkwAmrDMoCujelLxdjFKiMYQ3iQlVJoSqqKjWqtUudd8yEOL2n3Y/FKRPSkrIDjXnZqUuPnpEBxMpwSzu9uvg/T5mvWOmz0vUibKlImzCtSo1Kq1KjS/NU29H8Lw8vEyEqcWckGpYPVt689X3juIQQqzAE1DVte93hYZf8AsUrdUcvbI5+Ufz528ZxasBiCHolTard8xtv0+fRdMWUQRJFDzd97xFiMKseh9Ihw4NVBOrTKWzfslxMNzIFXPU+sIVXPU+sNKhp7vPqHwHqENLYjEFqY139Vtuy7XINF7cFXPU+sECmp6y3W6bL58b2xBCbhmA2lXA9PF+1kE1J71CbWB0aFisSqUUtan108OVKw0j3ABLi6siwJlQ2axKRnIDYLxElEQslpuZtxAKULUdEk6hmrc2oH5dIlPCFon5VLUKEK7xD0L1fb6x0CYlcc1G7iwGeI1HyDMVlU+6mDQtKUHVQFRsbQFimPKA4KjU4yYGaaFUmr2UY+yKSEEEOWaStaFp4imYFBS0gDMGJAoKUBNBoLUoGq1tcN4IrjWSUZS0pypSBkUkZGCaUAsKtUAg6iLzpuD0IC6HCVhx/BpgCVJVLFRUVFZUrEqgIsL+qrfnUanBDz0I2/OlV7Vm0Z4rxISyQhQIqGcE2A0L/XmYsvhfYRGCShZRYJIDEszNu5tfRvD0ijAaGcZxQD8RCMVOmEAamZqUIN2QIM1NnCxwtdOFOWy5Ro+mCWjMxAhcF1KBWygDlcl550WbD8VmYZQVUgmrh6EEGlbgl7OHBesSnFcDw3EZaZapYOUMxHdcoKCCHZQKVEZVBQrmuARNBZT4AW+4SofqqqinaOar9Idc9LSbC9p1EJzFwLgnZqB6ej7mI5ivw7kzVFSUgOSRSmtOgfzsIi84S6QTcav4UCJhKbGsaDRA+peRSqkoUpUoS1bZV1uaFZwCXz3Kqk7lEmsq/1LZ4l9q8FNUHlgKbKSxsHerb16lojXEewCcElUwAEhNWu1SBem5DeRYRjJ8KdjIxziRERMYuZgnnksTFLxOpjhMpNUesMyVZu+FI+TuCWlBCJ+SlKeDD6QXE4pEuD76ro6VZOg8AJWS+XxLBTwFBKQAQdPeILEmnOhcE1FUvFc8RlTcHMMpMqYT3hlCF978oIAHupCquCHIVQpBiu0Efg2sY2LQFYmqSfgulTV4JKeKxUaOqo5dk9yhK4XDylAbPAPI5IKWjS6QeAXrXeS7ytMTxjKDlUkUZ3fVrBnpTyYG0deC9jVcaWFrklDuSZktYYkjL3TlcMVfnDXALltVoKYtyBgEtSoxTeACCSVKXN3jSKJqq3ipUGpWgjYDY3iG6aCKYT6OEQMzNQo9PJqaSWEIiYBEUmuAmq4/M43N9vLSMxzLQlwLjMNhzNGarhosA8Dw3ZzDzEsjN7JSSe6FFkqFWtUk0CWzFgHaOfUywggMVuamSZm6lTWKYmaWAc0+yr0QK0TACVCAATTIhK5ByQEAGQPCITaado1hPDMylJGaSCHIDugHUk6/OkVHwWV7ftBLLZwrEBQKXKaTMyS4exAqSxZ2akWyRFPh5bFqC1XTrX10oGQhbaaqwpKDTSF5EamgDqDXc1X9lZ8wcRUwJHtBWrNmJcEA1Y03ZqCPQnbPCS1cCw47hORPdKg7OORL0oKVDUuN5sDwG2WwePPta8sVNeSHJJyi2lAAfkTzbpTUjAy0LBagJ0+e1Naw5MDv6B7xaG41ZK1AaOCRd6VJ5fKJDhZeUy0ineGnP7r0h2ltB+AdX437trRHGzDlVqWNPj1Y+NR1MWJw6W5R3SKDTy+D/E7w7aG4Nw97QfiM1QTMVX3FHW7GmpuPB3pFjcOld1KbUFCOQGuzFqRDuPpEZ2G2ItkUXAAqrGTjOl0oATEPYKFgFUQV6Mw9zOiVlMPpD+i96wxAbwnv8AhbgRxTGGdNTmKZpumgAWXJdrhOUM7OKXhm/FniiuFdhJ2GlTQhSkVAUnMQVhRGUkFlJdNASCp2o45/qb5XGoG9fSJQl4eXJSAQEswqwAGnxrQfGPnbMnrXhZ80glSppejls6nFASxcfrDjSprVpkVGWs10y1eXTbe3fB4hWAmhSd7i99WYfbAuYTz5YVLDChTUeA/qxG9o3lxV8e5PlpalYbqTACrJUqzVlVWvNFnvb8fNrm7N9rSmWELWBQJqWuGZiQ255MLRHcTJKiWSa0IY8r+FW20uIuf/Dhxb/6eFX+1inzaWf+JUf+7L/3o+sI/wBkGx8z9I4si2gv7+3T4BqHY3lmV+Xx+cWTDtOIZLAtLcpPQM1dctwap/hO9l8uw6K+cENInoM5auB6OkNOhuKrnqfWCJaMjUvLS7b3eO+WnqbEYVY9D6RG5wqqzzaW4B5julv4tZPCFVz1PrDJq/b2sRiBTYCX9Fu/r26eydrcFXPU+sEGaGg43dnRPyDFNba9IILYZT6TLZL8++fToBuOKxqJIJBSdyw05NoeXrCrBYeZj1hKQWJawNvt7EdIVIuw5X0JS8zTcSoZxUhaqDUsM6sKIsoFVw7NTgoNBqkTUqK1eQph43nWt4AIhOYANk4rjuNpSiYgNVCwGALODUAjc2tbaJ7wrsdNWqQp1p/vZZo/8YNQVAGtGJAa5js6iSgPVupMmy3moqKgqrYVbekpajuKLXnWUqUAVKNCRQvselvSPavBOGysNIkkIQCmVKdkChCBctctWGB6OGoeofNmvDKUVF1E3uSXtvD3icWmSyco2sNeQ668thHwzrCUTE3Y1rQDXygMO1XbnAVhjQ21ZvGto+/Rw1D1D5tz/bQOopqCedKdf6Q1qle2JSoZiTV9/js2sJpbgOAFta1ZgFVVqFamtU5prb7VnuDXp2Mf2gQ4ClCmhXXw+sY/sWVMIWqTLLVcoQrbXK5tWuhY0hpRNX2AQ4RKqWpirEqlhKgErKlSqzSqUsUKkzCq0sJr9SAdmhU8OoAERk3fhypuLWB3zXc6OTR7ABz16Q08c4rhOFyFd2TLbuuEoRX3QKCpJYM7kkAO4jADHAxtE8pEUUwBgoYuqhAJUoK0uqogCViVBEYSl0peNChAFRsD2R0Mnj0qBQLH+lrxT+mLqHSyTELI4bw4JEtS0gkKR7wS4Ga5fk5PJ2FIoDtD2iONVNQhSlZsyWBOrpNzUB3tVLMDQxQpIfPZK/atn7KKTa7w79DbdtkqxkoJlvVCQySWsnYjY76jcRw7BNhJ2eaASVEuoOaqJcEgnlTlpGq2JbCsVtEj1tGRf7KwrrUqSv1uvzXNJpKUhHJoiNjUf1tN7PmuzX2QwRwyiVpatymp8WJ2vTQbmcdp8Z+1oACypLhgFFr1DW3veoaNYmsHETXSz6NS1G8OTWsNIjmHlgEcqnXw89d25QsFtBf39unwDUOxo3iZgOYHY115WfTyfnEkwsosgZauCejv8fkGh7Ft48fygaB4/FJkBQcfmrvXbT1JppWzuCSlTykABmAtZqMG18t4dlD8njWLQPHY8z1FCA4USmlXJLA0GlddYngwiJEvMpQGQZtqDvOKjxoRzjH74RqJwxHj6VIcsMByUgEljWFZWGgYgVsJtHw3ENYLoSuHYDqhJKd7XP8AhRwSZhJXtFS8r1fL/EVEaPq5+tY8q/jXx9HEJhky5pUAChgssPdFA7MSHNySBQUjPj3n93wa9pCh7ZSSXYGnMp+RD0jzi4lSDmAAJsQGd/s03HgvNqq56n1jhHzQnpgW5tLMPmBr4flMfG9shSk+6pQ6Ej0MalKSGKR5D6Qieght7W29tN/92Z/vV9Y5/syf4f8A4n6xCabCsqq36eBv7pBO9muV+Xx+cOrjceYizJao6tLTUtlzqVVVaF9+nWPRvsmy+XYdFehgcbjzEMnAyovq2rfQNI75W2W8Xybiq56n1gcbjzEJtVZN823hPnbd+EuJNiMEhjUWOohpHxHWWcy3R1D0d9v4J4RKuep9YZjEYgw3EguaG50O8EFPSB1h1h5NosEIWWNEqNtgY2QMy0J3UkeZAieESRQ+TKkxWFupXnIrFSpNFQv4qQUKTQuKDYpKoXRVVxUVpRUmvJUwE5LEUjSpS69NMArRSlfC6FJR5KC0BXjV4hZQSaKIqwsWY5t9eTkEGsW/2f7PSpQRNIYkBRLpuA4Bck98FwwJZ3KCz20+ELx2o3Y9L5iWxdwBApQnrczVSEQEPCgXysoVAFRqUlZuaLxYPqOIByIu/wAlNUiRSQjZkg4AzdFcKM+WteYUQojR2SWBrR/vcu/EONjhk2VKRQ+1QkMGZ1JDgkLDvUuks/usC++3r+R+MenEBFlFYeIJVVJUpNSr6VKDUbVSlDWd5ymjytU6sRtAaoAQC5qc4shSVLBSQApQqGDB2+LWj1JwLiUrFyJIQtCiqVKfKoEk5QKgWKfzChBe1oIM1YYgKLkC9zyDefnD5i8CZoCiCGDmjW5+FH5aGItWUXYSQ8MxKohxWhchDcAF4ShULxLpY2lYHKqk2PRGQTCYyEAEQmNrPCQV+4Ctg5ygqpvR6QwLny5Qda0ISDlBWtKQ9WDqYOQCwd6HaHCm1Uj1sXCpESrUsqiuYhWiTNStWFQa5mpPb2X2Ng6g9CD6ERsJqSRarfmGtoW/jneJ+TchgwSSGL1YuW8vv5r56U4dGfMLA3A0frrQ6xE78boQuCvzF+JKWdK4Vumby+B8zEnyRdLTQ1LHHjQBCfJeOiwzT7opqx5WFR6jgsEBHccOU4/u1sSPyreoelGsQQ+he14xie0iZBUlMxBYqScqkkZklSSkkPVKkqSRcEEXBjFrG2O4oY4cJTbGNRJ+ZjAKC0QDYoLIW1W6WGjqWKEqlCk2jaYvuvPuHZwJ6aKgQIVGPskkbHBFwVeL887PcERLJJABauZmDFwASWYsKs9KEAl6R7fcamzQTLKwlVUhGYEhSUl1IypUCHUMiqChKc4ATCXwdMO/WNjQpgxMy1w4SqDSSqVCqK3gESs0rQtM0AVFZjIQAHxBUV+IvA8HxZW+7IBEHgkPEcT+xhCUA90/lD+bab1u0Q7szw08TJXOUUhOZRCzldgqhdqbVuATrHghsU9QmmMeq4DIw/Ln0tBpVqrL6IZUZlRsBWmFTVGQoFj3KtWzpG86n3k+AvPJJXlJ89SAAppsyJKsdSYhTABwoEEPVLU902ALAaGjF3lqTgJhRKMsBBUCErzEd4lLBiwIDZW7rEJJCa7rolHI9EpsqRCJwCqkqlSqqioq12+9vpg6lWqiyi1G+1naXgUYRsqQAfP71oPiTDlLxKsUO8XtdyDz6/CotWHfQ3hvHuZNiJpCWJ36dKN49K2h3w0tOYJZxruTd/BjDswOg0cdV8xnoHfIRaNYqblCq6G3Tr4N0FHiSYaUTlYEuQS3I2+p6Q7cDoPHx0y6ZS1y1NVvGMSqZMUgOBmIfQa+VwHs8Wp2ck+xQFlJoByuKm55efSICxlcYz1BJsrMk4JUaxUVQVVCsqNpZoNbjSIRqUzARJYavVSophMVarqhRshynteOzfZr+0VS15CoFSTYn8wJJLGtCz3ZrNEf7a9rP7MlTJaVpSckwe8B+VQfUhqtQVatYwgMqAwTZnk2ZCamtVDzqbc6m487CbGprLnrOvAt6s7N8Fk4DAUypKUCjB3AF6uWtpW7x4W47x/EcU4gsTCpSVTVM7kMVXfq133oIL4b/e8W1kqbFzRa7ULa38fTlDbxZXs8LLKbuDTRyBo7X9YLUNPxu7emXmHS8aJqlJ/yj0hSoaDjd2dE/ICNo+2I6e05fH9IiJB4DZWVg336e/x3sgl3T0+UaObOW2eJR9G2cf2mXS7Dor0MYgejbOP7TcVXPU+sEFsMpw5tHjVstl3tiCIcUlBVvNuHmhqPE/LrmyeCG36Tt4/ssQQZ9IHWHWHkxBApqDjf2dE/IdVh0qG6SPgY3l/vJf8AOn/kIklIJRHlsJYfrdNZVKuNMQI+xUhYapQCs0KiqwphOELClLKo3mnzY6r40VYrEHpCDpunxtAQeGscfIVJWpTEHOrQpFS4YtsQCRQl7FwL+4KhKpSa1CUguCB7oIDl3oWcGper0Eo4w0JD6AS3FFLQ9FUmZrCxAxAMzN4rASx0zNjdVpRUpJLPA66DxMB6lpI8QddnfyQAZMYPiS5ToLl+6dXeheh0OrbQ28ewJWpIo7pqBTM9WBJIrUd41pWpL6g1GON+J1EgyLDdDnBXRqcmLFQu4LqozKy0DUsNnXi4pXqTMyt5R1Ksvjy7JylF0R5IldIkls7TWOpdr43wvC4uWchD5TRgfeJOiqAlzyc/mcRJOzfF8Z2WWhawuhSppi/ylkhX5vyp7gIDgJSSgtl1ohnj6wCiNh4YCGHqiFxiI0hSD0VC0oSqXyoo3nDMUAWroD7IUzWD5JSE6hoyCmUlG7SPHAuuCLzr4OwhXZmWgkualwQXDAkOxZQG2YbMRFv4X8TTxSUJR7qsoSQpIS5KCrIFMQtQSCSEKUwFTYmuq7gSjoS1UZPYyxWVhFNUmxoUqqK8LCqIIq01kVVobmq/SAJgKkATYqTwqFSACRGtiEJuiMw2RwmWosVKZIygZlMGc0clnUSogEB1FgHpiRxqSSTnAUVOSS4LmoZxXKGBJoWJBFD6YBC2JcAospZRpaI8LVQvV8JogslkwhjRApg2KwKTZVG6rijyVuoj45JIbkaXAUgCao3n8rTRPI0HgdU7/KcE8IklLAEgOUgkkuzGzAOcrln7oFhVqx3GkS1BS56VEEv7NJQkt3gVOuaQUsye8EkqU6SSnKoxS+ELMITGNHCg0gQqgxj36QtKCtLExqTvwwNjRSmtGWIVXJVcHFI6ozckUZ1SA86L6Xco6QXX0UtqSdHSi5rheD4hMwFSSE52DhyQTsSwuGcgE2JIMNeN7bSZ0tSUzQVpSkAFZCXJKUAqALAqDUzNdjQGCcfyAJensTxAmLmGumZri4PJYqM1O7yxdVhWqzcqKV64ZA88+8c5SLoSqILgvvPDafi8IiHKaaYPh0xKUvLDO5LCget3LNXcgaxBsdxJE51mcTkDlRUHITUksAGJGYhITalAxlnFsXEPUTANBQlTGBG+MAZAljYF4WIEoAzQbxkvjY2Nl2Vm8UTd9NwecJhdNTRPC6CsfVjtU8kEe8AA8MmkcGmzGyoKXuUuEubhwE66s512iIT+0Mma6VBKiHCnqHBIIcjRTu4rqIjvF2xVT+DBcvi8xXdUJReqdw0NUnDs0NicxBLlbpoUppKKeMgvptfGhInSg1pKR51LvJGiF59QDRq1TOCFC47Seyq1MtQCmILKDqZJdiosVECmppdRLlr/ALYSkqEtQl5gR3SQoioDqABUQmlQSBcqubxpsqT6bLSpNpshKioqKeaiopKqpKij9lE85a+jQEmc5spCE5QhIKe7RIFiBtG2EWpcwkqUQa1JIqFHU9PKHtQaPuNHsVc9FRM8EWQjp81Q5C2gv7+3T4BqHY0TxMx8wKjRwz87aeNg5HICXcOlftKwAHBaga9j1tu9xsIduB3jvDvBo1ipzBW4BLvWlW/qOb1iyuGcJASkrAApcBm0qeX11aGTGaNKPgCictltMbaqSqVKZiqlcqvdSTKrv/5G4GjOA4bN7QYgJCPzkUGxZ6dNxUXjvx3tThuz2GWAtLhDU3AZ9NKXarRhWtl+sIkLY1iQt8P9qjWeaikc0pFLFXNKTSv1KHQKuV3tnpa/+ynAv7DkozpDsBUPfbmS3OnhHkntx2s/8QYhfs5iqqNErVbY1a2j2fVnci8wEvUiby2LZVoVc66/y09jTLMrQkA6AkCvKK0YXYPu0QlTfJ41g2NX13184ye971etfWDVX7e1k8EFviKtv6enwvmA6Z7mIIM+k7eP7LKI4Odz5mERE4DVqbHX+QauLNLIJd09PlHeHey6XYdFfOCGz/h//WbibnqfWCE04zbIzG3plZ1cdLYghkmSqMDLNnoGjXd3snghusQQGIIDYNi+xjKTlUlWygfIvGpnwcqkIFLDbGSxcFLgJUbFRoCBj4UpQ2KSs2KjYBEYUr7NRzYMxehaIBMRzu9MACU4rj8MmepScrOanewsz0YVF6M9Ytns5xbNlSzUTY6gBNnNgBYa3Z4mRXYrCOMVsgYjpw7VJYawsAMlEsrDY3iDC0lk8BuV8lKm59X1TJs8AVAKdTinS4SKRkHKkIc8L2dE5KlUTRWzZmOnvGtmUHYOWrDzxXGl0LdspzVAIOWtXBLBiaEOdxSI2xooSRvj9kAZCMF8qkBWpVWwGi/SlblRqISKRKhIlOBPI8KytRAOVN9fBYAzY4f2SxOJWQouCSxJYNWw5UFNN4beKdqpHEEJSlACkgJL0bKkA1y7gPsAS7Bo+0jDM+TOLkMAVLApCLsDVw6NFUcGcfDQrfOFUbUb7rqqK3RgepD8nN08IlNGkh5Y8mjKiMeTSyCjfd8R+H08h0sSRvRjQ1DlmeurDwZpPa5HDgRlB1AKiwIIIIOUkMpimgqAaXiK8W/FnijBJRqtRKRJwDXzqsQRoghKDZVKspdEsMzUTUzeNin1USOnlIBYWgAyEQB4QAf0hBucv8NZp/MC7H3gAdN2DAtuxIoIU4ftnOJzk1YsSQCATUad05UlnuBsHWIE4pEQYCRaVcSIeK6GKZFWFBqVFqWN0Oq4hZKpgyMy0zw4sLDV9cQyn8UBY46Cg00QPUbg0Y0nLdcZX4bzAXK0EEihKdG1zV1YlyHuWq1Y/tdPDpSWSXCQlLZQopdKcrBlKDmgcqBJYCLArWB/rIWyAW0SF4qjVVQrzqlgSRUlYelRQaznaak5F6wPdRVZlToZ/l9jMOhu6iwezuBoXBHnDTM41iEd7OpzUhyWdvrzhx4HBaH9ZFRkZEOVRqVc1GkQjVVRYNSj7KNYkHqoqjic7mcZfZaSnKwAYiraUp0/rCKZ2nnocAqIUCDfWm3O9Q1YlCm+TxrBneZwWRh0BQyksDblrtVxsaw2S8TMWolzUlT1qTXU06C1INUGj7jN07EpkZkpRoRbkbfL4GHSSkqKSTqNa3prSltqACkLZRd0+ItEcS5KiQaqUahrqBiY4EjOK6D/AIqHrSHvQ/K41C0ZxVz0V6mJtggciKaf/b6iHYW3Dx/JBoFippBIUGqTWl9tac3o92iwuz0oJIUtgAAasB1rZm6aGsNKLUYkfBNEmq2W2H5qnVRUVFFqqVyq91JNKlX010+TMC0rmzUSwlSgtSUnKlRoogFyBQVa/kHh74v2kTw6UoJmJGVCiO+A5AJ3fTltrGFcSImrCLUSfWREjD86VVVJUlSn5qw6Krsk0r1SWKisyvlfY1xcB7LSeCJROyglSUqYAUzB/nXUNHmvtD2tn8e9rL9oWzrSxUasptWuxD/GlETA6CsjKreuzi3fYHU0yK0YgBKQA3x50alK87aiK8OFVJWpZUCTVnBu9zX9IFMVGBaZGpb6eHOvjffPiU9WRQAbRwhNoecfu+AsQQqMnggpTUHG/s6J+QkEJvoIbe1u7jceYjgx2PkYTUTQGBaW5yDb3b/w0twjvBk4NRLZ/wCAD16tvHmQQZwPDv8AsBrp8enf5sQQ2z5VmF3oFnbr43sQRF9NeO8O5kJJc1Nzqd4I/Ww53PmYIKU2HdnVfLdu7NLDnc+ZggU1Pxu7OmXmA53PmYwaA9DEuYv8VFfBOLZVEdO4CWGjolJullSlTQ0AqKlcglUTjlOkhNBedAnAXqpUKPGYi6rSkheB18XQdHkZOpDtRymwprXq2tOsP3Z3iicMvvEEgi9KPWp2AdjTnrGqpbjlQAM5VgrDZAmzw8kCmICVNEoVlQ2WZUARigbeUAAOVFozAJiAgGUoY0LAMTRgw3qzDXaJPxHjsucAkEAkMwfWgFBU8rgF2tE6YGal6kLayTmHlRqVGvvUpNa2Kug1J+Nsme8KvIoVYBnPwNjS2hvekRuZNSsHKb+D1tSjesFqGns47tYb9oTBpPhccgAAl3YF6u7Clw9bl25Uhqmyysm93D3G1/PrCl6QGsesfJnUYTBkA56kPRZ1rvHUUAG0GfSdvH9lg4TCAE+0NAfzq+sYIBuAesejIZfvEOSAoMTs5r4xmDDLpevh840UlLHupsdBBduEwk3JNrn+aE6bq6/Mx50Gj7jNawCouAbXA6+tYXyicwD0pTxELZZeO4e9o7jwAVMAK/JUS/h37wdPnD3oflcahaE426uo9f0EWTwwAoS/+X0MOwtuHj+SDVt2gxCZKhUBjpe4/pTpe1jYHhisRIKpeZyl6FtxXkD9tUc+WN5gUUiuPy+TcV1UcmSmQi8dS6UdO+SWAlUEaOlamQZcUFRPRuOlDqkRKqTiiVggAvKcRF1b0r1I49SDIuyK5WJKDkSXykFSUl2LFiwcFQp0YksWpP8AEFM7ATJgWpTglFFKGUKOYJLqJBy5CqozBlMEkCGrhlOXlt/Gv8gHbqFrW0Ac0DB4pompIJqTXqYM4GpC8tzlfZO3jv36LSBybknxhbMjWsjI1Mrq17wus26ujcohaAGFBYaCG3hlPp4675jPSG6QixAQGNBY6CFLA6fTx13SGegN8gFk8IYNsQQGIIaCUUZgpC2su2W789o7QYcGxeCFGm+TxrBiCC9NT1b/AM/s440WhrYghkn2HJ4yt963aNG2/pC3exGWOx8oYFNT8buzpl5ggNz1PrGI+2xBBPDKDgOobh3hfsALmIIHo2zj+02RcdYLwtlpVWRlVvYHA8bpMtyJ0HxP1jQylSC6afTw/TxDmJjoSMv8fDrHuuYyJ2+J+saibMmEBT0bx8W0+fOPFxP4AVPOmiarNLmxmNhqgDIyQJkE5zrYySZ2mXDq8RkLogA2ymE24lRQDpr/AAnq99PINaHGTMKyGL6aFhV9K9fm8TTi3jF+JC2NSwyjRGkrQJWlZlT2VdbGpuqSpWVRIDRYESokS87J0RERHNB9KUh5QnFzMyQkm4DCtTqS17WP6OaJOZOZSSWBZxrueVtteUXbGGq+92YyMZg+1UtAY3kHTA8ZdDSZODxZCSJy6gEDMNRZm+EISkgmhYPVtI+KGGcYP85aIH7JQEASkLtXqoENve3QYLGOP7xZ372gvGIW8DhWsAMs5x4jSa6R/iWKZ7qohRLTokznJBer0KX8LwRPDL5evh84wbHoYLsnX9P+76iEqQXVTX5mPOg0fcZtX7x8PSF8sgKDlreohbwO/oHvFo5j65mrX5KiX8OI9oK3FP8AdD2wO8d4d4NCcbdXUfOLH4ccsp9kg86JJiyGLfV4RIKaywC+tqqH61520h9VS4FqU7dT5klQKQpnuAWpSpsG53tvF0/hrORxHNLnEJNQyiAaO9Cx0tvaM6/hmMXo+/hGwWjYnMBdAriml8lVVY9VhUvoMBWxWJsIDyQOFEhlOEgsHlQ+EbZDyZD+GmNTNygrQSK1UkEFwwYn4+ekV3+N3Z4ylqmJlLyFKi+XuApILAMHKsyu9UMgUBIJx5Mqcvq0C0cAztWtnFvXsa+AQoOkhQ3BcfCPKakLSogpUKkMQRY84L+ght7W2AJsCegeNSCLgjqG9YK4ZT8fhfId8rdGjvC8A5QWLMKtyhb9HLzKfj1CPFg22MOBctGFWPQ+kJtMJgW3aeq+XnpZPCCDNNhxh32d+3xncxBDAyxP9fZ+DEdPZ8/h+sIiIUQFubTKzr0fnxczbKKnubjf7PTnAUVoac7+kPbDMOrJNmpkW4fMOL77bhl1M4y7J6/OD2dQx2ffwp5QmmScLzMtrIzw+qtYT23+VlgsomANYWT8oc2Gw8oaVCCPv9PNTXjs0XWMgm/m8PlAw2EIlN/8BoAOsfEOJMnhog2xBAYggMQQ60ThGctXT32CHXd0CLKZd09PlA53iUaanv8APrHwDqANLL5VMpOjnezmBr87wpJtOKGJC2SsN0T86l+qipKlV+aLjY1Vhr9SpoiKTRRfsibJsQDiSwvQEiljyG3iC1oX8PQcMrMpJL1ZXPz+FvhG2COSsP4SmUU02m8AzUgErBaAJVW0jb5qpM2iwBsayuOv8dOUSxs2b3bhnDUhiogklNwK83J++kOGKxqlBkgijuB8aBhb4W3bVDcG4e9ph+xJlgFJcgCr+PkW28YbBxBUxwQAzg0DhqHTn56Qp0Gj7ja5wgNs4rvqwYxuB7RiQ5L6+e20HG0jMBiCPmm+VxqBukzTx+UEeLN84CtP4oIP4Hf0D3i0dxoBCrM6vJqfDwBrEo4dN7ydD3We503vT7dg9cC/u+DQnGh1BrnMLXrTn0pFkcNmhk+Y+fwDhniQEeeGCbUhUpC33UalRrwPFt9zVn2zkBPDJycqSopU1A4petfmIsXsnPy8cw6kqUhIWl8pKXtcBh9vF18cuB/8KLFdVSbROdV/VRVFWCxrqX6UKa2ShTKyp/WURGxrDvblcf728+9m+NTOB8WUZq1y0LmhLhRoFKKaBwCz0Dh3uAXi/fxF7Op7Sdn5XsEpUtEnOWAd0pBqWzafHWONWgoC/NVWymazrUqlnUo+1dNdBrb2l2TxaMRgUqBCyZaFVOa4ejkmr/N6GPnz2vlL4bjDLXLy5VlLhIS2Uttyb01dy03yuNQNIsBjhJxKwpiGIYgENaj9a+OsQ7iSxisOhSLgpIKWBcKBIoAW5HT4oZlQGFW5twCtRkFa2cafNu84glZFiQacyDCmSsTAlIuAlPwAFvJiephNwMjAyROUlfZ1KjWqqq6p+M5drN8xRGZjt00p9+sOSOFe1QVuHykm4LVbXw1LVraGSW4dh9ZcbL9PV3zbuKgHcQ0lIBIYUJFhoYclaqD6P7P/ANWCWBOweMMNh5CGD8fs7PxbHtz/AAjzMb5v8qfKI/Zsl6+Hzjb2Y1Py+sO1NmphVtW9OsOBsl06GckEMA4FaVqKxgoDnvAdWfxtEo4ZCsFIm8pE2YVtbzVPOpRdd4cAKiYQxqLJ1Gwjo43HmIhzA7h3B3AyGbXM3L5Rlxd6bwZ+Pw/6P7WTwzx+/HGGzqBiCB8SYbOsGIIK0NPxu7emXmBBEkQ9KvePR1S7r9Q6GUy7p6fKCJIwO4dwdwMul2HRXoYym46iNPfgyYNiYGS+xkDPAZCLppC2FbogICAPWxSVhXMAnyjyqYfOi7MBdSa9EHpiINxw4Kc6jUBV2pR3Y/DqLQ/BAmFITZgOdh1sXFr2iRqagiAtlJGpSIkvQBqVGsaV/VQKxVKpJmtaoApScETXOpOhVT/kq3s2Y/tErBKCUE0UAyXNjq1a7MYm/COzCMdLKlM4Qohxy2OtNXe1Q8Jpmo1giREyiPDQ2SpT70VSUNPWCgSgNFagTil4gE5KM55RKWFopABuEWfML2pXPCUrUxYOCos7c2pfQPydoj2L7MrkZ1BCqKNEgkCpsWdhoWHrD/LcOLzItKjItw8qNSs1ADUrNSnOxUblX1Ua8Xy0g0nws9OJGZMxJ6KSW8j0v8dYvis2FVkUCltVBrkN71d/1hyUN4bx7mcGOxpflGwIIDEVD3eBhl/QHeDYjMJ1N8rjUDdFkFmIN/lBCXTfJ41gzfP1/wBUEKlD8rjULRzGWVT8ymHp4anlyh24etSVgmlRem58LC2/SHqW08ui7YHZ2gLQzF/vEux7xfn3tOX1EWPwya6Uh7tTXawe/LfozkwO/oHvFoV2pkjEzBKAzJUACzqDNanhr1if8OmrwU6VPDuFJIo23w1p6Rodiormsi01RJiEzVKyNUrdzV+B7d9rhpsbzf8AiFwE8OTLxUkEELCzlBJ7qkq/Ld2ubX0j1h+H3FE8bwn7NiSCDLUkZyAGKSCanati5FIwr+FWxXi+CeMgaxaROA1UgI/Vqv8A6qKIqFQFPrUKbZ/OWtSqIkpDYbr7Slxa5fwk7Sqx2HRKXMFEJSylAWTlsdmI3EeVv+oTsSjhU5c6RL95S1gpSSA5fQXfw2vGVOB09ZXzEfwl1Ts7d19YfC555mOa1B05h2YgaR5PlKIlmWq4BG5oWdr7fWhJeyJNS9N1qWmXNRrs4us0W6GcJtMw2YeTCMy5ipKiRVqmuxf4aUp1iNz4jMC2tatzqVGuarvw0abumTIJgfMPGg8fvnDlL46pCchclimgOoIa2n20NItwGsjLd26fHX3ybuKADaOBUCXJDmtxrWJj+ILzItq308CrqCzx7A6WGem9POAEEgOK8xDm9RBB/S4q6h827/sqNz9+MdGRufvwijnxLvE/Nm9gLADwjZdvH5GH+lE2YFszLWF35eGy5sw3rJpU669If9DTqAt+bZ7P9lb9F3U2XO58zHNzufMxF2GYCYFvOQ9YSGXTZ4NiBzufMwm01Pxu7OmXmHA3PU+sYgtWGzsbEEGfSB1h1h5MQR9tlNx1HrBDzR5qA5t138bJ/gNrL43RcjRnbm4rEtYGRqBSVUiUTgFaqpfmhUgUrZZlUqjaqSqtfqX+cQfZF07BIcJYFaDTQc46Ny1OJ+AEE0rDdE81JVKFKAKjX3qbmoc6qw1+ulLI1UX7XFnQADh8wgB8l2rZOsOvC6zkv/k+cVvxdcBD1SpUy/pUar9Vf/UCLCrVg7uddYjoarVEnHzgS4CgwNWvZ4tfhJaVSgATan5VPaJ1obg3D3sm4iVEjKSlixYkbbG3Lew2kGHVLnJUkpQ7GpANuttjQfWpkQkB6pjI1i1DjAPYE0A1NY0QrKvdIzA1NYroErEQB05B2YrGHgTytGSzQ/ttaqpV2axhw2TMtRAKXdSizlyQ9XOr+Ad4rLtb2XVjVrmSxTvKOVLe65cZRUlVwzahjQvXBMO+jbe+ensuk1vpxsvEJGRi6UuxGzUNfO55iKwOFXhe6p+6WrW1OTvqxq/KFVtSv2YU4uGuNj13+zGwaYRl0L6V+PKIZg+emC3LVVEj0+ZUv1Ua5AFVtVFCASnsmlQKv1lqo1iJvVzI8CSZinJNFa/5jCuJQpvk8awbGPfOAP4RalX/AFjKbjqPWDVBo+4zPjJZKCauWDcmfa7fOHFMxIUgBqN0LgPVm+sO0np+OJ6t87J2BOE46W5UGb3mpyZnsDfk/KJxwOdlKSqgzD6kahuW9tod2B39A94tEZ8r2aSpQc1Yqq1bOf0L6xZMziiJq5aUtQJFKaBtNK89mNIdkDYqfNWLSbwA1EqE1Nedve5UVKw2SZqbbCVS1VlEjvtYg0g1Z9pZAxKZwUkKdCwHAUKpNQCGqfjc6RcHYrjHsDI7xSStALEh3UA1OTD4M8Ws+Emhyn42Yk8VDIszoaQsKirGSQE51r7AZ2VRSVB/WWFJqv09qztdoapuwU9fB+NJkTFrRnnqGULUARncAgFrgEDcJJ52H+LvAE8b4BMxMpImESAp8oUQQgPUgswceYe7cpJ8VVaZVaW81SGqu3tmMt+2xveODmhXCpE4NWWnvUOg1+RoXO8fMfHyjgeM4qQaELWGNGuLWo1NNOUItNeO8O5tIRG56n1hZLT0wLebe23qunxK2bEYYbQ3DKnzlWWg12/mAT2MQQa+JHb1gxBCZV+3tbLnc+Zgit9Dzj93wFk0Oq7Dr8jEx0yqLy2RaW28WXbNuvpIbpmnj8oRMsdvZ+DEc4aWGGpgZa59t1m7TPp3MQQQbgq56n1ggNiCCfo2zj+02WOx8jBBmhoON3Z0T8gyAXFDcaHeCJRLUqYJwyKjP0/nbSM9vRYAa94sujeXUlq006/oY1F+DmhUK1iyqY2mboglIMBkClBEBABimqioqNFWcO3TBMoczLE3P/1oiCF4CwK2r0rDigGtNvnF6YzKmslJVnupK/vX3rZ1h1DazqQRw+YCGOSxponeHThZAnoBIc5W53hgYslBLFvgFKf8S8KzU0G7Opqkyk2Cwbpgazl0XNVZf9unEhqg8tdWr1aLX4UCJTqDOlN6D3VOHbweJzbmoe0JzBmJ0vpS20K0zTIch35HqdKa7jXR4LtgYheFIyuzioFqjQeI+2HU4tM2WtKklTpUKioo1DsHqzOekVDShV6t1IqoSe6krVSqhXP/ACVqqtvZP/5aHpUap3Yksgemz+zWMViCkLLEgA/X46aX5032mwv7MFqAIBUoijMSojxHm3xhNjYozAshualqazUqlUalUP0qayHM6rX5sKTKjb/VqtTVRa80NKOJzPZgMQTsDuGb57sS28RXh5zqJNQHuz1ox33h/kJGXpsuKk2m8AAqKkqVFSVKSoQAM1FRTVJVbPu8pmABzWPun1MOBuep9YW6fT99s44EzEsCaJ0/zCMChB2gUGj7jJ8XLHs6fw7DQOfHTlXWAzO+GobdNtKu/hC2W08uL+J6BDqtaGYyU6idOn0Avd30B0ibcFmkJS5agqej67P6kwixZVWHomEy+UhcI5VFSWNQSxUATHKo1zSgCkAmACOXJqVSmIXXhe0O49K9lLUU1LMGpoHehNKWBNNatOuFoM6Yly5cMCWcv3Q+gpVgaVYtEtw/S+Aw6RiXh1gDzz5cgkslkuWPvvC88+8liopKnnnnhteeeErF4RERF4RGY2tXE2V7dSgU0ZQLiwIs/wARqb3i2eFIGEloUkpSEAEAMGCGISkCmlAGo28ahYt9PltCU1RJl/WqH5raFpUalMhnL7V6pC3n/tLMVwvtfg5cqiVT0OU1FVC7OAfG/lHoHs/xX/xB2OxvtwVKRJWkBQAPdCgzEAlyNh8Y4sySnPRTqYLlADwGJWWFhUZA+IC8BkVvCUmYPCAAAvSEJiAAAjMZBMG918Jne17KYGYk51GWizFTHLcBy9Xt5R8xu2OHVK7X41EwBLTFAkApQVd5ynMPdd2vSlY96an43dnTLzByCkgJcgUFyB6ww5FknKlRANwkn0EChw4vMtAyHbx5i2QQbEHoQYwUqF0qHUEeogthv97xbMawqMQQGIIrIQqOrbfQCv8AapVxLy7dcyX8Lt8N/lDovQ/H78YlHAzXKT3CVed3lr72M6d/gfpDet6VptzrVoi6mpx/6Bb26OL7tlgoyS5qbnU7xzgtTU5h/wBA1d93jPTsbDnc+ZghN/w//rNiCFvA6DRx1XSCWgd8wBspuOo9YINt3ghQIcBrMyKg6LNOu/V3duU3HUesES0b091W4CBp9FFRTzqbmprmkqKSq/PSlPaq19cmVYjvAdBQUegpT9LV1hZw6VlVYlnPI3OoA6WreOjeEsOS/Fdxb0qifepUVe1RrpN4qKrOyqNtPv01NRl/RG21nHh2GK8pLGofztUfUC7Q54iYlGUOxJbzP3uL1isyqw7NqqMreajXdzT19m/Wy3tAAmQQlgyRYNsHpCfDn/8AIydASC2msTHCvAathvCstszUgEAVbQqpJlOryEWqbE/vVfzK+UX1JAHD5JAY5HcbsKw/WGAsGjEJ7YYG4B8Iww2HkIrxHLAatMoVxHnYllUCBNQnIBS0aKpKQKRAf/auVwslvUEhaU8FxKZS02Ggem1tWLCzV3akI7YSfbSzlSHCSxAcjegrsW3A1pET4XRCtY1pgsAXnSqDKTNV6ccl4QB5er541QCAdfAADlBkQTxReABGQCaJ96QiDouzM/8AmchHe1rUg2BBfqPGpEVNIl+xWoVBKmZ2oHoRzp5WrE/s+JACQ2w9IcYJ0+n77ZYG4eCCbN2K/dnor/iY1k+997GFah+VxqFo3igGVQW+kSXDEixIZQZoZK6eFRreC8OAF4Cs2XwxTVQu2eykGCkVUWAMpDIYqm0LAHWAiA3jOvuNVCwWIBdjVmDgjmFAEdHvFgcCclD1sS/IkgjmFBJGzOKgRarA6fjd5dm2xoUUgqmpAAegYNcEafKLNkqUBLqaEG53i0WLTGmH6JUiqTakVpUVGpVkAbVVnWeda2qqe8SrW1M9puAGXxaVNWHPtApyxIdi7knRm2MWrge1H7BweaiWAAZRBCQAC4N6VY/ZjlwiIlD4siRGksK0Kv3ykqilGc3KxCH6rATdLDFZVil1UVTIgESVREYi4I3CICLswEJ+nvw/miTwuVLUvOBLSwVUOUBwEkt3TR+VtY8Wdv5iuNcZmzfZ+zV7VROVgWCyAXAD5gx3DsagxCOB4BgC1FKmIgJoVmk6r0ABUF8wskLLONTiCSkkOTYliHoXDDp8LiN+D4UBCXQlXdAfKDyezW1fesORXlOTa2KhLeajUqssuv08aGxwWao+8STsSbamvwD1HWG/j+FAJypCWcUAGxYfWtLQZoaC7y6g8R6xHQ0oiFEMSNi0Gaan43dnTLzAgg18SO3rBiCKg0NPZx3aw37QmDNftOXx/SHRdgPv7rD2oTzNtXFo/ao9A6JcdYNsJhJbveZcV125w3ruK+GutWhNoafjf2dMvMdo5x9sQQlUvOPQ93gxBCl6QOsOsPJsi46j1ggv8cYbOoG7ODYg+MDE2DxLEPObDXd5tsLjqI2ALihuNDvF48SCFYRZxoUqJngA5LQWKwjQqbP0RVMhKoWlXK5QCDwHtZxEB3kjMIeCIiAugDykZlqDAuWcCreHmb3GsPmFlBA/hcAuWdiKaWLGx2AfTXCNijrIyFN/RWdTW+w13bLb5a2mvBsMko71KP3mFSOer3YczpDdxCblmUJZwLuNLV/paois6x+bip/VVVfukGa+0QeUtqsDauvKFGGI/tGRUafOJ9QdP7EpXYlUqP8Aukp6NY7dljVJif3qv5lfKL8kkf2fJqPc+Qh1sRiE9iCIujknDBSQliomy3nXJU1NUt+tRUOVqVt059Kiqdnk22HnrRMSHJBNhz+HziM8XkmZLXmrehfegL3po/rFcsXikeUCMOIrPYAaFT8ela8uywqNH3XzIoQTpUVJFAlLtI4L7j7uQxSVKIHnHnnHgNz9514XRARtrs40+Ukn+BwCG0BFxR6X1brFScSQJU1waEuPgxYWodagkDrYX4kdvWDPkAsOgjwYjMI7N2K/dnor0jWT733sYUGjeKBZQarGngIkeHI3FVJasM5B5yjYvzL3VD9AJWFZVZYCqVX+MJf9NRepbpkG+vuM1Exq39IsLgNFJfanx9Yszgej7zQwllrVsQerPFlS/cT0ifsXuGSfUi2X9ZYevyo1VSVSpqa5JxUiBD2WQBsOSvzPPUuFmVRpMN82qvtfxMq4jKYEJCwHYkUIBqQ19dW5Ra/ZDswOOcLnFRcpQb00NW+Bp5xh3jYKSKcM8cXGiTycjTHgrq2J1IVOGjsaIl0qrBIm6WwBepdJ0yodPX1EaJJMvL85eo07hKndTTlGbnFNRcmiVCkpGvPsHOE/h0vIvMQkOEklqPUJJLHlHlT8UuEo7O8XmIDv7bKpwQHOU912BDEPl7ruD3swFMkcVF5aWlRaW4BYVZqKuu7Tbp4my/jc0inM20L7VrvvZo24LISqWggggpSaVehOm51ez7wpRCwGsjJKmX0VpCUg0durTtbPBJqiQDuK13Lk28NB1s29oZCU5nIFDejFqbbA2ht0Jrv6rbNl2qYab2nIqAdwIqdXvK/mPrAEqMPeeH79Gvft39U8xiP2qv8At/Z+LEEV4TdBnL/kFahezfDquw6/WHYcHpgZZtsKioNe/wALLgncxDau46fMw26an43dnTLzAjSB6QOsOsPJiCDbEEBiCA2qSXVU335mFwAYUFhoIkaHmA5t6x07g/HTrZwT7o8fUxskBxQXGg3jd74OZDgiYAmsWlHaaxpVJoqpjfkAlvZNA2TH5yiVKqIYXTyunIBmzvwoAqSSA5J2Om7a3q5cmsOs9wgcwLbV5C9y71JqRCiZYdWRkamRl71Na18LfENfQ0jmkpl90t3dKbbQwYn3/wDV80w2zOgzaa2+6jXx2ALIsSAcBPJAJyGprqoelI6YQn9vkV/Mn7+A8of0B8OrKCcFjP6VgtCs13VrD0p1ePULUuf8dO/ni/cN/gZXQRKVNcO4O9lsKYLNhVj0PpGRQg7ERBWMgeGBZCVUlqbw8CtVL+qYVpUCm4pNYqG+SdaiICAhk2RGpsorwHNFgho68Mk+3mAAWLE0NeQPqbs1aQwdpsSkySEgAZbhntex5tS/WAW4CXlpaVFpZgFVFRUVFRUVFX0QVFWaSr8t1mq2eESzJlh+6G0ttt0t5xSuMJmTjWoU93BcjrXba0OVnOO6bDoPSC3xI7esGIzCZT6fvsnngZVU/K/i5rHOXr4fOBQaPuNHMQA6qC6/WHWUS6Kn3hr/AJoamLuImaJM1ryix4IpL1fL501K/eqUE3FKoI0dCb0gCFiXTAhKUxEXhB0XhBq/x0s94kUKlGgd2oHpfKA/QizGLG4WsJyFwDrlLbMSaVyjnZgWrFl8D0feaFY2WXVRnc9HsBQOw03PVrJ4fMdCS7uLE8vtjFkMWnDasiQVWc6pU1Kd/vbo5q6d7VR2tkZpCzlDh2LVd7g66ny2rff4b49OHw8yQVMVghnapCj4+B2teMfvhdUcCJxxFSthwEasipCyFi+rPQbGZUCrhQaCAgI3kcLUvN2VlbzmIvWT/wDBTHJkKWibNK1BMxHs1kkISxUCCp0jOpSywFFAkklRMeaf+ofhM2ZjjiAlkrmJUFC6iVgEFhRgEgGruwYitCkrgI1b9q51u28dNjTfHTBMmzLF5ii3LMTY2el9rbRTs3LOHlSwt3CE3OyRYl/X6ltqqgrMyKi38LtodFu7SIMt4bJJKSAaM7UG/Ij9DrDD2wnBZIB3YJJq2vwF28oTcMoOA6huHeF+wAuaZigHQRVykKc01Oo36wZoafjf2dMvMcxjIrZvER9sR2ipFNQWcd+sN2wZgzfDquw6/WFvAv7vg2SCLgjrDau46fMwapvlcagYY7HyMasdj5GPpsRiPj0gdYdYeTYcbjzEbZF/wK/2n6QKan43dnTLzDYAmwJ6B4wx2PkYNfHDt6gbmm6uvzMLgQAASxYUN4epCamBkWlSJTfzqVRqVJVKyD+dSpNhKUr/AL9NZjo1BrcEKTlFRrqN43SlRIZJNRYE6x1EL0jT8JoSpaEybHNSVK0qgSobfmqlSqqb/wBlFU+5nnhVFI0b4UhzxAIlpowZOjUiubSKdWXSvd0rt9D5QwYiqi38XzTBKhoON/b0T8hRzwTw+cwJdBbnVUdMJ/j5J0zJrp5wpYt9BVsAYLFt9VQrSpUP7KKapts+quNFLKpjpz07+vhF+YUpOBksQaCxB9ImymuHcHey2FUFqfR0eLYVY9D6Rg0BOwMVein7SRshWmwGRUgSpVRUNZfSpqPqoQADb9BmkUxtnzOGoGeOyMoTpwzMwVrRjUah7fPetfcfxClhT1Afq7fSnmNaPWg0fca2ZksSZaMoegcJ0py0ezkgtakV2tlLNndwH/pr5wt0N4bx7mwLB7sHjtAprx3h3NmCE6m+VxqBk8+qVNXu6V1Mc5evh84i2LSjME3DdfqQt51Kkqa1UP8AWqqapSpTtz7VX5NHMRQqelV+sOcuyevziUUISYAik4lkUXCIlaASpUliwRnMStLFQlIiOsR0jOY72iWMlsFEDKKsGtby+j3ib8MmAKQKCgDPUNYCzXoOVIlHA6fjf59uyxoRjpblVGYE2ZncEeLAxZXDJhKE1AcinVvnT9YmOFRrk3EhAGWtVFXTWuabr/eumbVj2lkZ8JNISSzsQCfS1PhvFn9mcfMw3FsPJBZKyl2oA4b46VBBiAvhzoSVlDaAUbC0fmAvlVCxUheOS0VCnKwqNTXSGfECKeH9bQCWkGn8PMf+y4uagLykEhiwJLkM9xQudKAEOA3X8deDoxHC8NPCCpaignKCSASk1ADGwAq9XBFRGJxPT7rOJ26Lr+qwZ22qaZkwk6k1Ja/1teKK9gjDyAzghADWI7vQFj0oW0iJVueGCbWwAZfRRV1T8ONs44JLCkAlnDVNX/XyrFccfmKWs5klNdQW11LX8amDNCo7f+QGtm3r26regJgz+SBcgdSIifsXsH37rwpUNPd59Q+A9QhpbGdH8Sf9w+sYMmhpofyx6NlxuPMRx9kef+0/WK6UJH3hv8vO6bJPacvj+kOmQm6QfKCxPQGBl/z/AE7A3TCYW7Lhmx7Tl8f0g9n/AJR/8YGGFRgWGVmH29HjfxsZSsDKaDy5xqw2HlCbTVhtl2zs7fC7SzbNt4K+UbJAK0uAe8nTnE2GSOMDJNpXJzNQccae5o4qcc7ZjUkXI5W9dA8TqfhEqkpIlofKmyU/wgbP93hkmRGX8286/lr/ADvDpmHCVgyy7K7pqWo41Px8LMYiOLAw5UCAKkBwBqzB6Udz5dW3gX93wZLNuafmPhW33tDCUEzDzL/Fx4a8hSLe4hCHCJGONAItHABNipKqo1ioaXAE4VpQ1VhXOYDMMuclrLLZDPQLa6vaJqWzpdybf18GtpE04RJBQAEhmqSH0JBfQu2mpoCXje+PBr7SVb9FFXYa7pfVU7O5pxhqBLU7qfQn1rCfi4ATQAV0/lB9YhdpJJrLrXu610MRmVfxT6wRpvk8awbnhq4Sc9e6r/u+g8o6YX96Dq6a63EGsXvDqyhKVWc1KqKiV0hYlosRCSeu3mrp23tTPEGGPmt/E1P9NPX4xbXZ5RMhLqJ7puSdYnRuMP5Jc1Nzqd4L0+jo8WLxopRyqqfdOp2ioSbp8pIkR+W39aimFZVsKoVlOdbw/wAq6pX09e1pl2fwypa0kBiWLij6/M2f40rPjmJQoLAZ3N7lno3oOo1ESjQaPuNZSe7LSDUs3U/rEHLqUdC9dw1H6/fOFuhvDePc3OFsDDL+gO8Gwqx6H0ghOpvlcagbjLqhRN2NfONJV/FPqYguLDuBGgQtRbgPPAvIzoB6kEAEQdcQLxpGk1F4QsB15+F7rgCMgF58HRG2TRzizBQFnUkDrmf0HwhxQQAh9TTwJPoCYnzA6fjf59uyxmXGSzkcChD0+Ab5dTEk4dMGdPeqH1t/QP4Q/wDA6fTx13SGegN8gFoVjpRJVQOczUqHcbUp8TFkcOmkIQp9jdvXpR9bw5KGns47tYb9oTBoXxaTkwE6WpLlQUxIq56j6dIn3Z3iQVxGSstRSa7ANyb5bMQRF6o7w6HGzxS4gIkrErA2iBCoTRKiaiP8aaWdKVWgQEbLBXKVK3RAbwsGYC1GYLPwzixmkqQkzWOVRTmCixAZqKCiCC7hTEF2i8+N4NPaHhSJYCZhRKzAKSFsUsoFi4DEPSrgEVZ+QNH4bIZBgIFd+azYM6lMh5qNJgA11qneE7AGbXpJxScSJWXVKGtsn63pU86eWuOYGZg8YcwIZZcFqF7FiR5FnsWrCZGzAayWxVP+ipVp2jund1ynrayOA9xCSWq2t9m2rbxYPFb9spiDhksEglg4YEmlS2rne0Q5geHGBaZT1ar7NfVxeC/ixYOKOBbWl31q+gsIjvDWWAGFeT6Ej4H4CHtgVYVjm3Zd2ds59Oxo7IWrODmVQi5PM/KF+JwmYOEjV6DxduVrVfcwXyjMfo8Oof7rPPt1b/8AyH/2ht/ZDsPMfSI3+OHb1A23tOXx/SMeya6FDwVH4m//ABPNlMxyGGo1fXpGpQNiPP5wtqPmzo82eFe51A+UIXFnG14jb4/Z2fizZOokn/Kr0jeXWYgbrT6iL1onAqyLSot7Px472ha5hMw0rmOpahbS3i/KsXFhcMmZh0ki0tNTyTUl9j1ivBzQe0hr9qmvaN3TqEekGmnBln2bOaJLitafEsYqjtb/AHOIKUV76Q6a/msQNLPZugiNzLnJ7p723m38Veohv9m+SlSB40Hprr8I1o+BzSxeZRsiotp/NWC1VdMU4hFPSOYoWGt+k3Ztf+9Ds4Uk+Dj6Vib8GlpEsuLILcgRSo3rGh0SMOrJbKoyAPes5W2gVZp6r98562nOGsn+VP8AxMM3GKgtXvG38oGnlEf03yeNYNJJJHs7/l+v1HnEYlX6EP4O/lBVueHIGEnOW7qr0/ijphqTA9KpvyIfyg3Aenzavy0bMlY0r8f+9VUxYv0/P8d/W1M8RBGPmkhhmuf9MWz2drJDV7v6+kTq3GH9Vz1PrBamprc5ddsuizi4Lb9k1Ukf5h6xzmUQs7IV6GKdYvmcoSoBSegTNV+VGsUzW2czWKZsbRBNZDOX86rOwLGtTg+GSkIYXANmuLnWp3ctuHikuKYhSlrA/jWAwIpmOjancUqTE7NJJpygN5enTa3IbhuwySskmhqXI60+fQPHzQ0/FnAz0aB0S06wpgzTU9vHdqDftGYthVj0PpBCdTfK41A3GXRBBoWNDTeNJRD31HwJfy1iCTKRlH5KlvupKoBfqo1+1VUbFKTSuj6DKl/b0XtHeK1VStU2r+Z/SHFHuj71MTZQ093n1D4D1CGlkuKQMlgO7R+QqTs7esOXD5hExJNKi96Gm2/w2h7F2HTHd1+em/XZe0Nxcp5jAN3qFtK3B1LC/KLG4dNJQACGbTn87dOsOShp+LOBno0DolphvaaV7OaJQsQLObir1pp6aUnfBpIkSfbhQJHevW+lX301JpF/MVdVezZqm/6KmtalX2Ua86/79/e+4GoPt7KPDky5ssZVGYh2H+dOxNSDYt13v/8ADXH/ANoqmSJxBCZawMz/AMCmvS7Gng0YAY+8DwgpjZxSeLMBAEvFT/H4gQCwrDLw1NAXxWIA466AJyKxWqgydAXnkmk1WhH37wnYXZTFHEjDqJCnQkKqCxCU1IADBQIAckqIWTFQ/iVgU4PFziEED2ilAtQ5lKcAkkli5YhKQClKXYtQGKlB7SafmqVb9f46tN1jXhgQEy0ZasUksHq9mD/0aPMvaubmQAXYF6dXrXdvhWIuwzDry3d+Epjv7WV8WfLrQJ/41+J8HaEHBFOpOYj3gPg1/L5Q5CLy8GjcksrTx6GJycOlUujFwXIPKmoHTRt4bdX7e1u/tTz/ANx+kN/7IPsJhgj70/8AeBlcr8vj84Zpl1dPlBkhuHePe3eXZPX5w3zLq6fKFpU82dP/AIWfVe4nw9DDSPf8VfOI3obg3D3s2z/cP8q/SFEv95L/AJ0/8hGgqDuKuj/7QaB/+t/q+UXZgv8A+OP/AOpHpFXVH84zT7WNe8GnvBP3SunzEUz2j/xy+sNI3u6fEG6z/eV/N8jGifelfegjYv4Fb5y4yf6qwB/e0bWZl/vk9UeoiacH/dH+X/ti2ik+cZt9qGn72Fp/h/cl/wAvyMMHEbK6q9TDSprh3B3s+yreCfQxGvz/AOn5wWbmP8OvoqNUfvR/MfnBqA3OMff9NRT/APj5BFqh4x/jFfz/ADi4eyvueC4n5kqbDoPSHxVz1PrDaV/zJVX6rGv7pOG6S/3kv+dP/IRynfupv/61/wDExXiD38W8Kv8ARSgf+Eyprg4T7sv+Qf8ACKMx/wC9mfzr/wD9DEgU+n77O06x6D1jlhtPv+KDVD8rjULYjpApvlcagbCrHofSCEum+TxrBuCvcP8Aq9BCZFz/AD/MRC5R/wCkbFL/AEMwD/4rxgmjuO/enw/7ocJXyT/zMTM3LEe4eh+UO2G99HQfKHgWfyuNbRXEe+ep+UT7hXuJ6j/uh3UPyuNQtCe0P+KT0+QixOGf4RfQf8lxbTFV/jHNv1VNf3oUNRH4m/4dH8yP+cXd+FH+JX/If+AikPwxf8YmKz+oeMh/xXi0tIuwP7pH/wDX/wATEM/F3/Ej+Wd6ojEGLXOJV+q4dwt6G4LaX4f8RHkjtR7iuoiAjnnMp3B4Mq4x7g+9IbuDe8nw9DEkJy7o8QaLIuenzEWLh/3I/kHoY/G6xwj/2Q==	2026-03-05 17:04:07.033691
\.


--
-- Name: asset_events_id_seq; Type: SEQUENCE SET; Schema: public; Owner: shayanfahimi
--

SELECT pg_catalog.setval('public.asset_events_id_seq', 18, true);


--
-- Name: assets_id_seq; Type: SEQUENCE SET; Schema: public; Owner: shayanfahimi
--

SELECT pg_catalog.setval('public.assets_id_seq', 16, true);


--
-- Name: department_field_definitions_id_seq; Type: SEQUENCE SET; Schema: public; Owner: shayanfahimi
--

SELECT pg_catalog.setval('public.department_field_definitions_id_seq', 171, true);


--
-- Name: departments_id_seq; Type: SEQUENCE SET; Schema: public; Owner: shayanfahimi
--

SELECT pg_catalog.setval('public.departments_id_seq', 10, true);


--
-- Name: role_types_id_seq; Type: SEQUENCE SET; Schema: public; Owner: shayanfahimi
--

SELECT pg_catalog.setval('public.role_types_id_seq', 6, true);


--
-- Name: tenants_id_seq; Type: SEQUENCE SET; Schema: public; Owner: shayanfahimi
--

SELECT pg_catalog.setval('public.tenants_id_seq', 2, true);


--
-- Name: users_id_seq; Type: SEQUENCE SET; Schema: public; Owner: shayanfahimi
--

SELECT pg_catalog.setval('public.users_id_seq', 5, true);


--
-- Name: asset_events asset_events_pkey; Type: CONSTRAINT; Schema: public; Owner: shayanfahimi
--

ALTER TABLE ONLY public.asset_events
    ADD CONSTRAINT asset_events_pkey PRIMARY KEY (id);


--
-- Name: assets assets_pkey; Type: CONSTRAINT; Schema: public; Owner: shayanfahimi
--

ALTER TABLE ONLY public.assets
    ADD CONSTRAINT assets_pkey PRIMARY KEY (id);


--
-- Name: department_field_definitions department_field_definitions_pkey; Type: CONSTRAINT; Schema: public; Owner: shayanfahimi
--

ALTER TABLE ONLY public.department_field_definitions
    ADD CONSTRAINT department_field_definitions_pkey PRIMARY KEY (id);


--
-- Name: departments departments_pkey; Type: CONSTRAINT; Schema: public; Owner: shayanfahimi
--

ALTER TABLE ONLY public.departments
    ADD CONSTRAINT departments_pkey PRIMARY KEY (id);


--
-- Name: role_types role_types_pkey; Type: CONSTRAINT; Schema: public; Owner: shayanfahimi
--

ALTER TABLE ONLY public.role_types
    ADD CONSTRAINT role_types_pkey PRIMARY KEY (id);


--
-- Name: tenants tenants_code_key; Type: CONSTRAINT; Schema: public; Owner: shayanfahimi
--

ALTER TABLE ONLY public.tenants
    ADD CONSTRAINT tenants_code_key UNIQUE (code);


--
-- Name: tenants tenants_name_key; Type: CONSTRAINT; Schema: public; Owner: shayanfahimi
--

ALTER TABLE ONLY public.tenants
    ADD CONSTRAINT tenants_name_key UNIQUE (name);


--
-- Name: tenants tenants_pkey; Type: CONSTRAINT; Schema: public; Owner: shayanfahimi
--

ALTER TABLE ONLY public.tenants
    ADD CONSTRAINT tenants_pkey PRIMARY KEY (id);


--
-- Name: users users_pkey; Type: CONSTRAINT; Schema: public; Owner: shayanfahimi
--

ALTER TABLE ONLY public.users
    ADD CONSTRAINT users_pkey PRIMARY KEY (id);


--
-- Name: ix_asset_attributes_gin; Type: INDEX; Schema: public; Owner: shayanfahimi
--

CREATE INDEX ix_asset_attributes_gin ON public.assets USING gin (attributes);


--
-- Name: ix_asset_events_asset_id; Type: INDEX; Schema: public; Owner: shayanfahimi
--

CREATE INDEX ix_asset_events_asset_id ON public.asset_events USING btree (asset_id);


--
-- Name: ix_asset_events_tenant_id; Type: INDEX; Schema: public; Owner: shayanfahimi
--

CREATE INDEX ix_asset_events_tenant_id ON public.asset_events USING btree (tenant_id);


--
-- Name: ix_assets_asset_token; Type: INDEX; Schema: public; Owner: shayanfahimi
--

CREATE UNIQUE INDEX ix_assets_asset_token ON public.assets USING btree (asset_token);


--
-- Name: ix_assets_city; Type: INDEX; Schema: public; Owner: shayanfahimi
--

CREATE INDEX ix_assets_city ON public.assets USING btree (city);


--
-- Name: ix_assets_department_id; Type: INDEX; Schema: public; Owner: shayanfahimi
--

CREATE INDEX ix_assets_department_id ON public.assets USING btree (department_id);


--
-- Name: ix_assets_id; Type: INDEX; Schema: public; Owner: shayanfahimi
--

CREATE INDEX ix_assets_id ON public.assets USING btree (id);


--
-- Name: ix_assets_is_deleted; Type: INDEX; Schema: public; Owner: shayanfahimi
--

CREATE INDEX ix_assets_is_deleted ON public.assets USING btree (is_deleted);


--
-- Name: ix_assets_serial_number; Type: INDEX; Schema: public; Owner: shayanfahimi
--

CREATE INDEX ix_assets_serial_number ON public.assets USING btree (serial_number);


--
-- Name: ix_assets_tenant_id; Type: INDEX; Schema: public; Owner: shayanfahimi
--

CREATE INDEX ix_assets_tenant_id ON public.assets USING btree (tenant_id);


--
-- Name: ix_department_field_definitions_department_id; Type: INDEX; Schema: public; Owner: shayanfahimi
--

CREATE INDEX ix_department_field_definitions_department_id ON public.department_field_definitions USING btree (department_id);


--
-- Name: ix_department_field_definitions_id; Type: INDEX; Schema: public; Owner: shayanfahimi
--

CREATE INDEX ix_department_field_definitions_id ON public.department_field_definitions USING btree (id);


--
-- Name: ix_departments_id; Type: INDEX; Schema: public; Owner: shayanfahimi
--

CREATE INDEX ix_departments_id ON public.departments USING btree (id);


--
-- Name: ix_departments_tenant_id; Type: INDEX; Schema: public; Owner: shayanfahimi
--

CREATE INDEX ix_departments_tenant_id ON public.departments USING btree (tenant_id);


--
-- Name: ix_role_types_id; Type: INDEX; Schema: public; Owner: shayanfahimi
--

CREATE INDEX ix_role_types_id ON public.role_types USING btree (id);


--
-- Name: ix_role_types_tenant_id; Type: INDEX; Schema: public; Owner: shayanfahimi
--

CREATE INDEX ix_role_types_tenant_id ON public.role_types USING btree (tenant_id);


--
-- Name: ix_tenants_id; Type: INDEX; Schema: public; Owner: shayanfahimi
--

CREATE INDEX ix_tenants_id ON public.tenants USING btree (id);


--
-- Name: ix_users_email; Type: INDEX; Schema: public; Owner: shayanfahimi
--

CREATE UNIQUE INDEX ix_users_email ON public.users USING btree (email);


--
-- Name: ix_users_id; Type: INDEX; Schema: public; Owner: shayanfahimi
--

CREATE INDEX ix_users_id ON public.users USING btree (id);


--
-- Name: ix_users_role_type_id; Type: INDEX; Schema: public; Owner: shayanfahimi
--

CREATE INDEX ix_users_role_type_id ON public.users USING btree (role_type_id);


--
-- Name: ix_users_tenant_id; Type: INDEX; Schema: public; Owner: shayanfahimi
--

CREATE INDEX ix_users_tenant_id ON public.users USING btree (tenant_id);


--
-- Name: ix_users_username; Type: INDEX; Schema: public; Owner: shayanfahimi
--

CREATE UNIQUE INDEX ix_users_username ON public.users USING btree (username);


--
-- Name: asset_events asset_events_asset_id_fkey; Type: FK CONSTRAINT; Schema: public; Owner: shayanfahimi
--

ALTER TABLE ONLY public.asset_events
    ADD CONSTRAINT asset_events_asset_id_fkey FOREIGN KEY (asset_id) REFERENCES public.assets(id);


--
-- Name: asset_events asset_events_tenant_id_fkey; Type: FK CONSTRAINT; Schema: public; Owner: shayanfahimi
--

ALTER TABLE ONLY public.asset_events
    ADD CONSTRAINT asset_events_tenant_id_fkey FOREIGN KEY (tenant_id) REFERENCES public.tenants(id);


--
-- Name: assets assets_department_id_fkey; Type: FK CONSTRAINT; Schema: public; Owner: shayanfahimi
--

ALTER TABLE ONLY public.assets
    ADD CONSTRAINT assets_department_id_fkey FOREIGN KEY (department_id) REFERENCES public.departments(id);


--
-- Name: assets assets_tenant_id_fkey; Type: FK CONSTRAINT; Schema: public; Owner: shayanfahimi
--

ALTER TABLE ONLY public.assets
    ADD CONSTRAINT assets_tenant_id_fkey FOREIGN KEY (tenant_id) REFERENCES public.tenants(id);


--
-- Name: department_field_definitions department_field_definitions_department_id_fkey; Type: FK CONSTRAINT; Schema: public; Owner: shayanfahimi
--

ALTER TABLE ONLY public.department_field_definitions
    ADD CONSTRAINT department_field_definitions_department_id_fkey FOREIGN KEY (department_id) REFERENCES public.departments(id);


--
-- Name: departments departments_tenant_id_fkey; Type: FK CONSTRAINT; Schema: public; Owner: shayanfahimi
--

ALTER TABLE ONLY public.departments
    ADD CONSTRAINT departments_tenant_id_fkey FOREIGN KEY (tenant_id) REFERENCES public.tenants(id);


--
-- Name: role_types role_types_tenant_id_fkey; Type: FK CONSTRAINT; Schema: public; Owner: shayanfahimi
--

ALTER TABLE ONLY public.role_types
    ADD CONSTRAINT role_types_tenant_id_fkey FOREIGN KEY (tenant_id) REFERENCES public.tenants(id);


--
-- Name: users users_role_type_id_fkey; Type: FK CONSTRAINT; Schema: public; Owner: shayanfahimi
--

ALTER TABLE ONLY public.users
    ADD CONSTRAINT users_role_type_id_fkey FOREIGN KEY (role_type_id) REFERENCES public.role_types(id);


--
-- Name: users users_tenant_id_fkey; Type: FK CONSTRAINT; Schema: public; Owner: shayanfahimi
--

ALTER TABLE ONLY public.users
    ADD CONSTRAINT users_tenant_id_fkey FOREIGN KEY (tenant_id) REFERENCES public.tenants(id);


--
-- Name: SCHEMA public; Type: ACL; Schema: -; Owner: shayanfahimi
--

REVOKE USAGE ON SCHEMA public FROM PUBLIC;


--
-- PostgreSQL database dump complete
--

\unrestrict vdhDRKz0uQ4X1Q3TCYhRglmuYgl8jcKc55VpK6S3SLfM9l3jBMBwrxdLcqGOV09

